2026-06-30 16:32:39 [background-preinit] INFO  o.h.validator.internal.util.Version - HV000001: Hibernate Validator 8.0.3.Final
2026-06-30 16:32:39 [restartedMain] INFO  c.e.t.TiendaTechApplication - Starting TiendaTechApplication using Java 24.0.2 with PID 22880 (D:\Programas\Cybersecurity\Tienda_Tech\target\classes started by usuario in D:\Programas\Cybersecurity\Tienda_Tech)
2026-06-30 16:32:39 [restartedMain] INFO  c.e.t.TiendaTechApplication - No active profile set, falling back to 1 default profile: "default"
2026-06-30 16:32:39 [restartedMain] INFO  o.s.b.d.e.DevToolsPropertyDefaultsPostProcessor - Devtools property defaults active! Set 'spring.devtools.add-properties' to 'false' to disable
2026-06-30 16:32:39 [restartedMain] INFO  o.s.b.d.e.DevToolsPropertyDefaultsPostProcessor - For additional web related logging consider setting the 'logging.level.web' property to 'DEBUG'
2026-06-30 16:32:41 [restartedMain] INFO  o.s.d.r.c.RepositoryConfigurationDelegate - Bootstrapping Spring Data JPA repositories in DEFAULT mode.
2026-06-30 16:32:41 [restartedMain] INFO  o.s.d.r.c.RepositoryConfigurationDelegate - Finished Spring Data repository scanning in 71 ms. Found 17 JPA repository interfaces.
2026-06-30 16:32:41 [restartedMain] INFO  o.s.b.w.e.tomcat.TomcatWebServer - Tomcat initialized with port 8080 (http)
2026-06-30 16:32:41 [restartedMain] INFO  o.a.coyote.http11.Http11NioProtocol - Initializing ProtocolHandler ["http-nio-8080"]
2026-06-30 16:32:41 [restartedMain] INFO  o.a.catalina.core.StandardService - Starting service [Tomcat]
2026-06-30 16:32:41 [restartedMain] INFO  o.a.catalina.core.StandardEngine - Starting Servlet engine: [Apache Tomcat/10.1.44]
2026-06-30 16:32:41 [restartedMain] INFO  o.a.c.c.C.[Tomcat].[localhost].[/] - Initializing Spring embedded WebApplicationContext
2026-06-30 16:32:41 [restartedMain] INFO  o.s.b.w.s.c.ServletWebServerApplicationContext - Root WebApplicationContext: initialization completed in 2240 ms
2026-06-30 16:32:41 [restartedMain] INFO  o.h.jpa.internal.util.LogHelper - HHH000204: Processing PersistenceUnitInfo [name: default]
2026-06-30 16:32:41 [restartedMain] INFO  org.hibernate.Version - HHH000412: Hibernate ORM core version 6.6.26.Final
2026-06-30 16:32:41 [restartedMain] INFO  o.h.c.i.RegionFactoryInitiator - HHH000026: Second-level cache disabled
2026-06-30 16:32:42 [restartedMain] INFO  o.s.o.j.p.SpringPersistenceUnitInfo - No LoadTimeWeaver setup: ignoring JPA class transformer
2026-06-30 16:32:42 [restartedMain] INFO  com.zaxxer.hikari.HikariDataSource - HikariPool-1 - Starting...
2026-06-30 16:32:42 [restartedMain] INFO  com.zaxxer.hikari.pool.HikariPool - HikariPool-1 - Added connection org.postgresql.jdbc.PgConnection@7146bc20
2026-06-30 16:32:42 [restartedMain] INFO  com.zaxxer.hikari.HikariDataSource - HikariPool-1 - Start completed.
2026-06-30 16:32:42 [restartedMain] INFO  o.hibernate.orm.connections.pooling - HHH10001005: Database info:
	Database JDBC URL [Connecting through datasource 'HikariDataSource (HikariPool-1)']
	Database driver: undefined/unknown
	Database version: 18.1
	Autocommit mode: undefined/unknown
	Isolation level: undefined/unknown
	Minimum pool size: undefined/unknown
	Maximum pool size: undefined/unknown
2026-06-30 16:32:43 [restartedMain] INFO  o.h.e.t.j.p.i.JtaPlatformInitiator - HHH000489: No JTA platform available (set 'hibernate.transaction.jta.platform' to enable JTA platform integration)
2026-06-30 16:32:43 [restartedMain] INFO  o.s.o.j.LocalContainerEntityManagerFactoryBean - Initialized JPA EntityManagerFactory for persistence unit 'default'
2026-06-30 16:32:43 [restartedMain] INFO  o.s.d.j.r.query.QueryEnhancerFactory - Hibernate is in classpath; If applicable, HQL parser will be used.
2026-06-30 16:32:43 [restartedMain] INFO  c.e.tienda_tech.security.JwtConfig - JWT secret cargada (88 chars).
2026-06-30 16:32:44 [restartedMain] WARN  o.s.b.a.o.j.JpaBaseConfiguration$JpaWebConfiguration - spring.jpa.open-in-view is enabled by default. Therefore, database queries may be performed during view rendering. Explicitly configure spring.jpa.open-in-view to disable this warning
2026-06-30 16:32:44 [restartedMain] INFO  o.s.b.a.w.s.WelcomePageHandlerMapping - Adding welcome page: class path resource [static/index.html]
2026-06-30 16:32:44 [restartedMain] TRACE o.s.w.s.m.m.a.RequestMappingHandlerMapping - 
	c.e.t.c.AlmacenamientoController:
	{POST [/api/productos/almacenamientos]}: crear(AlmacenamientoCreateRequest)
2026-06-30 16:32:44 [restartedMain] TRACE o.s.w.s.m.m.a.RequestMappingHandlerMapping - 
	c.e.t.c.a.AuditoriaController:
	{GET [/api/auditorias/usuarios]}: listarUsuarios()
	{GET [/api/auditorias/movimientos]}: movimientos(String,Integer,LocalDate,LocalDate)
	{GET [/api/auditorias/productos]}: productos(String,Integer,LocalDate,LocalDate)
	{GET [/api/auditorias/usuario]}: porUsuario(String,LocalDate,LocalDate)
2026-06-30 16:32:44 [restartedMain] TRACE o.s.w.s.m.m.a.RequestMappingHandlerMapping - 
	c.e.t.c.a.AuditoriaLoginController:
	{GET [/api/auditoria/usuariosL]}: usuariosAuditoria()
	{GET [/api/auditoria/logins]}: logins(String,LocalDate,LocalDate)
2026-06-30 16:32:44 [restartedMain] TRACE o.s.w.s.m.m.a.RequestMappingHandlerMapping - 
	c.e.t.c.a.AuthController:
	{POST [/auth/refresh]}: refresh(String,HttpServletResponse)
	{POST [/auth/login]}: login(Map,HttpServletResponse)
	{POST [/auth/logout]}: logout(String,HttpServletResponse)
	{POST [/auth/keepalive]}: keepalive(String,HttpServletResponse)
2026-06-30 16:32:44 [restartedMain] TRACE o.s.w.s.m.m.a.RequestMappingHandlerMapping - 
	c.e.t.c.AvatarController:
	{DELETE [/api/usuarios/{id}/avatar]}: removeAvatar(Integer)
	{POST [/api/usuarios/{id}/avatar], consumes [multipart/form-data]}: uploadAvatar(Integer,MultipartFile)
2026-06-30 16:32:44 [restartedMain] TRACE o.s.w.s.m.m.a.RequestMappingHandlerMapping - 
	c.e.t.c.BusquedaController:
	{GET [/api/busqueda/categoria/{categoriaId}]}: porCategoria(Integer,Integer)
2026-06-30 16:32:44 [restartedMain] TRACE o.s.w.s.m.m.a.RequestMappingHandlerMapping - 
	c.e.t.c.CarritoController:
	{DELETE [/api/carrito/items/{productoId}]}: remove(Integer,Integer)
	{GET [/api/carrito/items]}: list(Integer)
	{PATCH [/api/carrito/items/{productoId}]}: setQty(Integer,Integer,Map)
	{POST [/api/carrito/agregar]}: addItemAlias(Integer,CarritoAddReq)
	{GET [/api/carrito/resumen]}: summary(Integer)
	{POST [/api/carrito/items]}: addItem(Integer,CarritoAddReq)
2026-06-30 16:32:44 [restartedMain] TRACE o.s.w.s.m.m.a.RequestMappingHandlerMapping - 
	c.e.t.c.CategoriaController:
	{GET [/api/categorias]}: listar()
2026-06-30 16:32:44 [restartedMain] TRACE o.s.w.s.m.m.a.RequestMappingHandlerMapping - 
	c.e.t.c.CiudadController:
	{PUT [/api/ciudades/{id}]}: actualizar(Short,CiudadDTO)
	{DELETE [/api/ciudades/{id}]}: eliminar(Short)
	{GET [/api/ciudades]}: listar()
	{POST [/api/ciudades]}: crear(CiudadDTO)
2026-06-30 16:32:44 [restartedMain] TRACE o.s.w.s.m.m.a.RequestMappingHandlerMapping - 
	c.e.t.c.DireccionController:
	{PUT [/api/usuarios/{usuarioId}/direcciones/{direccionId}], consumes [application/json]}: actualizar(Integer,Short,DireccionDTO)
	{DELETE [/api/usuarios/{usuarioId}/direcciones/{direccionId}]}: eliminar(Integer,Short)
	{GET [/api/usuarios/{usuarioId}/direcciones]}: listar(Integer,String)
	{POST [/api/usuarios/{usuarioId}/direcciones], consumes [application/json]}: crear(Integer,DireccionDTO)
2026-06-30 16:32:44 [restartedMain] TRACE o.s.w.s.m.m.a.RequestMappingHandlerMapping - 
	c.e.t.c.EncuestaAdminController:
	{GET [/api/encuesta]}: get()
	{PUT [/api/encuesta]}: update(EncuestaUpdate)
	{DELETE [/api/encuesta/preguntas/{key}]}: deletePregunta(String)
	{POST [/api/encuesta/preguntas]}: upsertPregunta(PreguntaUpsert)
	{POST [/api/encuesta/opciones]}: upsertOpcion(OpcionUpsert)
	{DELETE [/api/encuesta/opciones/{key}/{valor}]}: deleteOpcion(String,String)
	{POST [/api/encuesta/reglas]}: upsertRegla(ReglaUpsert)
	{DELETE [/api/encuesta/reglas/{key}/{valor}/{categoria}]}: deleteRegla(String,String,String)
2026-06-30 16:32:44 [restartedMain] TRACE o.s.w.s.m.m.a.RequestMappingHandlerMapping - 
	c.e.t.c.FacturaController:
	{GET [/api/facturas/{id}]}: get(Integer)
	{GET [/api/facturas/{id}/pdf], produces [application/pdf]}: pdf(Integer)
2026-06-30 16:32:44 [restartedMain] TRACE o.s.w.s.m.m.a.RequestMappingHandlerMapping - 
	c.e.t.c.FaviconController:
	{ [/favicon.ico]}: favicon()
2026-06-30 16:32:44 [restartedMain] TRACE o.s.w.s.m.m.a.RequestMappingHandlerMapping - 
	c.e.t.c.GaleriaBatchFlagsController:
	{PATCH [/api/galeria/flags]}: flags(List)
2026-06-30 16:32:44 [restartedMain] TRACE o.s.w.s.m.m.a.RequestMappingHandlerMapping - 
	c.e.t.c.GaleriaCompatController:
	{HEAD [/api/galeria/{galeriaId}/contenido]}: headLegacy(Integer)
	{GET [/api/galeria/{galeriaId}/contenido]}: contenidoLegacy(Integer)
2026-06-30 16:32:44 [restartedMain] TRACE o.s.w.s.m.m.a.RequestMappingHandlerMapping - 
	c.e.t.c.GaleriaCompatProductosV2Controller:
	{POST [/api/productos/{productoId}/galeria/reordenar]}: reordenar(int,ReordenarVistaReq)
	{POST [/api/productos/{productoId}/galeria/{galeriaId}/portada]}: portada(int,int)
	{GET [/api/productos/{productoId}/galeria/lista]}: listar(int,String)
	{POST [/api/productos/{productoId}/galeria], consumes [application/json]}: subirJson(int,List)
2026-06-30 16:32:44 [restartedMain] TRACE o.s.w.s.m.m.a.RequestMappingHandlerMapping - 
	c.e.t.c.GaleriaImageController:
	{GET [/api/galeria/img/{galeriaId}]}: img(int)
2026-06-30 16:32:44 [restartedMain] TRACE o.s.w.s.m.m.a.RequestMappingHandlerMapping - 
	c.e.t.c.GaleriaMediaController:
	{GET [/api/galeria/{galeriaId}/media]}: media(int)
2026-06-30 16:32:44 [restartedMain] TRACE o.s.w.s.m.m.a.RequestMappingHandlerMapping - 
	c.e.t.c.GaleriaMenuController:
	{GET [/api/galeria/api/galeria-menu/{id}/contenido]}: contenidoMenu(Long)
2026-06-30 16:32:44 [restartedMain] TRACE o.s.w.s.m.m.a.RequestMappingHandlerMapping - 
	c.e.t.c.GaleriaV2Controller:
	{PATCH [/api/galeria_v2/{galeriaId}/flags]}: flags(Integer,FlagsDto)
	{PUT [/api/galeria_v2/{productoId}/reordenar]}: reordenar(Integer,String,ReordenarReq)
	{PUT [/api/galeria_v2/{galeriaId}/portada]}: portada(Integer,PortadaReq)
	{DELETE [/api/galeria_v2/{galeriaId}]}: eliminar(Integer)
	{GET [/api/galeria_v2/producto/{productoId}]}: listar(Integer,String)
	{HEAD [/api/galeria_v2/img/{galeriaId}]}: headImagen(Integer)
	{GET [/api/galeria_v2/img/{galeriaId}]}: obtenerImagen(Integer)
	{POST [/api/galeria_v2], consumes [multipart/form-data]}: agregar(Integer,MultipartFile,String,Boolean,Boolean,Boolean,Integer,Integer,Integer,Integer)
2026-06-30 16:32:44 [restartedMain] TRACE o.s.w.s.m.m.a.RequestMappingHandlerMapping - 
	c.e.t.c.HomeController:
	{GET [/api/productos/recientes-menu], produces [application/json]}: recientesMenu(int)
2026-06-30 16:32:44 [restartedMain] TRACE o.s.w.s.m.m.a.RequestMappingHandlerMapping - 
	c.e.t.c.LoginController:
	{POST [/api/login]}: login(Map)
	{POST [/api/login/mfa]}: verificarMfa(Map)
2026-06-30 16:32:44 [restartedMain] TRACE o.s.w.s.m.m.a.RequestMappingHandlerMapping - 
	c.e.t.c.MetodoPagoController:
	{DELETE [/api/mis-metodos-pago/{metodoId}]}: eliminar(Integer,HttpServletRequest)
	{GET [/api/mis-metodos-pago]}: listar(HttpServletRequest)
	{GET [/api/tipo_metodopago]}: tipos()
	{POST [/api/mis-metodos-pago]}: crear(MetodoPagoDTO,HttpServletRequest)
2026-06-30 16:32:44 [restartedMain] TRACE o.s.w.s.m.m.a.RequestMappingHandlerMapping - 
	c.e.t.c.MovimientoInventarioController:
	{GET [/api/movimientos]}: listar()
2026-06-30 16:32:44 [restartedMain] TRACE o.s.w.s.m.m.a.RequestMappingHandlerMapping - 
	c.e.t.c.OtpController:
	{POST [/api/otp]}: manejar(Map)
	{POST [/api/otp/recuperar-password]}: recuperarPassword(Map)
2026-06-30 16:32:44 [restartedMain] TRACE o.s.w.s.m.m.a.RequestMappingHandlerMapping - 
	c.e.t.c.PaypalController:
	{POST [/api/pagos/paypal/capture]}: captureBody(Integer,CaptureReq)
	{POST [/api/pagos/paypal/create-order]}: createOrder(Integer)
	{POST [/api/pagos/paypal/capture/{orderId}]}: capturePath(Integer,String,CaptureReq)
2026-06-30 16:32:44 [restartedMain] TRACE o.s.w.s.m.m.a.RequestMappingHandlerMapping - 
	c.e.t.c.ProductoBusquedaController:
	{POST [/api/productos/buscar]}: buscar(Map)
2026-06-30 16:32:44 [restartedMain] TRACE o.s.w.s.m.m.a.RequestMappingHandlerMapping - 
	c.e.t.c.ProductoController:
	{GET [/api/productos]}: listar(Pageable)
	{GET [/api/productos/mas-vendidos]}: masVendidos(int)
2026-06-30 16:32:44 [restartedMain] TRACE o.s.w.s.m.m.a.RequestMappingHandlerMapping - 
	c.e.t.c.ProductoQueryController:
	{GET [/api/productos/por-categoria]}: porCategoria(Integer,Integer)
	{GET [/api/productos/{id}]}: detalle(Integer,Integer)
2026-06-30 16:32:44 [restartedMain] TRACE o.s.w.s.m.m.a.RequestMappingHandlerMapping - 
	c.e.t.c.ProductoSpController:
	{GET [/api/sp/ivas]}: getIvas()
	{POST [/api/sp/cpu]}: crearCpu(CpuCreateRequest,String)
	{POST [/api/sp/gpu]}: crearGpu(GpuCreateRequest,String)
	{POST [/api/sp/ram]}: crearRam(RamCreateRequest,String)
	{POST [/api/sp/perifericos]}: crearPeriferico(PerifericoCreateRequest,String)
	{POST [/api/sp/motherboards]}: crearMotherboard(MotherboardCreateRequest,String)
	{POST [/api/sp/cubiertas]}: crearCubierta(CubiertaCreateRequest,String)
	{POST [/api/sp/almacenamientos]}: crearAlmacenamiento(AlmacenamientoCreateRequest,String)
	{DELETE [/api/sp/productos/{id}]}: eliminarProducto(Integer,String)
	{POST [/api/sp/fuentes]}: crearFuente(FuenteCreateRequest,String)
	{PUT [/api/sp/productos/{id}/basico]}: actualizarBasico(Integer,ProductoUpdateBasicoRequest,String)
	{GET [/api/sp/productos/{id}/editar]}: getDetalleEditar(Integer)
	{POST [/api/sp/cpu-cooler]}: crearCpuCooler(CpuCoolerCreateRequest,String)
2026-06-30 16:32:44 [restartedMain] TRACE o.s.w.s.m.m.a.RequestMappingHandlerMapping - 
	c.e.t.c.ProvinciaController:
	{PUT [/api/provincias/{id}]}: actualizar(Long,ProvinciaDTO)
	{DELETE [/api/provincias/{id}]}: eliminar(Long)
	{GET [/api/provincias]}: listar()
	{POST [/api/provincias]}: crear(ProvinciaDTO)
2026-06-30 16:32:44 [restartedMain] TRACE o.s.w.s.m.m.a.RequestMappingHandlerMapping - 
	c.e.t.c.RecuperarPasswordController:
	{POST [/api/usuarios/recuperar-password]}: recuperar(Map)
2026-06-30 16:32:44 [restartedMain] TRACE o.s.w.s.m.m.a.RequestMappingHandlerMapping - 
	c.e.t.c.SeguridadController:
	{POST [/api/seguridad/cambiar-password-token]}: cambiarPasswordToken(ChangePwdTokenReq)
	{POST [/api/seguridad/cambiar-password]}: cambiarPassword(HttpServletRequest,ChangePwdReq)
2026-06-30 16:32:44 [restartedMain] TRACE o.s.w.s.m.m.a.RequestMappingHandlerMapping - 
	c.e.t.c.SiemController:
	{GET [/api/siem/events]}: getEvents()
	{POST [/api/siem/clear]}: clearEvents()
2026-06-30 16:32:44 [restartedMain] TRACE o.s.w.s.m.m.a.RequestMappingHandlerMapping - 
	c.e.t.c.SpMovimientoController:
	{POST [/api/sp/movimiento-inventario]}: movimientoInventario(Object,String)
2026-06-30 16:32:44 [restartedMain] TRACE o.s.w.s.m.m.a.RequestMappingHandlerMapping - 
	c.e.t.c.SubtipoMovimientoController:
	{GET [/api/subtipos-movimiento]}: listar(Integer)
2026-06-30 16:32:44 [restartedMain] TRACE o.s.w.s.m.m.a.RequestMappingHandlerMapping - 
	c.e.t.c.SugerenciaController:
	{POST [/api/sugerencias/generar]}: generar(Map)
2026-06-30 16:32:44 [restartedMain] TRACE o.s.w.s.m.m.a.RequestMappingHandlerMapping - 
	c.e.t.c.SugerenciasController:
	{GET [/api/sugerencias/{id}]}: get(Integer)
	{GET [/api/usuarios/{usuarioId}/sugerencias/ultima]}: last(Integer)
	{GET [/api/usuarios/{usuarioId}/sugerencias]}: list(Integer,Integer,Integer)
	{DELETE [/api/sugerencias/{id}]}: delete(Integer)
	{PUT [/api/sugerencias/{id}]}: actualizar(Integer,SugerenciaUpdate)
	{POST [/api/sugerencias/{id}:toggle]}: toggle(Integer,ToggleBody)
	{POST [/api/sugerencias/full]}: crearFull(Map)
	{POST [/api/sugerencias]}: crear(SugerenciaCreate)
2026-06-30 16:32:44 [restartedMain] TRACE o.s.w.s.m.m.a.RequestMappingHandlerMapping - 
	c.e.t.c.UsuarioController:
	{GET [/api/usuarios/api/usuarios/me]}: me(HttpServletRequest)
	{GET [/api/usuarios/buscar-min]}: buscarMin(String,Integer,int)
	{GET [/api/usuarios/buscar]}: buscarPorUsuario(String,Integer,int)
	{PUT [/api/usuarios/cliente/{id}]}: actualizarCliente(Integer,ClienteUpdateRequest)
	{POST [/api/usuarios/crear-usuarioAdmin]}: crearAdminOTrabajador(UsuarioDTO)
	{DELETE [/api/usuarios/admin/{id}]}: deshabilitarAdmin(Integer,Integer)
	{POST [/api/usuarios/crear]}: crearCliente(UsuarioDTO)
	{PUT [/api/usuarios/admin/{id}]}: actualizarAdmin(Integer,Integer,ClienteUpdateRequest)
	{POST [/api/usuarios/crear-usuario || /api/usuarios/crear_usuario]}: crearUsuario(UsuarioDTO)
2026-06-30 16:32:44 [restartedMain] TRACE o.s.w.s.m.m.a.RequestMappingHandlerMapping - 
	c.e.t.r.c.ReportController:
	{GET [/api/report/general/pdf], produces [application/pdf]}: generalAll(boolean)
	{GET [/api/report/kardex/pdf], produces [application/pdf]}: kardexPdf(String,String,Integer,boolean)
	{GET [/api/report/admin/pdf], produces [application/pdf]}: adminPdf(String,String,boolean)
	{GET [/api/report/usuarios/pdf], produces [application/pdf]}: usersPdf(boolean)
	{GET [/api/report/roles/pdf], produces [application/pdf]}: rolesPdf(boolean)
	{GET [/api/report/ciudades/pdf], produces [application/pdf]}: citiesPdf(boolean)
	{GET [/api/report/ordenes/pdf], produces [application/pdf]}: ordersPdf(String,String,boolean)
	{GET [/api/report/metodos-pago/pdf], produces [application/pdf]}: paymentMethodsPdf(boolean)
	{GET [/api/report/general/pdf-range], produces [application/pdf]}: generalByDate(String,String,boolean)
	{GET [/api/report/ventas-producto/pdf], produces [application/pdf]}: salesByProductPdf(String,String,boolean)
	{GET [/api/report/productos/pdf], produces [application/pdf]}: productsPdf(boolean)
	{GET [/api/report/stock-bajo/pdf], produces [application/pdf]}: lowStockPdf(int,boolean)
	{GET [/api/report/provincias/pdf], produces [application/pdf]}: provincesPdf(boolean)
2026-06-30 16:32:44 [restartedMain] TRACE o.s.w.s.m.m.a.RequestMappingHandlerMapping - 
	o.s.b.a.w.s.e.BasicErrorController:
	{ [/error]}: error(HttpServletRequest)
	{ [/error], produces [text/html]}: errorHtml(HttpServletRequest,HttpServletResponse)
2026-06-30 16:32:44 [restartedMain] DEBUG o.s.w.s.m.m.a.RequestMappingHandlerMapping - 133 mappings in 'requestMappingHandlerMapping'
2026-06-30 16:32:44 [restartedMain] WARN  o.s.b.a.s.s.UserDetailsServiceAutoConfiguration - 

Using generated security password: ab7f0311-6849-40e5-b8d7-2e1d1a06886e

This generated password is for development use only. Your security configuration must be updated before running your application in production.

2026-06-30 16:32:44 [restartedMain] INFO  o.s.s.c.a.a.c.InitializeUserDetailsBeanManagerConfigurer$InitializeUserDetailsManagerConfigurer - Global AuthenticationManager configured with UserDetailsService bean with name inMemoryUserDetailsManager
2026-06-30 16:32:44 [restartedMain] INFO  o.s.b.d.a.OptionalLiveReloadServer - LiveReload server is running on port 35729
2026-06-30 16:32:44 [restartedMain] INFO  o.a.coyote.http11.Http11NioProtocol - Starting ProtocolHandler ["http-nio-8080"]
2026-06-30 16:32:44 [restartedMain] INFO  o.s.b.w.e.tomcat.TomcatWebServer - Tomcat started on port 8080 (http) with context path '/'
2026-06-30 16:32:44 [restartedMain] INFO  c.e.t.TiendaTechApplication - Started TiendaTechApplication in 5.465 seconds (process running for 11.367)
2026-06-30 16:35:25 [http-nio-8080-exec-1] INFO  o.a.c.c.C.[Tomcat].[localhost].[/] - Initializing Spring DispatcherServlet 'dispatcherServlet'
2026-06-30 16:35:25 [http-nio-8080-exec-1] INFO  o.s.web.servlet.DispatcherServlet - Initializing Servlet 'dispatcherServlet'
2026-06-30 16:35:25 [http-nio-8080-exec-1] TRACE o.s.web.servlet.DispatcherServlet - Detected org.springframework.web.multipart.support.StandardServletMultipartResolver@3fa8ee22
2026-06-30 16:35:25 [http-nio-8080-exec-1] TRACE o.s.web.servlet.DispatcherServlet - Detected org.springframework.web.servlet.i18n.AcceptHeaderLocaleResolver@682b7bef
2026-06-30 16:35:25 [http-nio-8080-exec-1] TRACE o.s.web.servlet.DispatcherServlet - Detected org.springframework.web.servlet.theme.FixedThemeResolver@371313de
2026-06-30 16:35:25 [http-nio-8080-exec-1] TRACE o.s.web.servlet.DispatcherServlet - Detected DefaultRequestToViewNameTranslator
2026-06-30 16:35:25 [http-nio-8080-exec-1] TRACE o.s.web.servlet.DispatcherServlet - Detected SessionFlashMapManager
2026-06-30 16:35:25 [http-nio-8080-exec-1] DEBUG o.s.web.servlet.DispatcherServlet - enableLoggingRequestDetails='false': request parameters and headers will be masked to prevent unsafe logging of potentially sensitive data
2026-06-30 16:35:25 [http-nio-8080-exec-1] INFO  o.s.web.servlet.DispatcherServlet - Completed initialization in 2 ms
2026-06-30 16:35:25 [http-nio-8080-exec-1] TRACE o.s.web.servlet.DispatcherServlet - GET "/Login.html", parameters={}, headers={masked} in DispatcherServlet 'dispatcherServlet'
2026-06-30 16:35:25 [http-nio-8080-exec-1] TRACE o.s.web.servlet.DispatcherServlet - No view rendering, null ModelAndView returned.
2026-06-30 16:35:25 [http-nio-8080-exec-1] DEBUG o.s.web.servlet.DispatcherServlet - Completed 200 OK, headers={masked}
2026-06-30 16:35:25 [http-nio-8080-exec-3] TRACE o.s.web.servlet.DispatcherServlet - GET "/style.css", parameters={}, headers={masked} in DispatcherServlet 'dispatcherServlet'
2026-06-30 16:35:25 [http-nio-8080-exec-4] TRACE o.s.web.servlet.DispatcherServlet - GET "/js/role-utils.js", parameters={}, headers={masked} in DispatcherServlet 'dispatcherServlet'
2026-06-30 16:35:25 [http-nio-8080-exec-2] TRACE o.s.web.servlet.DispatcherServlet - GET "/js/auth-menu.js?v=8", parameters={masked}, headers={masked} in DispatcherServlet 'dispatcherServlet'
2026-06-30 16:35:25 [http-nio-8080-exec-5] TRACE o.s.web.servlet.DispatcherServlet - GET "/js/login.js?v=8", parameters={masked}, headers={masked} in DispatcherServlet 'dispatcherServlet'
2026-06-30 16:35:25 [http-nio-8080-exec-4] TRACE o.s.web.servlet.DispatcherServlet - No view rendering, null ModelAndView returned.
2026-06-30 16:35:25 [http-nio-8080-exec-4] DEBUG o.s.web.servlet.DispatcherServlet - Completed 200 OK, headers={masked}
2026-06-30 16:35:25 [http-nio-8080-exec-3] ERROR c.e.tienda_tech.advice.ApiErrors - [GET /style.css] Unhandled exception
org.springframework.web.servlet.resource.NoResourceFoundException: No static resource style.css.
	at org.springframework.web.servlet.resource.ResourceHttpRequestHandler.handleRequest(ResourceHttpRequestHandler.java:585)
	at org.springframework.web.servlet.mvc.HttpRequestHandlerAdapter.handle(HttpRequestHandlerAdapter.java:52)
	at org.springframework.web.servlet.DispatcherServlet.doDispatch(DispatcherServlet.java:1089)
	at org.springframework.web.servlet.DispatcherServlet.doService(DispatcherServlet.java:979)
	at org.springframework.web.servlet.FrameworkServlet.processRequest(FrameworkServlet.java:1014)
	at org.springframework.web.servlet.FrameworkServlet.doGet(FrameworkServlet.java:903)
	at jakarta.servlet.http.HttpServlet.service(HttpServlet.java:564)
	at org.springframework.web.servlet.FrameworkServlet.service(FrameworkServlet.java:885)
	at jakarta.servlet.http.HttpServlet.service(HttpServlet.java:658)
	at org.apache.catalina.core.ApplicationFilterChain.internalDoFilter(ApplicationFilterChain.java:195)
	at org.apache.catalina.core.ApplicationFilterChain.doFilter(ApplicationFilterChain.java:140)
	at org.apache.tomcat.websocket.server.WsFilter.doFilter(WsFilter.java:51)
	at org.apache.catalina.core.ApplicationFilterChain.internalDoFilter(ApplicationFilterChain.java:164)
	at org.apache.catalina.core.ApplicationFilterChain.doFilter(ApplicationFilterChain.java:140)
	at org.springframework.web.filter.CompositeFilter$VirtualFilterChain.doFilter(CompositeFilter.java:108)
	at org.springframework.web.filter.CompositeFilter$VirtualFilterChain.doFilter(CompositeFilter.java:108)
	at org.springframework.security.web.FilterChainProxy.lambda$doFilterInternal$3(FilterChainProxy.java:231)
	at org.springframework.security.web.FilterChainProxy$VirtualFilterChain.doFilter(FilterChainProxy.java:365)
	at org.springframework.security.web.access.intercept.AuthorizationFilter.doFilter(AuthorizationFilter.java:101)
	at org.springframework.security.web.FilterChainProxy$VirtualFilterChain.doFilter(FilterChainProxy.java:374)
	at org.springframework.security.web.access.ExceptionTranslationFilter.doFilter(ExceptionTranslationFilter.java:125)
	at org.springframework.security.web.access.ExceptionTranslationFilter.doFilter(ExceptionTranslationFilter.java:119)
	at org.springframework.security.web.FilterChainProxy$VirtualFilterChain.doFilter(FilterChainProxy.java:374)
	at org.springframework.security.web.authentication.AnonymousAuthenticationFilter.doFilter(AnonymousAuthenticationFilter.java:100)
	at org.springframework.security.web.FilterChainProxy$VirtualFilterChain.doFilter(FilterChainProxy.java:374)
	at org.springframework.security.web.servletapi.SecurityContextHolderAwareRequestFilter.doFilter(SecurityContextHolderAwareRequestFilter.java:179)
	at org.springframework.security.web.FilterChainProxy$VirtualFilterChain.doFilter(FilterChainProxy.java:374)
	at org.springframework.security.web.savedrequest.RequestCacheAwareFilter.doFilter(RequestCacheAwareFilter.java:63)
	at org.springframework.security.web.FilterChainProxy$VirtualFilterChain.doFilter(FilterChainProxy.java:374)
	at org.springframework.security.web.authentication.logout.LogoutFilter.doFilter(LogoutFilter.java:107)
	at org.springframework.security.web.authentication.logout.LogoutFilter.doFilter(LogoutFilter.java:93)
	at org.springframework.security.web.FilterChainProxy$VirtualFilterChain.doFilter(FilterChainProxy.java:374)
	at org.springframework.web.filter.CorsFilter.doFilterInternal(CorsFilter.java:91)
	at org.springframework.web.filter.OncePerRequestFilter.doFilter(OncePerRequestFilter.java:116)
	at org.springframework.security.web.FilterChainProxy$VirtualFilterChain.doFilter(FilterChainProxy.java:374)
	at org.springframework.security.web.header.HeaderWriterFilter.doHeadersAfter(HeaderWriterFilter.java:90)
	at org.springframework.security.web.header.HeaderWriterFilter.doFilterInternal(HeaderWriterFilter.java:75)
	at org.springframework.web.filter.OncePerRequestFilter.doFilter(OncePerRequestFilter.java:116)
	at org.springframework.security.web.FilterChainProxy$VirtualFilterChain.doFilter(FilterChainProxy.java:374)
	at org.springframework.security.web.context.SecurityContextHolderFilter.doFilter(SecurityContextHolderFilter.java:82)
	at org.springframework.security.web.context.SecurityContextHolderFilter.doFilter(SecurityContextHolderFilter.java:69)
	at org.springframework.security.web.FilterChainProxy$VirtualFilterChain.doFilter(FilterChainProxy.java:374)
	at org.springframework.security.web.context.request.async.WebAsyncManagerIntegrationFilter.doFilterInternal(WebAsyncManagerIntegrationFilter.java:62)
	at org.springframework.web.filter.OncePerRequestFilter.doFilter(OncePerRequestFilter.java:116)
	at org.springframework.security.web.FilterChainProxy$VirtualFilterChain.doFilter(FilterChainProxy.java:374)
	at org.springframework.security.web.session.DisableEncodeUrlFilter.doFilterInternal(DisableEncodeUrlFilter.java:42)
	at org.springframework.web.filter.OncePerRequestFilter.doFilter(OncePerRequestFilter.java:116)
	at org.springframework.security.web.FilterChainProxy$VirtualFilterChain.doFilter(FilterChainProxy.java:374)
	at org.springframework.security.web.FilterChainProxy.doFilterInternal(FilterChainProxy.java:233)
	at org.springframework.security.web.FilterChainProxy.doFilter(FilterChainProxy.java:191)
	at org.springframework.web.filter.CompositeFilter$VirtualFilterChain.doFilter(CompositeFilter.java:113)
	at org.springframework.web.filter.ServletRequestPathFilter.doFilter(ServletRequestPathFilter.java:52)
	at org.springframework.web.filter.CompositeFilter$VirtualFilterChain.doFilter(CompositeFilter.java:113)
	at org.springframework.web.filter.CompositeFilter.doFilter(CompositeFilter.java:74)
	at org.springframework.security.config.annotation.web.configuration.WebSecurityConfiguration$CompositeFilterChainProxy.doFilter(WebSecurityConfiguration.java:319)
	at org.springframework.web.filter.CompositeFilter$VirtualFilterChain.doFilter(CompositeFilter.java:113)
	at org.springframework.web.servlet.handler.HandlerMappingIntrospector.lambda$createCacheFilter$4(HandlerMappingIntrospector.java:267)
	at org.springframework.web.filter.CompositeFilter$VirtualFilterChain.doFilter(CompositeFilter.java:113)
	at org.springframework.web.filter.CompositeFilter.doFilter(CompositeFilter.java:74)
	at org.springframework.security.config.annotation.web.configuration.WebMvcSecurityConfiguration$CompositeFilterChainProxy.doFilter(WebMvcSecurityConfiguration.java:240)
	at org.springframework.web.filter.DelegatingFilterProxy.invokeDelegate(DelegatingFilterProxy.java:362)
	at org.springframework.web.filter.DelegatingFilterProxy.doFilter(DelegatingFilterProxy.java:278)
	at org.apache.catalina.core.ApplicationFilterChain.internalDoFilter(ApplicationFilterChain.java:164)
	at org.apache.catalina.core.ApplicationFilterChain.doFilter(ApplicationFilterChain.java:140)
	at org.springframework.web.filter.RequestContextFilter.doFilterInternal(RequestContextFilter.java:100)
	at org.springframework.web.filter.OncePerRequestFilter.doFilter(OncePerRequestFilter.java:116)
	at org.apache.catalina.core.ApplicationFilterChain.internalDoFilter(ApplicationFilterChain.java:164)
	at org.apache.catalina.core.ApplicationFilterChain.doFilter(ApplicationFilterChain.java:140)
	at org.springframework.web.filter.FormContentFilter.doFilterInternal(FormContentFilter.java:93)
	at org.springframework.web.filter.OncePerRequestFilter.doFilter(OncePerRequestFilter.java:116)
	at org.apache.catalina.core.ApplicationFilterChain.internalDoFilter(ApplicationFilterChain.java:164)
	at org.apache.catalina.core.ApplicationFilterChain.doFilter(ApplicationFilterChain.java:140)
	at org.springframework.web.filter.CharacterEncodingFilter.doFilterInternal(CharacterEncodingFilter.java:201)
	at org.springframework.web.filter.OncePerRequestFilter.doFilter(OncePerRequestFilter.java:116)
	at org.apache.catalina.core.ApplicationFilterChain.internalDoFilter(ApplicationFilterChain.java:164)
	at org.apache.catalina.core.ApplicationFilterChain.doFilter(ApplicationFilterChain.java:140)
	at org.apache.catalina.core.StandardWrapperValve.invoke(StandardWrapperValve.java:167)
	at org.apache.catalina.core.StandardContextValve.invoke(StandardContextValve.java:90)
	at org.apache.catalina.authenticator.AuthenticatorBase.invoke(AuthenticatorBase.java:483)
	at org.apache.catalina.core.StandardHostValve.invoke(StandardHostValve.java:116)
	at org.apache.catalina.valves.ErrorReportValve.invoke(ErrorReportValve.java:93)
	at org.apache.catalina.core.StandardEngineValve.invoke(StandardEngineValve.java:74)
	at org.apache.catalina.connector.CoyoteAdapter.service(CoyoteAdapter.java:344)
	at org.apache.coyote.http11.Http11Processor.service(Http11Processor.java:398)
	at org.apache.coyote.AbstractProcessorLight.process(AbstractProcessorLight.java:63)
	at org.apache.coyote.AbstractProtocol$ConnectionHandler.process(AbstractProtocol.java:903)
	at org.apache.tomcat.util.net.NioEndpoint$SocketProcessor.doRun(NioEndpoint.java:1769)
	at org.apache.tomcat.util.net.SocketProcessorBase.run(SocketProcessorBase.java:52)
	at org.apache.tomcat.util.threads.ThreadPoolExecutor.runWorker(ThreadPoolExecutor.java:1189)
	at org.apache.tomcat.util.threads.ThreadPoolExecutor$Worker.run(ThreadPoolExecutor.java:658)
	at org.apache.tomcat.util.threads.TaskThread$WrappingRunnable.run(TaskThread.java:63)
	at java.base/java.lang.Thread.run(Thread.java:1447)
2026-06-30 16:35:25 [http-nio-8080-exec-5] TRACE o.s.web.servlet.DispatcherServlet - No view rendering, null ModelAndView returned.
2026-06-30 16:35:25 [http-nio-8080-exec-2] TRACE o.s.web.servlet.DispatcherServlet - No view rendering, null ModelAndView returned.
2026-06-30 16:35:25 [http-nio-8080-exec-5] DEBUG o.s.web.servlet.DispatcherServlet - Completed 200 OK, headers={masked}
2026-06-30 16:35:25 [http-nio-8080-exec-2] DEBUG o.s.web.servlet.DispatcherServlet - Completed 200 OK, headers={masked}
2026-06-30 16:35:25 [http-nio-8080-exec-3] WARN  o.s.w.s.m.m.a.ExceptionHandlerExceptionResolver - Resolved [org.springframework.web.servlet.resource.NoResourceFoundException: No static resource style.css.]
2026-06-30 16:35:25 [http-nio-8080-exec-3] TRACE o.s.web.servlet.DispatcherServlet - No view rendering, null ModelAndView returned.
2026-06-30 16:35:25 [http-nio-8080-exec-3] DEBUG o.s.web.servlet.DispatcherServlet - Completed 500 INTERNAL_SERVER_ERROR, headers={masked}
2026-06-30 16:35:25 [http-nio-8080-exec-9] TRACE o.s.web.servlet.DispatcherServlet - GET "/favicon.ico", parameters={}, headers={masked} in DispatcherServlet 'dispatcherServlet'
2026-06-30 16:35:25 [http-nio-8080-exec-9] TRACE o.s.w.s.m.m.a.RequestMappingHandlerMapping - Mapped to com.example.tienda_tech.controller.FaviconController#favicon()
2026-06-30 16:35:25 [http-nio-8080-exec-9] TRACE o.s.web.servlet.DispatcherServlet - No view rendering, null ModelAndView returned.
2026-06-30 16:35:25 [http-nio-8080-exec-9] DEBUG o.s.web.servlet.DispatcherServlet - Completed 200 OK, headers={masked}
2026-06-30 16:35:27 [http-nio-8080-exec-7] TRACE o.s.web.servlet.DispatcherServlet - GET "/Login.html", parameters={}, headers={masked} in DispatcherServlet 'dispatcherServlet'
2026-06-30 16:35:27 [http-nio-8080-exec-7] TRACE o.s.web.servlet.DispatcherServlet - No view rendering, null ModelAndView returned.
2026-06-30 16:35:27 [http-nio-8080-exec-7] DEBUG o.s.web.servlet.DispatcherServlet - Completed 200 OK, headers={masked}
2026-06-30 16:35:27 [http-nio-8080-exec-10] TRACE o.s.web.servlet.DispatcherServlet - GET "/js/role-utils.js", parameters={}, headers={masked} in DispatcherServlet 'dispatcherServlet'
2026-06-30 16:35:27 [http-nio-8080-exec-6] TRACE o.s.web.servlet.DispatcherServlet - GET "/js/auth-menu.js?v=8", parameters={masked}, headers={masked} in DispatcherServlet 'dispatcherServlet'
2026-06-30 16:35:27 [http-nio-8080-exec-8] TRACE o.s.web.servlet.DispatcherServlet - GET "/style.css", parameters={}, headers={masked} in DispatcherServlet 'dispatcherServlet'
2026-06-30 16:35:27 [http-nio-8080-exec-10] TRACE o.s.web.servlet.DispatcherServlet - No view rendering, null ModelAndView returned.
2026-06-30 16:35:28 [http-nio-8080-exec-1] TRACE o.s.web.servlet.DispatcherServlet - GET "/js/login.js?v=8", parameters={masked}, headers={masked} in DispatcherServlet 'dispatcherServlet'
2026-06-30 16:35:28 [http-nio-8080-exec-6] TRACE o.s.web.servlet.DispatcherServlet - No view rendering, null ModelAndView returned.
2026-06-30 16:35:27 [http-nio-8080-exec-8] ERROR c.e.tienda_tech.advice.ApiErrors - [GET /style.css] Unhandled exception
org.springframework.web.servlet.resource.NoResourceFoundException: No static resource style.css.
	at org.springframework.web.servlet.resource.ResourceHttpRequestHandler.handleRequest(ResourceHttpRequestHandler.java:585)
	at org.springframework.web.servlet.mvc.HttpRequestHandlerAdapter.handle(HttpRequestHandlerAdapter.java:52)
	at org.springframework.web.servlet.DispatcherServlet.doDispatch(DispatcherServlet.java:1089)
	at org.springframework.web.servlet.DispatcherServlet.doService(DispatcherServlet.java:979)
	at org.springframework.web.servlet.FrameworkServlet.processRequest(FrameworkServlet.java:1014)
	at org.springframework.web.servlet.FrameworkServlet.doGet(FrameworkServlet.java:903)
	at jakarta.servlet.http.HttpServlet.service(HttpServlet.java:564)
	at org.springframework.web.servlet.FrameworkServlet.service(FrameworkServlet.java:885)
	at jakarta.servlet.http.HttpServlet.service(HttpServlet.java:658)
	at org.apache.catalina.core.ApplicationFilterChain.internalDoFilter(ApplicationFilterChain.java:195)
	at org.apache.catalina.core.ApplicationFilterChain.doFilter(ApplicationFilterChain.java:140)
	at org.apache.tomcat.websocket.server.WsFilter.doFilter(WsFilter.java:51)
	at org.apache.catalina.core.ApplicationFilterChain.internalDoFilter(ApplicationFilterChain.java:164)
	at org.apache.catalina.core.ApplicationFilterChain.doFilter(ApplicationFilterChain.java:140)
	at org.springframework.web.filter.CompositeFilter$VirtualFilterChain.doFilter(CompositeFilter.java:108)
	at org.springframework.web.filter.CompositeFilter$VirtualFilterChain.doFilter(CompositeFilter.java:108)
	at org.springframework.security.web.FilterChainProxy.lambda$doFilterInternal$3(FilterChainProxy.java:231)
	at org.springframework.security.web.FilterChainProxy$VirtualFilterChain.doFilter(FilterChainProxy.java:365)
	at org.springframework.security.web.access.intercept.AuthorizationFilter.doFilter(AuthorizationFilter.java:101)
	at org.springframework.security.web.FilterChainProxy$VirtualFilterChain.doFilter(FilterChainProxy.java:374)
	at org.springframework.security.web.access.ExceptionTranslationFilter.doFilter(ExceptionTranslationFilter.java:125)
	at org.springframework.security.web.access.ExceptionTranslationFilter.doFilter(ExceptionTranslationFilter.java:119)
	at org.springframework.security.web.FilterChainProxy$VirtualFilterChain.doFilter(FilterChainProxy.java:374)
	at org.springframework.security.web.authentication.AnonymousAuthenticationFilter.doFilter(AnonymousAuthenticationFilter.java:100)
	at org.springframework.security.web.FilterChainProxy$VirtualFilterChain.doFilter(FilterChainProxy.java:374)
	at org.springframework.security.web.servletapi.SecurityContextHolderAwareRequestFilter.doFilter(SecurityContextHolderAwareRequestFilter.java:179)
	at org.springframework.security.web.FilterChainProxy$VirtualFilterChain.doFilter(FilterChainProxy.java:374)
	at org.springframework.security.web.savedrequest.RequestCacheAwareFilter.doFilter(RequestCacheAwareFilter.java:63)
	at org.springframework.security.web.FilterChainProxy$VirtualFilterChain.doFilter(FilterChainProxy.java:374)
	at org.springframework.security.web.authentication.logout.LogoutFilter.doFilter(LogoutFilter.java:107)
	at org.springframework.security.web.authentication.logout.LogoutFilter.doFilter(LogoutFilter.java:93)
	at org.springframework.security.web.FilterChainProxy$VirtualFilterChain.doFilter(FilterChainProxy.java:374)
	at org.springframework.web.filter.CorsFilter.doFilterInternal(CorsFilter.java:91)
	at org.springframework.web.filter.OncePerRequestFilter.doFilter(OncePerRequestFilter.java:116)
	at org.springframework.security.web.FilterChainProxy$VirtualFilterChain.doFilter(FilterChainProxy.java:374)
	at org.springframework.security.web.header.HeaderWriterFilter.doHeadersAfter(HeaderWriterFilter.java:90)
	at org.springframework.security.web.header.HeaderWriterFilter.doFilterInternal(HeaderWriterFilter.java:75)
	at org.springframework.web.filter.OncePerRequestFilter.doFilter(OncePerRequestFilter.java:116)
	at org.springframework.security.web.FilterChainProxy$VirtualFilterChain.doFilter(FilterChainProxy.java:374)
	at org.springframework.security.web.context.SecurityContextHolderFilter.doFilter(SecurityContextHolderFilter.java:82)
	at org.springframework.security.web.context.SecurityContextHolderFilter.doFilter(SecurityContextHolderFilter.java:69)
	at org.springframework.security.web.FilterChainProxy$VirtualFilterChain.doFilter(FilterChainProxy.java:374)
	at org.springframework.security.web.context.request.async.WebAsyncManagerIntegrationFilter.doFilterInternal(WebAsyncManagerIntegrationFilter.java:62)
	at org.springframework.web.filter.OncePerRequestFilter.doFilter(OncePerRequestFilter.java:116)
	at org.springframework.security.web.FilterChainProxy$VirtualFilterChain.doFilter(FilterChainProxy.java:374)
	at org.springframework.security.web.session.DisableEncodeUrlFilter.doFilterInternal(DisableEncodeUrlFilter.java:42)
	at org.springframework.web.filter.OncePerRequestFilter.doFilter(OncePerRequestFilter.java:116)
	at org.springframework.security.web.FilterChainProxy$VirtualFilterChain.doFilter(FilterChainProxy.java:374)
	at org.springframework.security.web.FilterChainProxy.doFilterInternal(FilterChainProxy.java:233)
	at org.springframework.security.web.FilterChainProxy.doFilter(FilterChainProxy.java:191)
	at org.springframework.web.filter.CompositeFilter$VirtualFilterChain.doFilter(CompositeFilter.java:113)
	at org.springframework.web.filter.ServletRequestPathFilter.doFilter(ServletRequestPathFilter.java:52)
	at org.springframework.web.filter.CompositeFilter$VirtualFilterChain.doFilter(CompositeFilter.java:113)
	at org.springframework.web.filter.CompositeFilter.doFilter(CompositeFilter.java:74)
	at org.springframework.security.config.annotation.web.configuration.WebSecurityConfiguration$CompositeFilterChainProxy.doFilter(WebSecurityConfiguration.java:319)
	at org.springframework.web.filter.CompositeFilter$VirtualFilterChain.doFilter(CompositeFilter.java:113)
	at org.springframework.web.servlet.handler.HandlerMappingIntrospector.lambda$createCacheFilter$4(HandlerMappingIntrospector.java:267)
	at org.springframework.web.filter.CompositeFilter$VirtualFilterChain.doFilter(CompositeFilter.java:113)
	at org.springframework.web.filter.CompositeFilter.doFilter(CompositeFilter.java:74)
	at org.springframework.security.config.annotation.web.configuration.WebMvcSecurityConfiguration$CompositeFilterChainProxy.doFilter(WebMvcSecurityConfiguration.java:240)
	at org.springframework.web.filter.DelegatingFilterProxy.invokeDelegate(DelegatingFilterProxy.java:362)
	at org.springframework.web.filter.DelegatingFilterProxy.doFilter(DelegatingFilterProxy.java:278)
	at org.apache.catalina.core.ApplicationFilterChain.internalDoFilter(ApplicationFilterChain.java:164)
	at org.apache.catalina.core.ApplicationFilterChain.doFilter(ApplicationFilterChain.java:140)
	at org.springframework.web.filter.RequestContextFilter.doFilterInternal(RequestContextFilter.java:100)
	at org.springframework.web.filter.OncePerRequestFilter.doFilter(OncePerRequestFilter.java:116)
	at org.apache.catalina.core.ApplicationFilterChain.internalDoFilter(ApplicationFilterChain.java:164)
	at org.apache.catalina.core.ApplicationFilterChain.doFilter(ApplicationFilterChain.java:140)
	at org.springframework.web.filter.FormContentFilter.doFilterInternal(FormContentFilter.java:93)
	at org.springframework.web.filter.OncePerRequestFilter.doFilter(OncePerRequestFilter.java:116)
	at org.apache.catalina.core.ApplicationFilterChain.internalDoFilter(ApplicationFilterChain.java:164)
	at org.apache.catalina.core.ApplicationFilterChain.doFilter(ApplicationFilterChain.java:140)
	at org.springframework.web.filter.CharacterEncodingFilter.doFilterInternal(CharacterEncodingFilter.java:201)
	at org.springframework.web.filter.OncePerRequestFilter.doFilter(OncePerRequestFilter.java:116)
	at org.apache.catalina.core.ApplicationFilterChain.internalDoFilter(ApplicationFilterChain.java:164)
	at org.apache.catalina.core.ApplicationFilterChain.doFilter(ApplicationFilterChain.java:140)
	at org.apache.catalina.core.StandardWrapperValve.invoke(StandardWrapperValve.java:167)
	at org.apache.catalina.core.StandardContextValve.invoke(StandardContextValve.java:90)
	at org.apache.catalina.authenticator.AuthenticatorBase.invoke(AuthenticatorBase.java:483)
	at org.apache.catalina.core.StandardHostValve.invoke(StandardHostValve.java:116)
	at org.apache.catalina.valves.ErrorReportValve.invoke(ErrorReportValve.java:93)
	at org.apache.catalina.core.StandardEngineValve.invoke(StandardEngineValve.java:74)
	at org.apache.catalina.connector.CoyoteAdapter.service(CoyoteAdapter.java:344)
	at org.apache.coyote.http11.Http11Processor.service(Http11Processor.java:398)
	at org.apache.coyote.AbstractProcessorLight.process(AbstractProcessorLight.java:63)
	at org.apache.coyote.AbstractProtocol$ConnectionHandler.process(AbstractProtocol.java:903)
	at org.apache.tomcat.util.net.NioEndpoint$SocketProcessor.doRun(NioEndpoint.java:1769)
	at org.apache.tomcat.util.net.SocketProcessorBase.run(SocketProcessorBase.java:52)
	at org.apache.tomcat.util.threads.ThreadPoolExecutor.runWorker(ThreadPoolExecutor.java:1189)
	at org.apache.tomcat.util.threads.ThreadPoolExecutor$Worker.run(ThreadPoolExecutor.java:658)
	at org.apache.tomcat.util.threads.TaskThread$WrappingRunnable.run(TaskThread.java:63)
	at java.base/java.lang.Thread.run(Thread.java:1447)
2026-06-30 16:35:28 [http-nio-8080-exec-10] DEBUG o.s.web.servlet.DispatcherServlet - Completed 200 OK, headers={masked}
2026-06-30 16:35:28 [http-nio-8080-exec-6] DEBUG o.s.web.servlet.DispatcherServlet - Completed 200 OK, headers={masked}
2026-06-30 16:35:28 [http-nio-8080-exec-8] WARN  o.s.w.s.m.m.a.ExceptionHandlerExceptionResolver - Resolved [org.springframework.web.servlet.resource.NoResourceFoundException: No static resource style.css.]
2026-06-30 16:35:28 [http-nio-8080-exec-8] TRACE o.s.web.servlet.DispatcherServlet - No view rendering, null ModelAndView returned.
2026-06-30 16:35:28 [http-nio-8080-exec-8] DEBUG o.s.web.servlet.DispatcherServlet - Completed 500 INTERNAL_SERVER_ERROR, headers={masked}
2026-06-30 16:35:28 [http-nio-8080-exec-1] TRACE o.s.web.servlet.DispatcherServlet - No view rendering, null ModelAndView returned.
2026-06-30 16:35:28 [http-nio-8080-exec-1] DEBUG o.s.web.servlet.DispatcherServlet - Completed 200 OK, headers={masked}
2026-06-30 16:35:29 [http-nio-8080-exec-4] TRACE o.s.web.servlet.DispatcherServlet - GET "/Login.html", parameters={}, headers={masked} in DispatcherServlet 'dispatcherServlet'
2026-06-30 16:35:29 [http-nio-8080-exec-4] TRACE o.s.web.servlet.DispatcherServlet - No view rendering, null ModelAndView returned.
2026-06-30 16:35:29 [http-nio-8080-exec-4] DEBUG o.s.web.servlet.DispatcherServlet - Completed 200 OK, headers={masked}
2026-06-30 16:35:29 [http-nio-8080-exec-2] TRACE o.s.web.servlet.DispatcherServlet - GET "/style.css", parameters={}, headers={masked} in DispatcherServlet 'dispatcherServlet'
2026-06-30 16:35:29 [http-nio-8080-exec-5] TRACE o.s.web.servlet.DispatcherServlet - GET "/js/auth-menu.js?v=8", parameters={masked}, headers={masked} in DispatcherServlet 'dispatcherServlet'
2026-06-30 16:35:29 [http-nio-8080-exec-3] TRACE o.s.web.servlet.DispatcherServlet - GET "/js/role-utils.js", parameters={}, headers={masked} in DispatcherServlet 'dispatcherServlet'
2026-06-30 16:35:29 [http-nio-8080-exec-9] TRACE o.s.web.servlet.DispatcherServlet - GET "/js/login.js?v=8", parameters={masked}, headers={masked} in DispatcherServlet 'dispatcherServlet'
2026-06-30 16:35:29 [http-nio-8080-exec-2] ERROR c.e.tienda_tech.advice.ApiErrors - [GET /style.css] Unhandled exception
org.springframework.web.servlet.resource.NoResourceFoundException: No static resource style.css.
	at org.springframework.web.servlet.resource.ResourceHttpRequestHandler.handleRequest(ResourceHttpRequestHandler.java:585)
	at org.springframework.web.servlet.mvc.HttpRequestHandlerAdapter.handle(HttpRequestHandlerAdapter.java:52)
	at org.springframework.web.servlet.DispatcherServlet.doDispatch(DispatcherServlet.java:1089)
	at org.springframework.web.servlet.DispatcherServlet.doService(DispatcherServlet.java:979)
	at org.springframework.web.servlet.FrameworkServlet.processRequest(FrameworkServlet.java:1014)
	at org.springframework.web.servlet.FrameworkServlet.doGet(FrameworkServlet.java:903)
	at jakarta.servlet.http.HttpServlet.service(HttpServlet.java:564)
	at org.springframework.web.servlet.FrameworkServlet.service(FrameworkServlet.java:885)
	at jakarta.servlet.http.HttpServlet.service(HttpServlet.java:658)
	at org.apache.catalina.core.ApplicationFilterChain.internalDoFilter(ApplicationFilterChain.java:195)
	at org.apache.catalina.core.ApplicationFilterChain.doFilter(ApplicationFilterChain.java:140)
	at org.apache.tomcat.websocket.server.WsFilter.doFilter(WsFilter.java:51)
	at org.apache.catalina.core.ApplicationFilterChain.internalDoFilter(ApplicationFilterChain.java:164)
	at org.apache.catalina.core.ApplicationFilterChain.doFilter(ApplicationFilterChain.java:140)
	at org.springframework.web.filter.CompositeFilter$VirtualFilterChain.doFilter(CompositeFilter.java:108)
	at org.springframework.web.filter.CompositeFilter$VirtualFilterChain.doFilter(CompositeFilter.java:108)
	at org.springframework.security.web.FilterChainProxy.lambda$doFilterInternal$3(FilterChainProxy.java:231)
	at org.springframework.security.web.FilterChainProxy$VirtualFilterChain.doFilter(FilterChainProxy.java:365)
	at org.springframework.security.web.access.intercept.AuthorizationFilter.doFilter(AuthorizationFilter.java:101)
	at org.springframework.security.web.FilterChainProxy$VirtualFilterChain.doFilter(FilterChainProxy.java:374)
	at org.springframework.security.web.access.ExceptionTranslationFilter.doFilter(ExceptionTranslationFilter.java:125)
	at org.springframework.security.web.access.ExceptionTranslationFilter.doFilter(ExceptionTranslationFilter.java:119)
	at org.springframework.security.web.FilterChainProxy$VirtualFilterChain.doFilter(FilterChainProxy.java:374)
	at org.springframework.security.web.authentication.AnonymousAuthenticationFilter.doFilter(AnonymousAuthenticationFilter.java:100)
	at org.springframework.security.web.FilterChainProxy$VirtualFilterChain.doFilter(FilterChainProxy.java:374)
	at org.springframework.security.web.servletapi.SecurityContextHolderAwareRequestFilter.doFilter(SecurityContextHolderAwareRequestFilter.java:179)
	at org.springframework.security.web.FilterChainProxy$VirtualFilterChain.doFilter(FilterChainProxy.java:374)
	at org.springframework.security.web.savedrequest.RequestCacheAwareFilter.doFilter(RequestCacheAwareFilter.java:63)
	at org.springframework.security.web.FilterChainProxy$VirtualFilterChain.doFilter(FilterChainProxy.java:374)
	at org.springframework.security.web.authentication.logout.LogoutFilter.doFilter(LogoutFilter.java:107)
	at org.springframework.security.web.authentication.logout.LogoutFilter.doFilter(LogoutFilter.java:93)
	at org.springframework.security.web.FilterChainProxy$VirtualFilterChain.doFilter(FilterChainProxy.java:374)
	at org.springframework.web.filter.CorsFilter.doFilterInternal(CorsFilter.java:91)
	at org.springframework.web.filter.OncePerRequestFilter.doFilter(OncePerRequestFilter.java:116)
	at org.springframework.security.web.FilterChainProxy$VirtualFilterChain.doFilter(FilterChainProxy.java:374)
	at org.springframework.security.web.header.HeaderWriterFilter.doHeadersAfter(HeaderWriterFilter.java:90)
	at org.springframework.security.web.header.HeaderWriterFilter.doFilterInternal(HeaderWriterFilter.java:75)
	at org.springframework.web.filter.OncePerRequestFilter.doFilter(OncePerRequestFilter.java:116)
	at org.springframework.security.web.FilterChainProxy$VirtualFilterChain.doFilter(FilterChainProxy.java:374)
	at org.springframework.security.web.context.SecurityContextHolderFilter.doFilter(SecurityContextHolderFilter.java:82)
	at org.springframework.security.web.context.SecurityContextHolderFilter.doFilter(SecurityContextHolderFilter.java:69)
	at org.springframework.security.web.FilterChainProxy$VirtualFilterChain.doFilter(FilterChainProxy.java:374)
	at org.springframework.security.web.context.request.async.WebAsyncManagerIntegrationFilter.doFilterInternal(WebAsyncManagerIntegrationFilter.java:62)
	at org.springframework.web.filter.OncePerRequestFilter.doFilter(OncePerRequestFilter.java:116)
	at org.springframework.security.web.FilterChainProxy$VirtualFilterChain.doFilter(FilterChainProxy.java:374)
	at org.springframework.security.web.session.DisableEncodeUrlFilter.doFilterInternal(DisableEncodeUrlFilter.java:42)
	at org.springframework.web.filter.OncePerRequestFilter.doFilter(OncePerRequestFilter.java:116)
	at org.springframework.security.web.FilterChainProxy$VirtualFilterChain.doFilter(FilterChainProxy.java:374)
	at org.springframework.security.web.FilterChainProxy.doFilterInternal(FilterChainProxy.java:233)
	at org.springframework.security.web.FilterChainProxy.doFilter(FilterChainProxy.java:191)
	at org.springframework.web.filter.CompositeFilter$VirtualFilterChain.doFilter(CompositeFilter.java:113)
	at org.springframework.web.filter.ServletRequestPathFilter.doFilter(ServletRequestPathFilter.java:52)
	at org.springframework.web.filter.CompositeFilter$VirtualFilterChain.doFilter(CompositeFilter.java:113)
	at org.springframework.web.filter.CompositeFilter.doFilter(CompositeFilter.java:74)
	at org.springframework.security.config.annotation.web.configuration.WebSecurityConfiguration$CompositeFilterChainProxy.doFilter(WebSecurityConfiguration.java:319)
	at org.springframework.web.filter.CompositeFilter$VirtualFilterChain.doFilter(CompositeFilter.java:113)
	at org.springframework.web.servlet.handler.HandlerMappingIntrospector.lambda$createCacheFilter$4(HandlerMappingIntrospector.java:267)
	at org.springframework.web.filter.CompositeFilter$VirtualFilterChain.doFilter(CompositeFilter.java:113)
	at org.springframework.web.filter.CompositeFilter.doFilter(CompositeFilter.java:74)
	at org.springframework.security.config.annotation.web.configuration.WebMvcSecurityConfiguration$CompositeFilterChainProxy.doFilter(WebMvcSecurityConfiguration.java:240)
	at org.springframework.web.filter.DelegatingFilterProxy.invokeDelegate(DelegatingFilterProxy.java:362)
	at org.springframework.web.filter.DelegatingFilterProxy.doFilter(DelegatingFilterProxy.java:278)
	at org.apache.catalina.core.ApplicationFilterChain.internalDoFilter(ApplicationFilterChain.java:164)
	at org.apache.catalina.core.ApplicationFilterChain.doFilter(ApplicationFilterChain.java:140)
	at org.springframework.web.filter.RequestContextFilter.doFilterInternal(RequestContextFilter.java:100)
	at org.springframework.web.filter.OncePerRequestFilter.doFilter(OncePerRequestFilter.java:116)
	at org.apache.catalina.core.ApplicationFilterChain.internalDoFilter(ApplicationFilterChain.java:164)
	at org.apache.catalina.core.ApplicationFilterChain.doFilter(ApplicationFilterChain.java:140)
	at org.springframework.web.filter.FormContentFilter.doFilterInternal(FormContentFilter.java:93)
	at org.springframework.web.filter.OncePerRequestFilter.doFilter(OncePerRequestFilter.java:116)
	at org.apache.catalina.core.ApplicationFilterChain.internalDoFilter(ApplicationFilterChain.java:164)
	at org.apache.catalina.core.ApplicationFilterChain.doFilter(ApplicationFilterChain.java:140)
	at org.springframework.web.filter.CharacterEncodingFilter.doFilterInternal(CharacterEncodingFilter.java:201)
	at org.springframework.web.filter.OncePerRequestFilter.doFilter(OncePerRequestFilter.java:116)
	at org.apache.catalina.core.ApplicationFilterChain.internalDoFilter(ApplicationFilterChain.java:164)
	at org.apache.catalina.core.ApplicationFilterChain.doFilter(ApplicationFilterChain.java:140)
	at org.apache.catalina.core.StandardWrapperValve.invoke(StandardWrapperValve.java:167)
	at org.apache.catalina.core.StandardContextValve.invoke(StandardContextValve.java:90)
	at org.apache.catalina.authenticator.AuthenticatorBase.invoke(AuthenticatorBase.java:483)
	at org.apache.catalina.core.StandardHostValve.invoke(StandardHostValve.java:116)
	at org.apache.catalina.valves.ErrorReportValve.invoke(ErrorReportValve.java:93)
	at org.apache.catalina.core.StandardEngineValve.invoke(StandardEngineValve.java:74)
	at org.apache.catalina.connector.CoyoteAdapter.service(CoyoteAdapter.java:344)
	at org.apache.coyote.http11.Http11Processor.service(Http11Processor.java:398)
	at org.apache.coyote.AbstractProcessorLight.process(AbstractProcessorLight.java:63)
	at org.apache.coyote.AbstractProtocol$ConnectionHandler.process(AbstractProtocol.java:903)
	at org.apache.tomcat.util.net.NioEndpoint$SocketProcessor.doRun(NioEndpoint.java:1769)
	at org.apache.tomcat.util.net.SocketProcessorBase.run(SocketProcessorBase.java:52)
	at org.apache.tomcat.util.threads.ThreadPoolExecutor.runWorker(ThreadPoolExecutor.java:1189)
	at org.apache.tomcat.util.threads.ThreadPoolExecutor$Worker.run(ThreadPoolExecutor.java:658)
	at org.apache.tomcat.util.threads.TaskThread$WrappingRunnable.run(TaskThread.java:63)
	at java.base/java.lang.Thread.run(Thread.java:1447)
2026-06-30 16:35:29 [http-nio-8080-exec-3] TRACE o.s.web.servlet.DispatcherServlet - No view rendering, null ModelAndView returned.
2026-06-30 16:35:29 [http-nio-8080-exec-3] DEBUG o.s.web.servlet.DispatcherServlet - Completed 200 OK, headers={masked}
2026-06-30 16:35:29 [http-nio-8080-exec-9] TRACE o.s.web.servlet.DispatcherServlet - No view rendering, null ModelAndView returned.
2026-06-30 16:35:29 [http-nio-8080-exec-9] DEBUG o.s.web.servlet.DispatcherServlet - Completed 200 OK, headers={masked}
2026-06-30 16:35:29 [http-nio-8080-exec-5] TRACE o.s.web.servlet.DispatcherServlet - No view rendering, null ModelAndView returned.
2026-06-30 16:35:29 [http-nio-8080-exec-5] DEBUG o.s.web.servlet.DispatcherServlet - Completed 200 OK, headers={masked}
2026-06-30 16:35:29 [http-nio-8080-exec-2] WARN  o.s.w.s.m.m.a.ExceptionHandlerExceptionResolver - Resolved [org.springframework.web.servlet.resource.NoResourceFoundException: No static resource style.css.]
2026-06-30 16:35:29 [http-nio-8080-exec-2] TRACE o.s.web.servlet.DispatcherServlet - No view rendering, null ModelAndView returned.
2026-06-30 16:35:29 [http-nio-8080-exec-2] DEBUG o.s.web.servlet.DispatcherServlet - Completed 500 INTERNAL_SERVER_ERROR, headers={masked}
2026-06-30 16:40:45 [SpringApplicationShutdownHook] INFO  o.s.b.w.e.tomcat.GracefulShutdown - Commencing graceful shutdown. Waiting for active requests to complete
2026-06-30 16:40:45 [tomcat-shutdown] INFO  o.s.b.w.e.tomcat.GracefulShutdown - Graceful shutdown complete
2026-06-30 16:40:45 [SpringApplicationShutdownHook] INFO  o.s.o.j.LocalContainerEntityManagerFactoryBean - Closing JPA EntityManagerFactory for persistence unit 'default'
2026-06-30 16:40:45 [SpringApplicationShutdownHook] INFO  com.zaxxer.hikari.HikariDataSource - HikariPool-1 - Shutdown initiated...
2026-06-30 16:40:45 [SpringApplicationShutdownHook] INFO  com.zaxxer.hikari.HikariDataSource - HikariPool-1 - Shutdown completed.
2026-06-30 16:40:46 [background-preinit] INFO  o.h.validator.internal.util.Version - HV000001: Hibernate Validator 8.0.3.Final
2026-06-30 16:40:46 [restartedMain] INFO  c.e.t.TiendaTechApplication - Starting TiendaTechApplication using Java 24.0.2 with PID 8120 (D:\Programas\Cybersecurity\Tienda_Tech\target\classes started by usuario in D:\Programas\Cybersecurity\Tienda_Tech)
2026-06-30 16:40:46 [restartedMain] INFO  c.e.t.TiendaTechApplication - No active profile set, falling back to 1 default profile: "default"
2026-06-30 16:40:46 [restartedMain] INFO  o.s.b.d.e.DevToolsPropertyDefaultsPostProcessor - Devtools property defaults active! Set 'spring.devtools.add-properties' to 'false' to disable
2026-06-30 16:40:46 [restartedMain] INFO  o.s.b.d.e.DevToolsPropertyDefaultsPostProcessor - For additional web related logging consider setting the 'logging.level.web' property to 'DEBUG'
2026-06-30 16:40:47 [restartedMain] INFO  o.s.d.r.c.RepositoryConfigurationDelegate - Bootstrapping Spring Data JPA repositories in DEFAULT mode.
2026-06-30 16:40:47 [restartedMain] INFO  o.s.d.r.c.RepositoryConfigurationDelegate - Finished Spring Data repository scanning in 61 ms. Found 17 JPA repository interfaces.
2026-06-30 16:40:47 [restartedMain] INFO  o.s.b.w.e.tomcat.TomcatWebServer - Tomcat initialized with port 8080 (http)
2026-06-30 16:40:47 [restartedMain] INFO  o.a.coyote.http11.Http11NioProtocol - Initializing ProtocolHandler ["http-nio-8080"]
2026-06-30 16:40:47 [restartedMain] INFO  o.a.catalina.core.StandardService - Starting service [Tomcat]
2026-06-30 16:40:47 [restartedMain] INFO  o.a.catalina.core.StandardEngine - Starting Servlet engine: [Apache Tomcat/10.1.44]
2026-06-30 16:40:48 [restartedMain] INFO  o.a.c.c.C.[Tomcat].[localhost].[/] - Initializing Spring embedded WebApplicationContext
2026-06-30 16:40:48 [restartedMain] INFO  o.s.b.w.s.c.ServletWebServerApplicationContext - Root WebApplicationContext: initialization completed in 1023 ms
2026-06-30 16:40:48 [restartedMain] INFO  o.h.jpa.internal.util.LogHelper - HHH000204: Processing PersistenceUnitInfo [name: default]
2026-06-30 16:40:48 [restartedMain] INFO  org.hibernate.Version - HHH000412: Hibernate ORM core version 6.6.26.Final
2026-06-30 16:40:48 [restartedMain] INFO  o.h.c.i.RegionFactoryInitiator - HHH000026: Second-level cache disabled
2026-06-30 16:40:48 [restartedMain] INFO  o.s.o.j.p.SpringPersistenceUnitInfo - No LoadTimeWeaver setup: ignoring JPA class transformer
2026-06-30 16:40:48 [restartedMain] INFO  com.zaxxer.hikari.HikariDataSource - HikariPool-1 - Starting...
2026-06-30 16:40:48 [restartedMain] INFO  com.zaxxer.hikari.pool.HikariPool - HikariPool-1 - Added connection org.postgresql.jdbc.PgConnection@7cb08a4e
2026-06-30 16:40:48 [restartedMain] INFO  com.zaxxer.hikari.HikariDataSource - HikariPool-1 - Start completed.
2026-06-30 16:40:48 [restartedMain] INFO  o.hibernate.orm.connections.pooling - HHH10001005: Database info:
	Database JDBC URL [Connecting through datasource 'HikariDataSource (HikariPool-1)']
	Database driver: undefined/unknown
	Database version: 18.1
	Autocommit mode: undefined/unknown
	Isolation level: undefined/unknown
	Minimum pool size: undefined/unknown
	Maximum pool size: undefined/unknown
2026-06-30 16:40:49 [restartedMain] INFO  o.h.e.t.j.p.i.JtaPlatformInitiator - HHH000489: No JTA platform available (set 'hibernate.transaction.jta.platform' to enable JTA platform integration)
2026-06-30 16:40:49 [restartedMain] INFO  o.s.o.j.LocalContainerEntityManagerFactoryBean - Initialized JPA EntityManagerFactory for persistence unit 'default'
2026-06-30 16:40:49 [restartedMain] INFO  o.s.d.j.r.query.QueryEnhancerFactory - Hibernate is in classpath; If applicable, HQL parser will be used.
2026-06-30 16:40:49 [restartedMain] INFO  c.e.tienda_tech.security.JwtConfig - JWT secret cargada (88 chars).
2026-06-30 16:40:50 [restartedMain] WARN  o.s.b.a.o.j.JpaBaseConfiguration$JpaWebConfiguration - spring.jpa.open-in-view is enabled by default. Therefore, database queries may be performed during view rendering. Explicitly configure spring.jpa.open-in-view to disable this warning
2026-06-30 16:40:50 [restartedMain] INFO  o.s.b.a.w.s.WelcomePageHandlerMapping - Adding welcome page: class path resource [static/index.html]
2026-06-30 16:40:50 [restartedMain] TRACE o.s.w.s.m.m.a.RequestMappingHandlerMapping - 
	c.e.t.c.AlmacenamientoController:
	{POST [/api/productos/almacenamientos]}: crear(AlmacenamientoCreateRequest)
2026-06-30 16:40:50 [restartedMain] TRACE o.s.w.s.m.m.a.RequestMappingHandlerMapping - 
	c.e.t.c.a.AuditoriaController:
	{GET [/api/auditorias/usuarios]}: listarUsuarios()
	{GET [/api/auditorias/movimientos]}: movimientos(String,Integer,LocalDate,LocalDate)
	{GET [/api/auditorias/usuario]}: porUsuario(String,LocalDate,LocalDate)
	{GET [/api/auditorias/productos]}: productos(String,Integer,LocalDate,LocalDate)
2026-06-30 16:40:50 [restartedMain] TRACE o.s.w.s.m.m.a.RequestMappingHandlerMapping - 
	c.e.t.c.a.AuditoriaLoginController:
	{GET [/api/auditoria/usuariosL]}: usuariosAuditoria()
	{GET [/api/auditoria/logins]}: logins(String,LocalDate,LocalDate)
2026-06-30 16:40:50 [restartedMain] TRACE o.s.w.s.m.m.a.RequestMappingHandlerMapping - 
	c.e.t.c.a.AuthController:
	{POST [/auth/login]}: login(Map,HttpServletResponse)
	{POST [/auth/logout]}: logout(String,HttpServletResponse)
	{POST [/auth/keepalive]}: keepalive(String,HttpServletResponse)
	{POST [/auth/refresh]}: refresh(String,HttpServletResponse)
2026-06-30 16:40:50 [restartedMain] TRACE o.s.w.s.m.m.a.RequestMappingHandlerMapping - 
	c.e.t.c.AvatarController:
	{POST [/api/usuarios/{id}/avatar], consumes [multipart/form-data]}: uploadAvatar(Integer,MultipartFile)
	{DELETE [/api/usuarios/{id}/avatar]}: removeAvatar(Integer)
2026-06-30 16:40:50 [restartedMain] TRACE o.s.w.s.m.m.a.RequestMappingHandlerMapping - 
	c.e.t.c.BusquedaController:
	{GET [/api/busqueda/categoria/{categoriaId}]}: porCategoria(Integer,Integer)
2026-06-30 16:40:50 [restartedMain] TRACE o.s.w.s.m.m.a.RequestMappingHandlerMapping - 
	c.e.t.c.CarritoController:
	{DELETE [/api/carrito/items/{productoId}]}: remove(Integer,Integer)
	{GET [/api/carrito/items]}: list(Integer)
	{POST [/api/carrito/agregar]}: addItemAlias(Integer,CarritoAddReq)
	{PATCH [/api/carrito/items/{productoId}]}: setQty(Integer,Integer,Map)
	{POST [/api/carrito/items]}: addItem(Integer,CarritoAddReq)
	{GET [/api/carrito/resumen]}: summary(Integer)
2026-06-30 16:40:50 [restartedMain] TRACE o.s.w.s.m.m.a.RequestMappingHandlerMapping - 
	c.e.t.c.CategoriaController:
	{GET [/api/categorias]}: listar()
2026-06-30 16:40:50 [restartedMain] TRACE o.s.w.s.m.m.a.RequestMappingHandlerMapping - 
	c.e.t.c.CiudadController:
	{POST [/api/ciudades]}: crear(CiudadDTO)
	{GET [/api/ciudades]}: listar()
	{DELETE [/api/ciudades/{id}]}: eliminar(Short)
	{PUT [/api/ciudades/{id}]}: actualizar(Short,CiudadDTO)
2026-06-30 16:40:50 [restartedMain] TRACE o.s.w.s.m.m.a.RequestMappingHandlerMapping - 
	c.e.t.c.DireccionController:
	{POST [/api/usuarios/{usuarioId}/direcciones], consumes [application/json]}: crear(Integer,DireccionDTO)
	{GET [/api/usuarios/{usuarioId}/direcciones]}: listar(Integer,String)
	{DELETE [/api/usuarios/{usuarioId}/direcciones/{direccionId}]}: eliminar(Integer,Short)
	{PUT [/api/usuarios/{usuarioId}/direcciones/{direccionId}], consumes [application/json]}: actualizar(Integer,Short,DireccionDTO)
2026-06-30 16:40:50 [restartedMain] TRACE o.s.w.s.m.m.a.RequestMappingHandlerMapping - 
	c.e.t.c.EncuestaAdminController:
	{GET [/api/encuesta]}: get()
	{PUT [/api/encuesta]}: update(EncuestaUpdate)
	{DELETE [/api/encuesta/opciones/{key}/{valor}]}: deleteOpcion(String,String)
	{POST [/api/encuesta/preguntas]}: upsertPregunta(PreguntaUpsert)
	{POST [/api/encuesta/reglas]}: upsertRegla(ReglaUpsert)
	{DELETE [/api/encuesta/reglas/{key}/{valor}/{categoria}]}: deleteRegla(String,String,String)
	{DELETE [/api/encuesta/preguntas/{key}]}: deletePregunta(String)
	{POST [/api/encuesta/opciones]}: upsertOpcion(OpcionUpsert)
2026-06-30 16:40:50 [restartedMain] TRACE o.s.w.s.m.m.a.RequestMappingHandlerMapping - 
	c.e.t.c.FacturaController:
	{GET [/api/facturas/{id}]}: get(Integer)
	{GET [/api/facturas/{id}/pdf], produces [application/pdf]}: pdf(Integer)
2026-06-30 16:40:50 [restartedMain] TRACE o.s.w.s.m.m.a.RequestMappingHandlerMapping - 
	c.e.t.c.FaviconController:
	{ [/favicon.ico]}: favicon()
2026-06-30 16:40:50 [restartedMain] TRACE o.s.w.s.m.m.a.RequestMappingHandlerMapping - 
	c.e.t.c.GaleriaBatchFlagsController:
	{PATCH [/api/galeria/flags]}: flags(List)
2026-06-30 16:40:50 [restartedMain] TRACE o.s.w.s.m.m.a.RequestMappingHandlerMapping - 
	c.e.t.c.GaleriaCompatController:
	{GET [/api/galeria/{galeriaId}/contenido]}: contenidoLegacy(Integer)
	{HEAD [/api/galeria/{galeriaId}/contenido]}: headLegacy(Integer)
2026-06-30 16:40:50 [restartedMain] TRACE o.s.w.s.m.m.a.RequestMappingHandlerMapping - 
	c.e.t.c.GaleriaCompatProductosV2Controller:
	{GET [/api/productos/{productoId}/galeria/lista]}: listar(int,String)
	{POST [/api/productos/{productoId}/galeria/reordenar]}: reordenar(int,ReordenarVistaReq)
	{POST [/api/productos/{productoId}/galeria], consumes [application/json]}: subirJson(int,List)
	{POST [/api/productos/{productoId}/galeria/{galeriaId}/portada]}: portada(int,int)
2026-06-30 16:40:50 [restartedMain] TRACE o.s.w.s.m.m.a.RequestMappingHandlerMapping - 
	c.e.t.c.GaleriaImageController:
	{GET [/api/galeria/img/{galeriaId}]}: img(int)
2026-06-30 16:40:50 [restartedMain] TRACE o.s.w.s.m.m.a.RequestMappingHandlerMapping - 
	c.e.t.c.GaleriaMediaController:
	{GET [/api/galeria/{galeriaId}/media]}: media(int)
2026-06-30 16:40:50 [restartedMain] TRACE o.s.w.s.m.m.a.RequestMappingHandlerMapping - 
	c.e.t.c.GaleriaMenuController:
	{GET [/api/galeria/api/galeria-menu/{id}/contenido]}: contenidoMenu(Long)
2026-06-30 16:40:50 [restartedMain] TRACE o.s.w.s.m.m.a.RequestMappingHandlerMapping - 
	c.e.t.c.GaleriaV2Controller:
	{PATCH [/api/galeria_v2/{galeriaId}/flags]}: flags(Integer,FlagsDto)
	{GET [/api/galeria_v2/img/{galeriaId}]}: obtenerImagen(Integer)
	{GET [/api/galeria_v2/producto/{productoId}]}: listar(Integer,String)
	{POST [/api/galeria_v2], consumes [multipart/form-data]}: agregar(Integer,MultipartFile,String,Boolean,Boolean,Boolean,Integer,Integer,Integer,Integer)
	{DELETE [/api/galeria_v2/{galeriaId}]}: eliminar(Integer)
	{PUT [/api/galeria_v2/{productoId}/reordenar]}: reordenar(Integer,String,ReordenarReq)
	{PUT [/api/galeria_v2/{galeriaId}/portada]}: portada(Integer,PortadaReq)
	{HEAD [/api/galeria_v2/img/{galeriaId}]}: headImagen(Integer)
2026-06-30 16:40:50 [restartedMain] TRACE o.s.w.s.m.m.a.RequestMappingHandlerMapping - 
	c.e.t.c.HomeController:
	{GET [/api/productos/recientes-menu], produces [application/json]}: recientesMenu(int)
2026-06-30 16:40:50 [restartedMain] TRACE o.s.w.s.m.m.a.RequestMappingHandlerMapping - 
	c.e.t.c.LoginController:
	{POST [/api/login]}: login(Map)
	{POST [/api/login/mfa]}: verificarMfa(Map)
2026-06-30 16:40:50 [restartedMain] TRACE o.s.w.s.m.m.a.RequestMappingHandlerMapping - 
	c.e.t.c.MetodoPagoController:
	{POST [/api/mis-metodos-pago]}: crear(MetodoPagoDTO,HttpServletRequest)
	{GET [/api/mis-metodos-pago]}: listar(HttpServletRequest)
	{DELETE [/api/mis-metodos-pago/{metodoId}]}: eliminar(Integer,HttpServletRequest)
	{GET [/api/tipo_metodopago]}: tipos()
2026-06-30 16:40:50 [restartedMain] TRACE o.s.w.s.m.m.a.RequestMappingHandlerMapping - 
	c.e.t.c.MovimientoInventarioController:
	{GET [/api/movimientos]}: listar()
2026-06-30 16:40:50 [restartedMain] TRACE o.s.w.s.m.m.a.RequestMappingHandlerMapping - 
	c.e.t.c.OtpController:
	{POST [/api/otp/recuperar-password]}: recuperarPassword(Map)
	{POST [/api/otp]}: manejar(Map)
2026-06-30 16:40:50 [restartedMain] TRACE o.s.w.s.m.m.a.RequestMappingHandlerMapping - 
	c.e.t.c.PaypalController:
	{POST [/api/pagos/paypal/create-order]}: createOrder(Integer)
	{POST [/api/pagos/paypal/capture/{orderId}]}: capturePath(Integer,String,CaptureReq)
	{POST [/api/pagos/paypal/capture]}: captureBody(Integer,CaptureReq)
2026-06-30 16:40:50 [restartedMain] TRACE o.s.w.s.m.m.a.RequestMappingHandlerMapping - 
	c.e.t.c.ProductoBusquedaController:
	{POST [/api/productos/buscar]}: buscar(Map)
2026-06-30 16:40:50 [restartedMain] TRACE o.s.w.s.m.m.a.RequestMappingHandlerMapping - 
	c.e.t.c.ProductoController:
	{GET [/api/productos/mas-vendidos]}: masVendidos(int)
	{GET [/api/productos]}: listar(Pageable)
2026-06-30 16:40:50 [restartedMain] TRACE o.s.w.s.m.m.a.RequestMappingHandlerMapping - 
	c.e.t.c.ProductoQueryController:
	{GET [/api/productos/por-categoria]}: porCategoria(Integer,Integer)
	{GET [/api/productos/{id}]}: detalle(Integer,Integer)
2026-06-30 16:40:50 [restartedMain] TRACE o.s.w.s.m.m.a.RequestMappingHandlerMapping - 
	c.e.t.c.ProductoSpController:
	{POST [/api/sp/cubiertas]}: crearCubierta(CubiertaCreateRequest,String)
	{POST [/api/sp/fuentes]}: crearFuente(FuenteCreateRequest,String)
	{POST [/api/sp/perifericos]}: crearPeriferico(PerifericoCreateRequest,String)
	{POST [/api/sp/motherboards]}: crearMotherboard(MotherboardCreateRequest,String)
	{DELETE [/api/sp/productos/{id}]}: eliminarProducto(Integer,String)
	{GET [/api/sp/productos/{id}/editar]}: getDetalleEditar(Integer)
	{PUT [/api/sp/productos/{id}/basico]}: actualizarBasico(Integer,ProductoUpdateBasicoRequest,String)
	{POST [/api/sp/cpu-cooler]}: crearCpuCooler(CpuCoolerCreateRequest,String)
	{POST [/api/sp/almacenamientos]}: crearAlmacenamiento(AlmacenamientoCreateRequest,String)
	{POST [/api/sp/gpu]}: crearGpu(GpuCreateRequest,String)
	{POST [/api/sp/cpu]}: crearCpu(CpuCreateRequest,String)
	{GET [/api/sp/ivas]}: getIvas()
	{POST [/api/sp/ram]}: crearRam(RamCreateRequest,String)
2026-06-30 16:40:50 [restartedMain] TRACE o.s.w.s.m.m.a.RequestMappingHandlerMapping - 
	c.e.t.c.ProvinciaController:
	{POST [/api/provincias]}: crear(ProvinciaDTO)
	{GET [/api/provincias]}: listar()
	{DELETE [/api/provincias/{id}]}: eliminar(Long)
	{PUT [/api/provincias/{id}]}: actualizar(Long,ProvinciaDTO)
2026-06-30 16:40:50 [restartedMain] TRACE o.s.w.s.m.m.a.RequestMappingHandlerMapping - 
	c.e.t.c.RecuperarPasswordController:
	{POST [/api/usuarios/recuperar-password]}: recuperar(Map)
2026-06-30 16:40:50 [restartedMain] TRACE o.s.w.s.m.m.a.RequestMappingHandlerMapping - 
	c.e.t.c.SeguridadController:
	{POST [/api/seguridad/cambiar-password-token]}: cambiarPasswordToken(ChangePwdTokenReq)
	{POST [/api/seguridad/cambiar-password]}: cambiarPassword(HttpServletRequest,ChangePwdReq)
2026-06-30 16:40:50 [restartedMain] TRACE o.s.w.s.m.m.a.RequestMappingHandlerMapping - 
	c.e.t.c.SiemController:
	{GET [/api/siem/events]}: getEvents()
	{POST [/api/siem/clear]}: clearEvents()
2026-06-30 16:40:50 [restartedMain] TRACE o.s.w.s.m.m.a.RequestMappingHandlerMapping - 
	c.e.t.c.SpMovimientoController:
	{POST [/api/sp/movimiento-inventario]}: movimientoInventario(Object,String)
2026-06-30 16:40:50 [restartedMain] TRACE o.s.w.s.m.m.a.RequestMappingHandlerMapping - 
	c.e.t.c.SubtipoMovimientoController:
	{GET [/api/subtipos-movimiento]}: listar(Integer)
2026-06-30 16:40:50 [restartedMain] TRACE o.s.w.s.m.m.a.RequestMappingHandlerMapping - 
	c.e.t.c.SugerenciaController:
	{POST [/api/sugerencias/generar]}: generar(Map)
2026-06-30 16:40:50 [restartedMain] TRACE o.s.w.s.m.m.a.RequestMappingHandlerMapping - 
	c.e.t.c.SugerenciasController:
	{GET [/api/sugerencias/{id}]}: get(Integer)
	{GET [/api/usuarios/{usuarioId}/sugerencias/ultima]}: last(Integer)
	{GET [/api/usuarios/{usuarioId}/sugerencias]}: list(Integer,Integer,Integer)
	{DELETE [/api/sugerencias/{id}]}: delete(Integer)
	{POST [/api/sugerencias]}: crear(SugerenciaCreate)
	{PUT [/api/sugerencias/{id}]}: actualizar(Integer,SugerenciaUpdate)
	{POST [/api/sugerencias/{id}:toggle]}: toggle(Integer,ToggleBody)
	{POST [/api/sugerencias/full]}: crearFull(Map)
2026-06-30 16:40:50 [restartedMain] TRACE o.s.w.s.m.m.a.RequestMappingHandlerMapping - 
	c.e.t.c.UsuarioController:
	{GET [/api/usuarios/api/usuarios/me]}: me(HttpServletRequest)
	{POST [/api/usuarios/crear]}: crearCliente(UsuarioDTO)
	{POST [/api/usuarios/crear-usuario || /api/usuarios/crear_usuario]}: crearUsuario(UsuarioDTO)
	{DELETE [/api/usuarios/admin/{id}]}: deshabilitarAdmin(Integer,Integer)
	{GET [/api/usuarios/buscar]}: buscarPorUsuario(String,Integer,int)
	{PUT [/api/usuarios/cliente/{id}]}: actualizarCliente(Integer,ClienteUpdateRequest)
	{POST [/api/usuarios/crear-usuarioAdmin]}: crearAdminOTrabajador(UsuarioDTO)
	{PUT [/api/usuarios/admin/{id}]}: actualizarAdmin(Integer,Integer,ClienteUpdateRequest)
	{GET [/api/usuarios/buscar-min]}: buscarMin(String,Integer,int)
2026-06-30 16:40:50 [restartedMain] TRACE o.s.w.s.m.m.a.RequestMappingHandlerMapping - 
	c.e.t.r.c.ReportController:
	{GET [/api/report/usuarios/pdf], produces [application/pdf]}: usersPdf(boolean)
	{GET [/api/report/general/pdf], produces [application/pdf]}: generalAll(boolean)
	{GET [/api/report/kardex/pdf], produces [application/pdf]}: kardexPdf(String,String,Integer,boolean)
	{GET [/api/report/ordenes/pdf], produces [application/pdf]}: ordersPdf(String,String,boolean)
	{GET [/api/report/roles/pdf], produces [application/pdf]}: rolesPdf(boolean)
	{GET [/api/report/ciudades/pdf], produces [application/pdf]}: citiesPdf(boolean)
	{GET [/api/report/admin/pdf], produces [application/pdf]}: adminPdf(String,String,boolean)
	{GET [/api/report/provincias/pdf], produces [application/pdf]}: provincesPdf(boolean)
	{GET [/api/report/metodos-pago/pdf], produces [application/pdf]}: paymentMethodsPdf(boolean)
	{GET [/api/report/ventas-producto/pdf], produces [application/pdf]}: salesByProductPdf(String,String,boolean)
	{GET [/api/report/general/pdf-range], produces [application/pdf]}: generalByDate(String,String,boolean)
	{GET [/api/report/productos/pdf], produces [application/pdf]}: productsPdf(boolean)
	{GET [/api/report/stock-bajo/pdf], produces [application/pdf]}: lowStockPdf(int,boolean)
2026-06-30 16:40:50 [restartedMain] TRACE o.s.w.s.m.m.a.RequestMappingHandlerMapping - 
	o.s.b.a.w.s.e.BasicErrorController:
	{ [/error]}: error(HttpServletRequest)
	{ [/error], produces [text/html]}: errorHtml(HttpServletRequest,HttpServletResponse)
2026-06-30 16:40:50 [restartedMain] DEBUG o.s.w.s.m.m.a.RequestMappingHandlerMapping - 133 mappings in 'requestMappingHandlerMapping'
2026-06-30 16:40:50 [restartedMain] WARN  o.s.b.a.s.s.UserDetailsServiceAutoConfiguration - 

Using generated security password: aea49807-bebc-46b0-bf8e-f8ca426c3041

This generated password is for development use only. Your security configuration must be updated before running your application in production.

2026-06-30 16:40:50 [restartedMain] INFO  o.s.s.c.a.a.c.InitializeUserDetailsBeanManagerConfigurer$InitializeUserDetailsManagerConfigurer - Global AuthenticationManager configured with UserDetailsService bean with name inMemoryUserDetailsManager
2026-06-30 16:40:50 [restartedMain] INFO  o.s.b.d.a.OptionalLiveReloadServer - LiveReload server is running on port 35729
2026-06-30 16:40:50 [restartedMain] INFO  o.a.coyote.http11.Http11NioProtocol - Starting ProtocolHandler ["http-nio-8080"]
2026-06-30 16:40:50 [restartedMain] INFO  o.s.b.w.e.tomcat.TomcatWebServer - Tomcat started on port 8080 (http) with context path '/'
2026-06-30 16:40:50 [restartedMain] INFO  c.e.t.TiendaTechApplication - Started TiendaTechApplication in 4.136 seconds (process running for 4.679)
2026-06-30 16:40:52 [http-nio-8080-exec-1] INFO  o.a.c.c.C.[Tomcat].[localhost].[/] - Initializing Spring DispatcherServlet 'dispatcherServlet'
2026-06-30 16:40:52 [http-nio-8080-exec-1] INFO  o.s.web.servlet.DispatcherServlet - Initializing Servlet 'dispatcherServlet'
2026-06-30 16:40:52 [http-nio-8080-exec-1] TRACE o.s.web.servlet.DispatcherServlet - Detected org.springframework.web.multipart.support.StandardServletMultipartResolver@203346
2026-06-30 16:40:52 [http-nio-8080-exec-1] TRACE o.s.web.servlet.DispatcherServlet - Detected org.springframework.web.servlet.i18n.AcceptHeaderLocaleResolver@1aab0cee
2026-06-30 16:40:52 [http-nio-8080-exec-1] TRACE o.s.web.servlet.DispatcherServlet - Detected org.springframework.web.servlet.theme.FixedThemeResolver@597e42d5
2026-06-30 16:40:52 [http-nio-8080-exec-1] TRACE o.s.web.servlet.DispatcherServlet - Detected DefaultRequestToViewNameTranslator
2026-06-30 16:40:52 [http-nio-8080-exec-1] TRACE o.s.web.servlet.DispatcherServlet - Detected SessionFlashMapManager
2026-06-30 16:40:52 [http-nio-8080-exec-1] DEBUG o.s.web.servlet.DispatcherServlet - enableLoggingRequestDetails='false': request parameters and headers will be masked to prevent unsafe logging of potentially sensitive data
2026-06-30 16:40:52 [http-nio-8080-exec-1] INFO  o.s.web.servlet.DispatcherServlet - Completed initialization in 1 ms
2026-06-30 16:40:52 [http-nio-8080-exec-1] TRACE o.s.web.servlet.DispatcherServlet - GET "/Login.html", parameters={}, headers={masked} in DispatcherServlet 'dispatcherServlet'
2026-06-30 16:40:52 [http-nio-8080-exec-1] TRACE o.s.web.servlet.DispatcherServlet - No view rendering, null ModelAndView returned.
2026-06-30 16:40:52 [http-nio-8080-exec-1] DEBUG o.s.web.servlet.DispatcherServlet - Completed 200 OK, headers={masked}
2026-06-30 16:40:52 [http-nio-8080-exec-5] TRACE o.s.web.servlet.DispatcherServlet - GET "/js/role-utils.js", parameters={}, headers={masked} in DispatcherServlet 'dispatcherServlet'
2026-06-30 16:40:52 [http-nio-8080-exec-2] TRACE o.s.web.servlet.DispatcherServlet - GET "/css/style.css", parameters={}, headers={masked} in DispatcherServlet 'dispatcherServlet'
2026-06-30 16:40:52 [http-nio-8080-exec-5] TRACE o.s.web.servlet.DispatcherServlet - No view rendering, null ModelAndView returned.
2026-06-30 16:40:52 [http-nio-8080-exec-2] TRACE o.s.web.servlet.DispatcherServlet - No view rendering, null ModelAndView returned.
2026-06-30 16:40:52 [http-nio-8080-exec-2] DEBUG o.s.web.servlet.DispatcherServlet - Completed 200 OK, headers={masked}
2026-06-30 16:40:52 [http-nio-8080-exec-5] DEBUG o.s.web.servlet.DispatcherServlet - Completed 200 OK, headers={masked}
2026-06-30 16:40:52 [http-nio-8080-exec-3] TRACE o.s.web.servlet.DispatcherServlet - GET "/js/login.js?v=8", parameters={masked}, headers={masked} in DispatcherServlet 'dispatcherServlet'
2026-06-30 16:40:52 [http-nio-8080-exec-4] TRACE o.s.web.servlet.DispatcherServlet - GET "/js/auth-menu.js?v=8", parameters={masked}, headers={masked} in DispatcherServlet 'dispatcherServlet'
2026-06-30 16:40:52 [http-nio-8080-exec-4] TRACE o.s.web.servlet.DispatcherServlet - No view rendering, null ModelAndView returned.
2026-06-30 16:40:52 [http-nio-8080-exec-3] TRACE o.s.web.servlet.DispatcherServlet - No view rendering, null ModelAndView returned.
2026-06-30 16:40:52 [http-nio-8080-exec-3] DEBUG o.s.web.servlet.DispatcherServlet - Completed 200 OK, headers={masked}
2026-06-30 16:40:52 [http-nio-8080-exec-4] DEBUG o.s.web.servlet.DispatcherServlet - Completed 200 OK, headers={masked}
2026-06-30 16:41:00 [http-nio-8080-exec-7] TRACE o.s.web.servlet.DispatcherServlet - GET "/index.html", parameters={}, headers={masked} in DispatcherServlet 'dispatcherServlet'
2026-06-30 16:41:00 [http-nio-8080-exec-7] TRACE o.s.web.servlet.DispatcherServlet - No view rendering, null ModelAndView returned.
2026-06-30 16:41:00 [http-nio-8080-exec-7] DEBUG o.s.web.servlet.DispatcherServlet - Completed 200 OK, headers={masked}
2026-06-30 16:41:00 [http-nio-8080-exec-8] TRACE o.s.web.servlet.DispatcherServlet - GET "/js/auth-menu.js?v=4", parameters={masked}, headers={masked} in DispatcherServlet 'dispatcherServlet'
2026-06-30 16:41:00 [http-nio-8080-exec-6] TRACE o.s.web.servlet.DispatcherServlet - GET "/styleClaroMenu.css", parameters={}, headers={masked} in DispatcherServlet 'dispatcherServlet'
2026-06-30 16:41:00 [http-nio-8080-exec-8] TRACE o.s.web.servlet.DispatcherServlet - No view rendering, null ModelAndView returned.
2026-06-30 16:41:00 [http-nio-8080-exec-8] DEBUG o.s.web.servlet.DispatcherServlet - Completed 200 OK, headers={masked}
2026-06-30 16:41:00 [http-nio-8080-exec-6] ERROR c.e.tienda_tech.advice.ApiErrors - [GET /styleClaroMenu.css] Unhandled exception
org.springframework.web.servlet.resource.NoResourceFoundException: No static resource styleClaroMenu.css.
	at org.springframework.web.servlet.resource.ResourceHttpRequestHandler.handleRequest(ResourceHttpRequestHandler.java:585)
	at org.springframework.web.servlet.mvc.HttpRequestHandlerAdapter.handle(HttpRequestHandlerAdapter.java:52)
	at org.springframework.web.servlet.DispatcherServlet.doDispatch(DispatcherServlet.java:1089)
	at org.springframework.web.servlet.DispatcherServlet.doService(DispatcherServlet.java:979)
	at org.springframework.web.servlet.FrameworkServlet.processRequest(FrameworkServlet.java:1014)
	at org.springframework.web.servlet.FrameworkServlet.doGet(FrameworkServlet.java:903)
	at jakarta.servlet.http.HttpServlet.service(HttpServlet.java:564)
	at org.springframework.web.servlet.FrameworkServlet.service(FrameworkServlet.java:885)
	at jakarta.servlet.http.HttpServlet.service(HttpServlet.java:658)
	at org.apache.catalina.core.ApplicationFilterChain.internalDoFilter(ApplicationFilterChain.java:195)
	at org.apache.catalina.core.ApplicationFilterChain.doFilter(ApplicationFilterChain.java:140)
	at org.apache.tomcat.websocket.server.WsFilter.doFilter(WsFilter.java:51)
	at org.apache.catalina.core.ApplicationFilterChain.internalDoFilter(ApplicationFilterChain.java:164)
	at org.apache.catalina.core.ApplicationFilterChain.doFilter(ApplicationFilterChain.java:140)
	at org.springframework.web.filter.CompositeFilter$VirtualFilterChain.doFilter(CompositeFilter.java:108)
	at org.springframework.web.filter.CompositeFilter$VirtualFilterChain.doFilter(CompositeFilter.java:108)
	at org.springframework.security.web.FilterChainProxy.lambda$doFilterInternal$3(FilterChainProxy.java:231)
	at org.springframework.security.web.FilterChainProxy$VirtualFilterChain.doFilter(FilterChainProxy.java:365)
	at org.springframework.security.web.access.intercept.AuthorizationFilter.doFilter(AuthorizationFilter.java:101)
	at org.springframework.security.web.FilterChainProxy$VirtualFilterChain.doFilter(FilterChainProxy.java:374)
	at org.springframework.security.web.access.ExceptionTranslationFilter.doFilter(ExceptionTranslationFilter.java:125)
	at org.springframework.security.web.access.ExceptionTranslationFilter.doFilter(ExceptionTranslationFilter.java:119)
	at org.springframework.security.web.FilterChainProxy$VirtualFilterChain.doFilter(FilterChainProxy.java:374)
	at org.springframework.security.web.authentication.AnonymousAuthenticationFilter.doFilter(AnonymousAuthenticationFilter.java:100)
	at org.springframework.security.web.FilterChainProxy$VirtualFilterChain.doFilter(FilterChainProxy.java:374)
	at org.springframework.security.web.servletapi.SecurityContextHolderAwareRequestFilter.doFilter(SecurityContextHolderAwareRequestFilter.java:179)
	at org.springframework.security.web.FilterChainProxy$VirtualFilterChain.doFilter(FilterChainProxy.java:374)
	at org.springframework.security.web.savedrequest.RequestCacheAwareFilter.doFilter(RequestCacheAwareFilter.java:63)
	at org.springframework.security.web.FilterChainProxy$VirtualFilterChain.doFilter(FilterChainProxy.java:374)
	at org.springframework.security.web.authentication.logout.LogoutFilter.doFilter(LogoutFilter.java:107)
	at org.springframework.security.web.authentication.logout.LogoutFilter.doFilter(LogoutFilter.java:93)
	at org.springframework.security.web.FilterChainProxy$VirtualFilterChain.doFilter(FilterChainProxy.java:374)
	at org.springframework.web.filter.CorsFilter.doFilterInternal(CorsFilter.java:91)
	at org.springframework.web.filter.OncePerRequestFilter.doFilter(OncePerRequestFilter.java:116)
	at org.springframework.security.web.FilterChainProxy$VirtualFilterChain.doFilter(FilterChainProxy.java:374)
	at org.springframework.security.web.header.HeaderWriterFilter.doHeadersAfter(HeaderWriterFilter.java:90)
	at org.springframework.security.web.header.HeaderWriterFilter.doFilterInternal(HeaderWriterFilter.java:75)
	at org.springframework.web.filter.OncePerRequestFilter.doFilter(OncePerRequestFilter.java:116)
	at org.springframework.security.web.FilterChainProxy$VirtualFilterChain.doFilter(FilterChainProxy.java:374)
	at org.springframework.security.web.context.SecurityContextHolderFilter.doFilter(SecurityContextHolderFilter.java:82)
	at org.springframework.security.web.context.SecurityContextHolderFilter.doFilter(SecurityContextHolderFilter.java:69)
	at org.springframework.security.web.FilterChainProxy$VirtualFilterChain.doFilter(FilterChainProxy.java:374)
	at org.springframework.security.web.context.request.async.WebAsyncManagerIntegrationFilter.doFilterInternal(WebAsyncManagerIntegrationFilter.java:62)
	at org.springframework.web.filter.OncePerRequestFilter.doFilter(OncePerRequestFilter.java:116)
	at org.springframework.security.web.FilterChainProxy$VirtualFilterChain.doFilter(FilterChainProxy.java:374)
	at org.springframework.security.web.session.DisableEncodeUrlFilter.doFilterInternal(DisableEncodeUrlFilter.java:42)
	at org.springframework.web.filter.OncePerRequestFilter.doFilter(OncePerRequestFilter.java:116)
	at org.springframework.security.web.FilterChainProxy$VirtualFilterChain.doFilter(FilterChainProxy.java:374)
	at org.springframework.security.web.FilterChainProxy.doFilterInternal(FilterChainProxy.java:233)
	at org.springframework.security.web.FilterChainProxy.doFilter(FilterChainProxy.java:191)
	at org.springframework.web.filter.CompositeFilter$VirtualFilterChain.doFilter(CompositeFilter.java:113)
	at org.springframework.web.filter.ServletRequestPathFilter.doFilter(ServletRequestPathFilter.java:52)
	at org.springframework.web.filter.CompositeFilter$VirtualFilterChain.doFilter(CompositeFilter.java:113)
	at org.springframework.web.filter.CompositeFilter.doFilter(CompositeFilter.java:74)
	at org.springframework.security.config.annotation.web.configuration.WebSecurityConfiguration$CompositeFilterChainProxy.doFilter(WebSecurityConfiguration.java:319)
	at org.springframework.web.filter.CompositeFilter$VirtualFilterChain.doFilter(CompositeFilter.java:113)
	at org.springframework.web.servlet.handler.HandlerMappingIntrospector.lambda$createCacheFilter$4(HandlerMappingIntrospector.java:267)
	at org.springframework.web.filter.CompositeFilter$VirtualFilterChain.doFilter(CompositeFilter.java:113)
	at org.springframework.web.filter.CompositeFilter.doFilter(CompositeFilter.java:74)
	at org.springframework.security.config.annotation.web.configuration.WebMvcSecurityConfiguration$CompositeFilterChainProxy.doFilter(WebMvcSecurityConfiguration.java:240)
	at org.springframework.web.filter.DelegatingFilterProxy.invokeDelegate(DelegatingFilterProxy.java:362)
	at org.springframework.web.filter.DelegatingFilterProxy.doFilter(DelegatingFilterProxy.java:278)
	at org.apache.catalina.core.ApplicationFilterChain.internalDoFilter(ApplicationFilterChain.java:164)
	at org.apache.catalina.core.ApplicationFilterChain.doFilter(ApplicationFilterChain.java:140)
	at org.springframework.web.filter.RequestContextFilter.doFilterInternal(RequestContextFilter.java:100)
	at org.springframework.web.filter.OncePerRequestFilter.doFilter(OncePerRequestFilter.java:116)
	at org.apache.catalina.core.ApplicationFilterChain.internalDoFilter(ApplicationFilterChain.java:164)
	at org.apache.catalina.core.ApplicationFilterChain.doFilter(ApplicationFilterChain.java:140)
	at org.springframework.web.filter.FormContentFilter.doFilterInternal(FormContentFilter.java:93)
	at org.springframework.web.filter.OncePerRequestFilter.doFilter(OncePerRequestFilter.java:116)
	at org.apache.catalina.core.ApplicationFilterChain.internalDoFilter(ApplicationFilterChain.java:164)
	at org.apache.catalina.core.ApplicationFilterChain.doFilter(ApplicationFilterChain.java:140)
	at org.springframework.web.filter.CharacterEncodingFilter.doFilterInternal(CharacterEncodingFilter.java:201)
	at org.springframework.web.filter.OncePerRequestFilter.doFilter(OncePerRequestFilter.java:116)
	at org.apache.catalina.core.ApplicationFilterChain.internalDoFilter(ApplicationFilterChain.java:164)
	at org.apache.catalina.core.ApplicationFilterChain.doFilter(ApplicationFilterChain.java:140)
	at org.apache.catalina.core.StandardWrapperValve.invoke(StandardWrapperValve.java:167)
	at org.apache.catalina.core.StandardContextValve.invoke(StandardContextValve.java:90)
	at org.apache.catalina.authenticator.AuthenticatorBase.invoke(AuthenticatorBase.java:483)
	at org.apache.catalina.core.StandardHostValve.invoke(StandardHostValve.java:116)
	at org.apache.catalina.valves.ErrorReportValve.invoke(ErrorReportValve.java:93)
	at org.apache.catalina.core.StandardEngineValve.invoke(StandardEngineValve.java:74)
	at org.apache.catalina.connector.CoyoteAdapter.service(CoyoteAdapter.java:344)
	at org.apache.coyote.http11.Http11Processor.service(Http11Processor.java:398)
	at org.apache.coyote.AbstractProcessorLight.process(AbstractProcessorLight.java:63)
	at org.apache.coyote.AbstractProtocol$ConnectionHandler.process(AbstractProtocol.java:903)
	at org.apache.tomcat.util.net.NioEndpoint$SocketProcessor.doRun(NioEndpoint.java:1769)
	at org.apache.tomcat.util.net.SocketProcessorBase.run(SocketProcessorBase.java:52)
	at org.apache.tomcat.util.threads.ThreadPoolExecutor.runWorker(ThreadPoolExecutor.java:1189)
	at org.apache.tomcat.util.threads.ThreadPoolExecutor$Worker.run(ThreadPoolExecutor.java:658)
	at org.apache.tomcat.util.threads.TaskThread$WrappingRunnable.run(TaskThread.java:63)
	at java.base/java.lang.Thread.run(Thread.java:1447)
2026-06-30 16:41:00 [http-nio-8080-exec-6] WARN  o.s.w.s.m.m.a.ExceptionHandlerExceptionResolver - Resolved [org.springframework.web.servlet.resource.NoResourceFoundException: No static resource styleClaroMenu.css.]
2026-06-30 16:41:00 [http-nio-8080-exec-6] TRACE o.s.web.servlet.DispatcherServlet - No view rendering, null ModelAndView returned.
2026-06-30 16:41:00 [http-nio-8080-exec-6] DEBUG o.s.web.servlet.DispatcherServlet - Completed 500 INTERNAL_SERVER_ERROR, headers={masked}
2026-06-30 16:41:00 [http-nio-8080-exec-9] TRACE o.s.web.servlet.DispatcherServlet - GET "/api/categorias", parameters={}, headers={masked} in DispatcherServlet 'dispatcherServlet'
2026-06-30 16:41:00 [http-nio-8080-exec-10] TRACE o.s.web.servlet.DispatcherServlet - GET "/assets/menu/img1.jpg", parameters={}, headers={masked} in DispatcherServlet 'dispatcherServlet'
2026-06-30 16:41:00 [http-nio-8080-exec-1] TRACE o.s.web.servlet.DispatcherServlet - GET "/assets/menu/img2.jpg", parameters={}, headers={masked} in DispatcherServlet 'dispatcherServlet'
2026-06-30 16:41:00 [http-nio-8080-exec-9] TRACE o.s.w.s.m.m.a.RequestMappingHandlerMapping - Mapped to com.example.tienda_tech.controller.CategoriaController#listar()
2026-06-30 16:41:00 [http-nio-8080-exec-5] TRACE o.s.web.servlet.DispatcherServlet - GET "/assets/menu/img3.jpg", parameters={}, headers={masked} in DispatcherServlet 'dispatcherServlet'
2026-06-30 16:41:00 [http-nio-8080-exec-2] TRACE o.s.web.servlet.DispatcherServlet - GET "/api/productos/recientes-menu", parameters={}, headers={masked} in DispatcherServlet 'dispatcherServlet'
2026-06-30 16:41:00 [http-nio-8080-exec-2] TRACE o.s.w.s.m.m.a.RequestMappingHandlerMapping - Mapped to com.example.tienda_tech.controller.HomeController#recientesMenu(int)
2026-06-30 16:41:00 [http-nio-8080-exec-10] TRACE o.s.web.servlet.DispatcherServlet - No view rendering, null ModelAndView returned.
2026-06-30 16:41:00 [http-nio-8080-exec-1] TRACE o.s.web.servlet.DispatcherServlet - No view rendering, null ModelAndView returned.
2026-06-30 16:41:00 [http-nio-8080-exec-1] DEBUG o.s.web.servlet.DispatcherServlet - Completed 200 OK, headers={masked}
2026-06-30 16:41:00 [http-nio-8080-exec-10] DEBUG o.s.web.servlet.DispatcherServlet - Completed 200 OK, headers={masked}
2026-06-30 16:41:00 [http-nio-8080-exec-5] TRACE o.s.web.servlet.DispatcherServlet - No view rendering, null ModelAndView returned.
2026-06-30 16:41:00 [http-nio-8080-exec-5] DEBUG o.s.web.servlet.DispatcherServlet - Completed 200 OK, headers={masked}
2026-06-30 16:41:00 [http-nio-8080-exec-9] TRACE o.s.web.servlet.DispatcherServlet - No view rendering, null ModelAndView returned.
2026-06-30 16:41:00 [http-nio-8080-exec-9] DEBUG o.s.web.servlet.DispatcherServlet - Completed 200 OK, headers={masked}
2026-06-30 16:41:01 [http-nio-8080-exec-2] TRACE o.s.web.servlet.DispatcherServlet - No view rendering, null ModelAndView returned.
2026-06-30 16:41:01 [http-nio-8080-exec-2] DEBUG o.s.web.servlet.DispatcherServlet - Completed 200 OK, headers={masked}
2026-06-30 16:41:01 [http-nio-8080-exec-8] TRACE o.s.w.s.m.m.a.RequestMappingHandlerMapping - 2 matching mappings: [{HEAD [/api/galeria/{galeriaId}/contenido]}, {GET [/api/galeria/{galeriaId}/contenido]}]
2026-06-30 16:41:01 [http-nio-8080-exec-6] TRACE o.s.w.s.m.m.a.RequestMappingHandlerMapping - 2 matching mappings: [{HEAD [/api/galeria/{galeriaId}/contenido]}, {GET [/api/galeria/{galeriaId}/contenido]}]
2026-06-30 16:41:01 [http-nio-8080-exec-4] TRACE o.s.w.s.m.m.a.RequestMappingHandlerMapping - 2 matching mappings: [{HEAD [/api/galeria/{galeriaId}/contenido]}, {GET [/api/galeria/{galeriaId}/contenido]}]
2026-06-30 16:41:01 [http-nio-8080-exec-3] TRACE o.s.w.s.m.m.a.RequestMappingHandlerMapping - 2 matching mappings: [{HEAD [/api/galeria/{galeriaId}/contenido]}, {GET [/api/galeria/{galeriaId}/contenido]}]
2026-06-30 16:41:01 [http-nio-8080-exec-7] TRACE o.s.w.s.m.m.a.RequestMappingHandlerMapping - 2 matching mappings: [{HEAD [/api/galeria/{galeriaId}/contenido]}, {GET [/api/galeria/{galeriaId}/contenido]}]
2026-06-30 16:41:01 [http-nio-8080-exec-4] TRACE o.s.web.servlet.DispatcherServlet - HEAD "/api/galeria/303/contenido", parameters={}, headers={masked} in DispatcherServlet 'dispatcherServlet'
2026-06-30 16:41:01 [http-nio-8080-exec-7] TRACE o.s.web.servlet.DispatcherServlet - HEAD "/api/galeria/292/contenido", parameters={}, headers={masked} in DispatcherServlet 'dispatcherServlet'
2026-06-30 16:41:01 [http-nio-8080-exec-8] TRACE o.s.web.servlet.DispatcherServlet - HEAD "/api/galeria/264/contenido", parameters={}, headers={masked} in DispatcherServlet 'dispatcherServlet'
2026-06-30 16:41:01 [http-nio-8080-exec-3] TRACE o.s.web.servlet.DispatcherServlet - HEAD "/api/galeria/312/contenido", parameters={}, headers={masked} in DispatcherServlet 'dispatcherServlet'
2026-06-30 16:41:01 [http-nio-8080-exec-6] TRACE o.s.web.servlet.DispatcherServlet - HEAD "/api/galeria/244/contenido", parameters={}, headers={masked} in DispatcherServlet 'dispatcherServlet'
2026-06-30 16:41:01 [http-nio-8080-exec-3] TRACE o.s.w.s.m.m.a.RequestMappingHandlerMapping - 2 matching mappings: [{HEAD [/api/galeria/{galeriaId}/contenido]}, {GET [/api/galeria/{galeriaId}/contenido]}]
2026-06-30 16:41:01 [http-nio-8080-exec-6] TRACE o.s.w.s.m.m.a.RequestMappingHandlerMapping - 2 matching mappings: [{HEAD [/api/galeria/{galeriaId}/contenido]}, {GET [/api/galeria/{galeriaId}/contenido]}]
2026-06-30 16:41:01 [http-nio-8080-exec-7] TRACE o.s.w.s.m.m.a.RequestMappingHandlerMapping - 2 matching mappings: [{HEAD [/api/galeria/{galeriaId}/contenido]}, {GET [/api/galeria/{galeriaId}/contenido]}]
2026-06-30 16:41:01 [http-nio-8080-exec-3] TRACE o.s.w.s.m.m.a.RequestMappingHandlerMapping - Mapped to com.example.tienda_tech.controller.GaleriaCompatController#headLegacy(Integer)
2026-06-30 16:41:01 [http-nio-8080-exec-8] TRACE o.s.w.s.m.m.a.RequestMappingHandlerMapping - 2 matching mappings: [{HEAD [/api/galeria/{galeriaId}/contenido]}, {GET [/api/galeria/{galeriaId}/contenido]}]
2026-06-30 16:41:01 [http-nio-8080-exec-6] TRACE o.s.w.s.m.m.a.RequestMappingHandlerMapping - Mapped to com.example.tienda_tech.controller.GaleriaCompatController#headLegacy(Integer)
2026-06-30 16:41:01 [http-nio-8080-exec-4] TRACE o.s.w.s.m.m.a.RequestMappingHandlerMapping - 2 matching mappings: [{HEAD [/api/galeria/{galeriaId}/contenido]}, {GET [/api/galeria/{galeriaId}/contenido]}]
2026-06-30 16:41:01 [http-nio-8080-exec-8] TRACE o.s.w.s.m.m.a.RequestMappingHandlerMapping - Mapped to com.example.tienda_tech.controller.GaleriaCompatController#headLegacy(Integer)
2026-06-30 16:41:01 [http-nio-8080-exec-7] TRACE o.s.w.s.m.m.a.RequestMappingHandlerMapping - Mapped to com.example.tienda_tech.controller.GaleriaCompatController#headLegacy(Integer)
2026-06-30 16:41:01 [http-nio-8080-exec-4] TRACE o.s.w.s.m.m.a.RequestMappingHandlerMapping - Mapped to com.example.tienda_tech.controller.GaleriaCompatController#headLegacy(Integer)
2026-06-30 16:41:01 [http-nio-8080-exec-4] TRACE o.s.web.servlet.DispatcherServlet - No view rendering, null ModelAndView returned.
2026-06-30 16:41:01 [http-nio-8080-exec-8] TRACE o.s.web.servlet.DispatcherServlet - No view rendering, null ModelAndView returned.
2026-06-30 16:41:01 [http-nio-8080-exec-7] TRACE o.s.web.servlet.DispatcherServlet - No view rendering, null ModelAndView returned.
2026-06-30 16:41:01 [http-nio-8080-exec-3] TRACE o.s.web.servlet.DispatcherServlet - No view rendering, null ModelAndView returned.
2026-06-30 16:41:01 [http-nio-8080-exec-6] TRACE o.s.web.servlet.DispatcherServlet - No view rendering, null ModelAndView returned.
2026-06-30 16:41:01 [http-nio-8080-exec-4] DEBUG o.s.web.servlet.DispatcherServlet - Completed 200 OK, headers={masked}
2026-06-30 16:41:01 [http-nio-8080-exec-3] DEBUG o.s.web.servlet.DispatcherServlet - Completed 200 OK, headers={masked}
2026-06-30 16:41:01 [http-nio-8080-exec-7] DEBUG o.s.web.servlet.DispatcherServlet - Completed 200 OK, headers={masked}
2026-06-30 16:41:01 [http-nio-8080-exec-8] DEBUG o.s.web.servlet.DispatcherServlet - Completed 200 OK, headers={masked}
2026-06-30 16:41:01 [http-nio-8080-exec-6] DEBUG o.s.web.servlet.DispatcherServlet - Completed 200 OK, headers={masked}
2026-06-30 16:41:01 [http-nio-8080-exec-5] TRACE o.s.web.servlet.DispatcherServlet - GET "/api/galeria/292/contenido", parameters={}, headers={masked} in DispatcherServlet 'dispatcherServlet'
2026-06-30 16:41:01 [http-nio-8080-exec-10] TRACE o.s.web.servlet.DispatcherServlet - GET "/api/galeria/312/contenido", parameters={}, headers={masked} in DispatcherServlet 'dispatcherServlet'
2026-06-30 16:41:01 [http-nio-8080-exec-1] TRACE o.s.web.servlet.DispatcherServlet - GET "/api/galeria/303/contenido", parameters={}, headers={masked} in DispatcherServlet 'dispatcherServlet'
2026-06-30 16:41:01 [http-nio-8080-exec-5] TRACE o.s.w.s.m.m.a.RequestMappingHandlerMapping - Mapped to com.example.tienda_tech.controller.GaleriaCompatController#contenidoLegacy(Integer)
2026-06-30 16:41:01 [http-nio-8080-exec-10] TRACE o.s.w.s.m.m.a.RequestMappingHandlerMapping - Mapped to com.example.tienda_tech.controller.GaleriaCompatController#contenidoLegacy(Integer)
2026-06-30 16:41:01 [http-nio-8080-exec-1] TRACE o.s.w.s.m.m.a.RequestMappingHandlerMapping - Mapped to com.example.tienda_tech.controller.GaleriaCompatController#contenidoLegacy(Integer)
2026-06-30 16:41:01 [http-nio-8080-exec-9] TRACE o.s.web.servlet.DispatcherServlet - GET "/api/galeria/264/contenido", parameters={}, headers={masked} in DispatcherServlet 'dispatcherServlet'
2026-06-30 16:41:01 [http-nio-8080-exec-2] TRACE o.s.web.servlet.DispatcherServlet - GET "/api/galeria/244/contenido", parameters={}, headers={masked} in DispatcherServlet 'dispatcherServlet'
2026-06-30 16:41:01 [http-nio-8080-exec-9] TRACE o.s.w.s.m.m.a.RequestMappingHandlerMapping - Mapped to com.example.tienda_tech.controller.GaleriaCompatController#contenidoLegacy(Integer)
2026-06-30 16:41:01 [http-nio-8080-exec-2] TRACE o.s.w.s.m.m.a.RequestMappingHandlerMapping - Mapped to com.example.tienda_tech.controller.GaleriaCompatController#contenidoLegacy(Integer)
2026-06-30 16:41:01 [http-nio-8080-exec-1] TRACE o.s.web.servlet.DispatcherServlet - No view rendering, null ModelAndView returned.
2026-06-30 16:41:01 [http-nio-8080-exec-10] TRACE o.s.web.servlet.DispatcherServlet - No view rendering, null ModelAndView returned.
2026-06-30 16:41:01 [http-nio-8080-exec-9] TRACE o.s.web.servlet.DispatcherServlet - No view rendering, null ModelAndView returned.
2026-06-30 16:41:01 [http-nio-8080-exec-1] DEBUG o.s.web.servlet.DispatcherServlet - Completed 200 OK, headers={masked}
2026-06-30 16:41:01 [http-nio-8080-exec-10] DEBUG o.s.web.servlet.DispatcherServlet - Completed 200 OK, headers={masked}
2026-06-30 16:41:01 [http-nio-8080-exec-9] DEBUG o.s.web.servlet.DispatcherServlet - Completed 200 OK, headers={masked}
2026-06-30 16:41:01 [http-nio-8080-exec-5] TRACE o.s.web.servlet.DispatcherServlet - No view rendering, null ModelAndView returned.
2026-06-30 16:41:01 [http-nio-8080-exec-5] DEBUG o.s.web.servlet.DispatcherServlet - Completed 200 OK, headers={masked}
2026-06-30 16:41:01 [http-nio-8080-exec-2] TRACE o.s.web.servlet.DispatcherServlet - No view rendering, null ModelAndView returned.
2026-06-30 16:41:01 [http-nio-8080-exec-2] DEBUG o.s.web.servlet.DispatcherServlet - Completed 200 OK, headers={masked}
2026-06-30 16:44:25 [SpringApplicationShutdownHook] INFO  o.s.b.w.e.tomcat.GracefulShutdown - Commencing graceful shutdown. Waiting for active requests to complete
2026-06-30 16:44:25 [tomcat-shutdown] INFO  o.s.b.w.e.tomcat.GracefulShutdown - Graceful shutdown complete
2026-06-30 16:44:25 [SpringApplicationShutdownHook] INFO  o.s.o.j.LocalContainerEntityManagerFactoryBean - Closing JPA EntityManagerFactory for persistence unit 'default'
2026-06-30 16:44:25 [SpringApplicationShutdownHook] INFO  com.zaxxer.hikari.HikariDataSource - HikariPool-1 - Shutdown initiated...
2026-06-30 16:44:25 [SpringApplicationShutdownHook] INFO  com.zaxxer.hikari.HikariDataSource - HikariPool-1 - Shutdown completed.
2026-06-30 16:44:27 [background-preinit] INFO  o.h.validator.internal.util.Version - HV000001: Hibernate Validator 8.0.3.Final
2026-06-30 16:44:27 [restartedMain] INFO  c.e.t.TiendaTechApplication - Starting TiendaTechApplication using Java 24.0.2 with PID 7940 (D:\Programas\Cybersecurity\Tienda_Tech\target\classes started by usuario in D:\Programas\Cybersecurity\Tienda_Tech)
2026-06-30 16:44:27 [restartedMain] INFO  c.e.t.TiendaTechApplication - No active profile set, falling back to 1 default profile: "default"
2026-06-30 16:44:27 [restartedMain] INFO  o.s.b.d.e.DevToolsPropertyDefaultsPostProcessor - Devtools property defaults active! Set 'spring.devtools.add-properties' to 'false' to disable
2026-06-30 16:44:27 [restartedMain] INFO  o.s.b.d.e.DevToolsPropertyDefaultsPostProcessor - For additional web related logging consider setting the 'logging.level.web' property to 'DEBUG'
2026-06-30 16:44:28 [restartedMain] INFO  o.s.d.r.c.RepositoryConfigurationDelegate - Bootstrapping Spring Data JPA repositories in DEFAULT mode.
2026-06-30 16:44:28 [restartedMain] INFO  o.s.d.r.c.RepositoryConfigurationDelegate - Finished Spring Data repository scanning in 72 ms. Found 17 JPA repository interfaces.
2026-06-30 16:44:28 [restartedMain] INFO  o.s.b.w.e.tomcat.TomcatWebServer - Tomcat initialized with port 8080 (http)
2026-06-30 16:44:28 [restartedMain] INFO  o.a.coyote.http11.Http11NioProtocol - Initializing ProtocolHandler ["http-nio-8080"]
2026-06-30 16:44:28 [restartedMain] INFO  o.a.catalina.core.StandardService - Starting service [Tomcat]
2026-06-30 16:44:28 [restartedMain] INFO  o.a.catalina.core.StandardEngine - Starting Servlet engine: [Apache Tomcat/10.1.44]
2026-06-30 16:44:28 [restartedMain] INFO  o.a.c.c.C.[Tomcat].[localhost].[/] - Initializing Spring embedded WebApplicationContext
2026-06-30 16:44:28 [restartedMain] INFO  o.s.b.w.s.c.ServletWebServerApplicationContext - Root WebApplicationContext: initialization completed in 1081 ms
2026-06-30 16:44:28 [restartedMain] INFO  o.h.jpa.internal.util.LogHelper - HHH000204: Processing PersistenceUnitInfo [name: default]
2026-06-30 16:44:28 [restartedMain] INFO  org.hibernate.Version - HHH000412: Hibernate ORM core version 6.6.26.Final
2026-06-30 16:44:28 [restartedMain] INFO  o.h.c.i.RegionFactoryInitiator - HHH000026: Second-level cache disabled
2026-06-30 16:44:29 [restartedMain] INFO  o.s.o.j.p.SpringPersistenceUnitInfo - No LoadTimeWeaver setup: ignoring JPA class transformer
2026-06-30 16:44:29 [restartedMain] INFO  com.zaxxer.hikari.HikariDataSource - HikariPool-1 - Starting...
2026-06-30 16:44:29 [restartedMain] INFO  com.zaxxer.hikari.pool.HikariPool - HikariPool-1 - Added connection org.postgresql.jdbc.PgConnection@4085e94b
2026-06-30 16:44:29 [restartedMain] INFO  com.zaxxer.hikari.HikariDataSource - HikariPool-1 - Start completed.
2026-06-30 16:44:29 [restartedMain] INFO  o.hibernate.orm.connections.pooling - HHH10001005: Database info:
	Database JDBC URL [Connecting through datasource 'HikariDataSource (HikariPool-1)']
	Database driver: undefined/unknown
	Database version: 18.1
	Autocommit mode: undefined/unknown
	Isolation level: undefined/unknown
	Minimum pool size: undefined/unknown
	Maximum pool size: undefined/unknown
2026-06-30 16:44:30 [restartedMain] INFO  o.h.e.t.j.p.i.JtaPlatformInitiator - HHH000489: No JTA platform available (set 'hibernate.transaction.jta.platform' to enable JTA platform integration)
2026-06-30 16:44:30 [restartedMain] INFO  o.s.o.j.LocalContainerEntityManagerFactoryBean - Initialized JPA EntityManagerFactory for persistence unit 'default'
2026-06-30 16:44:30 [restartedMain] INFO  o.s.d.j.r.query.QueryEnhancerFactory - Hibernate is in classpath; If applicable, HQL parser will be used.
2026-06-30 16:44:30 [restartedMain] INFO  c.e.tienda_tech.security.JwtConfig - JWT secret cargada (88 chars).
2026-06-30 16:44:31 [restartedMain] WARN  o.s.b.a.o.j.JpaBaseConfiguration$JpaWebConfiguration - spring.jpa.open-in-view is enabled by default. Therefore, database queries may be performed during view rendering. Explicitly configure spring.jpa.open-in-view to disable this warning
2026-06-30 16:44:31 [restartedMain] INFO  o.s.b.a.w.s.WelcomePageHandlerMapping - Adding welcome page: class path resource [static/index.html]
2026-06-30 16:44:31 [restartedMain] TRACE o.s.w.s.m.m.a.RequestMappingHandlerMapping - 
	c.e.t.c.AlmacenamientoController:
	{POST [/api/productos/almacenamientos]}: crear(AlmacenamientoCreateRequest)
2026-06-30 16:44:31 [restartedMain] TRACE o.s.w.s.m.m.a.RequestMappingHandlerMapping - 
	c.e.t.c.a.AuditoriaController:
	{GET [/api/auditorias/productos]}: productos(String,Integer,LocalDate,LocalDate)
	{GET [/api/auditorias/usuario]}: porUsuario(String,LocalDate,LocalDate)
	{GET [/api/auditorias/movimientos]}: movimientos(String,Integer,LocalDate,LocalDate)
	{GET [/api/auditorias/usuarios]}: listarUsuarios()
2026-06-30 16:44:31 [restartedMain] TRACE o.s.w.s.m.m.a.RequestMappingHandlerMapping - 
	c.e.t.c.a.AuditoriaLoginController:
	{GET [/api/auditoria/logins]}: logins(String,LocalDate,LocalDate)
	{GET [/api/auditoria/usuariosL]}: usuariosAuditoria()
2026-06-30 16:44:31 [restartedMain] TRACE o.s.w.s.m.m.a.RequestMappingHandlerMapping - 
	c.e.t.c.a.AuthController:
	{POST [/auth/refresh]}: refresh(String,HttpServletResponse)
	{POST [/auth/keepalive]}: keepalive(String,HttpServletResponse)
	{POST [/auth/logout]}: logout(String,HttpServletResponse)
	{POST [/auth/login]}: login(Map,HttpServletResponse)
2026-06-30 16:44:31 [restartedMain] TRACE o.s.w.s.m.m.a.RequestMappingHandlerMapping - 
	c.e.t.c.AvatarController:
	{POST [/api/usuarios/{id}/avatar], consumes [multipart/form-data]}: uploadAvatar(Integer,MultipartFile)
	{DELETE [/api/usuarios/{id}/avatar]}: removeAvatar(Integer)
2026-06-30 16:44:31 [restartedMain] TRACE o.s.w.s.m.m.a.RequestMappingHandlerMapping - 
	c.e.t.c.BusquedaController:
	{GET [/api/busqueda/categoria/{categoriaId}]}: porCategoria(Integer,Integer)
2026-06-30 16:44:31 [restartedMain] TRACE o.s.w.s.m.m.a.RequestMappingHandlerMapping - 
	c.e.t.c.CarritoController:
	{DELETE [/api/carrito/items/{productoId}]}: remove(Integer,Integer)
	{GET [/api/carrito/items]}: list(Integer)
	{POST [/api/carrito/items]}: addItem(Integer,CarritoAddReq)
	{PATCH [/api/carrito/items/{productoId}]}: setQty(Integer,Integer,Map)
	{GET [/api/carrito/resumen]}: summary(Integer)
	{POST [/api/carrito/agregar]}: addItemAlias(Integer,CarritoAddReq)
2026-06-30 16:44:31 [restartedMain] TRACE o.s.w.s.m.m.a.RequestMappingHandlerMapping - 
	c.e.t.c.CategoriaController:
	{GET [/api/categorias]}: listar()
2026-06-30 16:44:31 [restartedMain] TRACE o.s.w.s.m.m.a.RequestMappingHandlerMapping - 
	c.e.t.c.CiudadController:
	{PUT [/api/ciudades/{id}]}: actualizar(Short,CiudadDTO)
	{GET [/api/ciudades]}: listar()
	{DELETE [/api/ciudades/{id}]}: eliminar(Short)
	{POST [/api/ciudades]}: crear(CiudadDTO)
2026-06-30 16:44:31 [restartedMain] TRACE o.s.w.s.m.m.a.RequestMappingHandlerMapping - 
	c.e.t.c.DireccionController:
	{PUT [/api/usuarios/{usuarioId}/direcciones/{direccionId}], consumes [application/json]}: actualizar(Integer,Short,DireccionDTO)
	{GET [/api/usuarios/{usuarioId}/direcciones]}: listar(Integer,String)
	{DELETE [/api/usuarios/{usuarioId}/direcciones/{direccionId}]}: eliminar(Integer,Short)
	{POST [/api/usuarios/{usuarioId}/direcciones], consumes [application/json]}: crear(Integer,DireccionDTO)
2026-06-30 16:44:31 [restartedMain] TRACE o.s.w.s.m.m.a.RequestMappingHandlerMapping - 
	c.e.t.c.EncuestaAdminController:
	{GET [/api/encuesta]}: get()
	{PUT [/api/encuesta]}: update(EncuestaUpdate)
	{POST [/api/encuesta/opciones]}: upsertOpcion(OpcionUpsert)
	{DELETE [/api/encuesta/preguntas/{key}]}: deletePregunta(String)
	{POST [/api/encuesta/preguntas]}: upsertPregunta(PreguntaUpsert)
	{DELETE [/api/encuesta/opciones/{key}/{valor}]}: deleteOpcion(String,String)
	{POST [/api/encuesta/reglas]}: upsertRegla(ReglaUpsert)
	{DELETE [/api/encuesta/reglas/{key}/{valor}/{categoria}]}: deleteRegla(String,String,String)
2026-06-30 16:44:31 [restartedMain] TRACE o.s.w.s.m.m.a.RequestMappingHandlerMapping - 
	c.e.t.c.FacturaController:
	{GET [/api/facturas/{id}]}: get(Integer)
	{GET [/api/facturas/{id}/pdf], produces [application/pdf]}: pdf(Integer)
2026-06-30 16:44:31 [restartedMain] TRACE o.s.w.s.m.m.a.RequestMappingHandlerMapping - 
	c.e.t.c.FaviconController:
	{ [/favicon.ico]}: favicon()
2026-06-30 16:44:31 [restartedMain] TRACE o.s.w.s.m.m.a.RequestMappingHandlerMapping - 
	c.e.t.c.GaleriaBatchFlagsController:
	{PATCH [/api/galeria/flags]}: flags(List)
2026-06-30 16:44:31 [restartedMain] TRACE o.s.w.s.m.m.a.RequestMappingHandlerMapping - 
	c.e.t.c.GaleriaCompatController:
	{HEAD [/api/galeria/{galeriaId}/contenido]}: headLegacy(Integer)
	{GET [/api/galeria/{galeriaId}/contenido]}: contenidoLegacy(Integer)
2026-06-30 16:44:31 [restartedMain] TRACE o.s.w.s.m.m.a.RequestMappingHandlerMapping - 
	c.e.t.c.GaleriaCompatProductosV2Controller:
	{GET [/api/productos/{productoId}/galeria/lista]}: listar(int,String)
	{POST [/api/productos/{productoId}/galeria/reordenar]}: reordenar(int,ReordenarVistaReq)
	{POST [/api/productos/{productoId}/galeria/{galeriaId}/portada]}: portada(int,int)
	{POST [/api/productos/{productoId}/galeria], consumes [application/json]}: subirJson(int,List)
2026-06-30 16:44:31 [restartedMain] TRACE o.s.w.s.m.m.a.RequestMappingHandlerMapping - 
	c.e.t.c.GaleriaImageController:
	{GET [/api/galeria/img/{galeriaId}]}: img(int)
2026-06-30 16:44:31 [restartedMain] TRACE o.s.w.s.m.m.a.RequestMappingHandlerMapping - 
	c.e.t.c.GaleriaMediaController:
	{GET [/api/galeria/{galeriaId}/media]}: media(int)
2026-06-30 16:44:31 [restartedMain] TRACE o.s.w.s.m.m.a.RequestMappingHandlerMapping - 
	c.e.t.c.GaleriaMenuController:
	{GET [/api/galeria/api/galeria-menu/{id}/contenido]}: contenidoMenu(Long)
2026-06-30 16:44:31 [restartedMain] TRACE o.s.w.s.m.m.a.RequestMappingHandlerMapping - 
	c.e.t.c.GaleriaV2Controller:
	{PATCH [/api/galeria_v2/{galeriaId}/flags]}: flags(Integer,FlagsDto)
	{GET [/api/galeria_v2/producto/{productoId}]}: listar(Integer,String)
	{DELETE [/api/galeria_v2/{galeriaId}]}: eliminar(Integer)
	{POST [/api/galeria_v2], consumes [multipart/form-data]}: agregar(Integer,MultipartFile,String,Boolean,Boolean,Boolean,Integer,Integer,Integer,Integer)
	{GET [/api/galeria_v2/img/{galeriaId}]}: obtenerImagen(Integer)
	{PUT [/api/galeria_v2/{productoId}/reordenar]}: reordenar(Integer,String,ReordenarReq)
	{PUT [/api/galeria_v2/{galeriaId}/portada]}: portada(Integer,PortadaReq)
	{HEAD [/api/galeria_v2/img/{galeriaId}]}: headImagen(Integer)
2026-06-30 16:44:31 [restartedMain] TRACE o.s.w.s.m.m.a.RequestMappingHandlerMapping - 
	c.e.t.c.HomeController:
	{GET [/api/productos/recientes-menu], produces [application/json]}: recientesMenu(int)
2026-06-30 16:44:31 [restartedMain] TRACE o.s.w.s.m.m.a.RequestMappingHandlerMapping - 
	c.e.t.c.LoginController:
	{POST [/api/login]}: login(Map)
	{POST [/api/login/mfa]}: verificarMfa(Map)
2026-06-30 16:44:31 [restartedMain] TRACE o.s.w.s.m.m.a.RequestMappingHandlerMapping - 
	c.e.t.c.MetodoPagoController:
	{GET [/api/mis-metodos-pago]}: listar(HttpServletRequest)
	{DELETE [/api/mis-metodos-pago/{metodoId}]}: eliminar(Integer,HttpServletRequest)
	{POST [/api/mis-metodos-pago]}: crear(MetodoPagoDTO,HttpServletRequest)
	{GET [/api/tipo_metodopago]}: tipos()
2026-06-30 16:44:31 [restartedMain] TRACE o.s.w.s.m.m.a.RequestMappingHandlerMapping - 
	c.e.t.c.MovimientoInventarioController:
	{GET [/api/movimientos]}: listar()
2026-06-30 16:44:31 [restartedMain] TRACE o.s.w.s.m.m.a.RequestMappingHandlerMapping - 
	c.e.t.c.OtpController:
	{POST [/api/otp]}: manejar(Map)
	{POST [/api/otp/recuperar-password]}: recuperarPassword(Map)
2026-06-30 16:44:31 [restartedMain] TRACE o.s.w.s.m.m.a.RequestMappingHandlerMapping - 
	c.e.t.c.PaypalController:
	{POST [/api/pagos/paypal/capture]}: captureBody(Integer,CaptureReq)
	{POST [/api/pagos/paypal/capture/{orderId}]}: capturePath(Integer,String,CaptureReq)
	{POST [/api/pagos/paypal/create-order]}: createOrder(Integer)
2026-06-30 16:44:31 [restartedMain] TRACE o.s.w.s.m.m.a.RequestMappingHandlerMapping - 
	c.e.t.c.ProductoBusquedaController:
	{POST [/api/productos/buscar]}: buscar(Map)
2026-06-30 16:44:31 [restartedMain] TRACE o.s.w.s.m.m.a.RequestMappingHandlerMapping - 
	c.e.t.c.ProductoController:
	{GET [/api/productos]}: listar(Pageable)
	{GET [/api/productos/mas-vendidos]}: masVendidos(int)
2026-06-30 16:44:31 [restartedMain] TRACE o.s.w.s.m.m.a.RequestMappingHandlerMapping - 
	c.e.t.c.ProductoQueryController:
	{GET [/api/productos/{id}]}: detalle(Integer,Integer)
	{GET [/api/productos/por-categoria]}: porCategoria(Integer,Integer)
2026-06-30 16:44:31 [restartedMain] TRACE o.s.w.s.m.m.a.RequestMappingHandlerMapping - 
	c.e.t.c.ProductoSpController:
	{GET [/api/sp/ivas]}: getIvas()
	{POST [/api/sp/cpu]}: crearCpu(CpuCreateRequest,String)
	{POST [/api/sp/gpu]}: crearGpu(GpuCreateRequest,String)
	{POST [/api/sp/ram]}: crearRam(RamCreateRequest,String)
	{POST [/api/sp/cubiertas]}: crearCubierta(CubiertaCreateRequest,String)
	{GET [/api/sp/productos/{id}/editar]}: getDetalleEditar(Integer)
	{POST [/api/sp/cpu-cooler]}: crearCpuCooler(CpuCoolerCreateRequest,String)
	{PUT [/api/sp/productos/{id}/basico]}: actualizarBasico(Integer,ProductoUpdateBasicoRequest,String)
	{POST [/api/sp/perifericos]}: crearPeriferico(PerifericoCreateRequest,String)
	{POST [/api/sp/motherboards]}: crearMotherboard(MotherboardCreateRequest,String)
	{POST [/api/sp/fuentes]}: crearFuente(FuenteCreateRequest,String)
	{DELETE [/api/sp/productos/{id}]}: eliminarProducto(Integer,String)
	{POST [/api/sp/almacenamientos]}: crearAlmacenamiento(AlmacenamientoCreateRequest,String)
2026-06-30 16:44:31 [restartedMain] TRACE o.s.w.s.m.m.a.RequestMappingHandlerMapping - 
	c.e.t.c.ProvinciaController:
	{PUT [/api/provincias/{id}]}: actualizar(Long,ProvinciaDTO)
	{GET [/api/provincias]}: listar()
	{DELETE [/api/provincias/{id}]}: eliminar(Long)
	{POST [/api/provincias]}: crear(ProvinciaDTO)
2026-06-30 16:44:31 [restartedMain] TRACE o.s.w.s.m.m.a.RequestMappingHandlerMapping - 
	c.e.t.c.RecuperarPasswordController:
	{POST [/api/usuarios/recuperar-password]}: recuperar(Map)
2026-06-30 16:44:31 [restartedMain] TRACE o.s.w.s.m.m.a.RequestMappingHandlerMapping - 
	c.e.t.c.SeguridadController:
	{POST [/api/seguridad/cambiar-password-token]}: cambiarPasswordToken(ChangePwdTokenReq)
	{POST [/api/seguridad/cambiar-password]}: cambiarPassword(HttpServletRequest,ChangePwdReq)
2026-06-30 16:44:31 [restartedMain] TRACE o.s.w.s.m.m.a.RequestMappingHandlerMapping - 
	c.e.t.c.SiemController:
	{GET [/api/siem/events]}: getEvents()
	{POST [/api/siem/clear]}: clearEvents()
2026-06-30 16:44:31 [restartedMain] TRACE o.s.w.s.m.m.a.RequestMappingHandlerMapping - 
	c.e.t.c.SpMovimientoController:
	{POST [/api/sp/movimiento-inventario]}: movimientoInventario(Object,String)
2026-06-30 16:44:31 [restartedMain] TRACE o.s.w.s.m.m.a.RequestMappingHandlerMapping - 
	c.e.t.c.SubtipoMovimientoController:
	{GET [/api/subtipos-movimiento]}: listar(Integer)
2026-06-30 16:44:31 [restartedMain] TRACE o.s.w.s.m.m.a.RequestMappingHandlerMapping - 
	c.e.t.c.SugerenciaController:
	{POST [/api/sugerencias/generar]}: generar(Map)
2026-06-30 16:44:31 [restartedMain] TRACE o.s.w.s.m.m.a.RequestMappingHandlerMapping - 
	c.e.t.c.SugerenciasController:
	{GET [/api/sugerencias/{id}]}: get(Integer)
	{GET [/api/usuarios/{usuarioId}/sugerencias/ultima]}: last(Integer)
	{GET [/api/usuarios/{usuarioId}/sugerencias]}: list(Integer,Integer,Integer)
	{DELETE [/api/sugerencias/{id}]}: delete(Integer)
	{PUT [/api/sugerencias/{id}]}: actualizar(Integer,SugerenciaUpdate)
	{POST [/api/sugerencias]}: crear(SugerenciaCreate)
	{POST [/api/sugerencias/full]}: crearFull(Map)
	{POST [/api/sugerencias/{id}:toggle]}: toggle(Integer,ToggleBody)
2026-06-30 16:44:31 [restartedMain] TRACE o.s.w.s.m.m.a.RequestMappingHandlerMapping - 
	c.e.t.c.UsuarioController:
	{GET [/api/usuarios/api/usuarios/me]}: me(HttpServletRequest)
	{GET [/api/usuarios/buscar-min]}: buscarMin(String,Integer,int)
	{POST [/api/usuarios/crear]}: crearCliente(UsuarioDTO)
	{PUT [/api/usuarios/cliente/{id}]}: actualizarCliente(Integer,ClienteUpdateRequest)
	{DELETE [/api/usuarios/admin/{id}]}: deshabilitarAdmin(Integer,Integer)
	{POST [/api/usuarios/crear-usuario || /api/usuarios/crear_usuario]}: crearUsuario(UsuarioDTO)
	{POST [/api/usuarios/crear-usuarioAdmin]}: crearAdminOTrabajador(UsuarioDTO)
	{PUT [/api/usuarios/admin/{id}]}: actualizarAdmin(Integer,Integer,ClienteUpdateRequest)
	{GET [/api/usuarios/buscar]}: buscarPorUsuario(String,Integer,int)
2026-06-30 16:44:31 [restartedMain] TRACE o.s.w.s.m.m.a.RequestMappingHandlerMapping - 
	c.e.t.r.c.ReportController:
	{GET [/api/report/roles/pdf], produces [application/pdf]}: rolesPdf(boolean)
	{GET [/api/report/general/pdf], produces [application/pdf]}: generalAll(boolean)
	{GET [/api/report/admin/pdf], produces [application/pdf]}: adminPdf(String,String,boolean)
	{GET [/api/report/ordenes/pdf], produces [application/pdf]}: ordersPdf(String,String,boolean)
	{GET [/api/report/usuarios/pdf], produces [application/pdf]}: usersPdf(boolean)
	{GET [/api/report/ciudades/pdf], produces [application/pdf]}: citiesPdf(boolean)
	{GET [/api/report/kardex/pdf], produces [application/pdf]}: kardexPdf(String,String,Integer,boolean)
	{GET [/api/report/general/pdf-range], produces [application/pdf]}: generalByDate(String,String,boolean)
	{GET [/api/report/provincias/pdf], produces [application/pdf]}: provincesPdf(boolean)
	{GET [/api/report/metodos-pago/pdf], produces [application/pdf]}: paymentMethodsPdf(boolean)
	{GET [/api/report/stock-bajo/pdf], produces [application/pdf]}: lowStockPdf(int,boolean)
	{GET [/api/report/productos/pdf], produces [application/pdf]}: productsPdf(boolean)
	{GET [/api/report/ventas-producto/pdf], produces [application/pdf]}: salesByProductPdf(String,String,boolean)
2026-06-30 16:44:31 [restartedMain] TRACE o.s.w.s.m.m.a.RequestMappingHandlerMapping - 
	o.s.b.a.w.s.e.BasicErrorController:
	{ [/error]}: error(HttpServletRequest)
	{ [/error], produces [text/html]}: errorHtml(HttpServletRequest,HttpServletResponse)
2026-06-30 16:44:31 [restartedMain] DEBUG o.s.w.s.m.m.a.RequestMappingHandlerMapping - 133 mappings in 'requestMappingHandlerMapping'
2026-06-30 16:44:31 [restartedMain] WARN  o.s.b.a.s.s.UserDetailsServiceAutoConfiguration - 

Using generated security password: 7887d778-48ab-4fb3-9977-62a7b486ea50

This generated password is for development use only. Your security configuration must be updated before running your application in production.

2026-06-30 16:44:31 [restartedMain] INFO  o.s.s.c.a.a.c.InitializeUserDetailsBeanManagerConfigurer$InitializeUserDetailsManagerConfigurer - Global AuthenticationManager configured with UserDetailsService bean with name inMemoryUserDetailsManager
2026-06-30 16:44:31 [restartedMain] INFO  o.s.b.d.a.OptionalLiveReloadServer - LiveReload server is running on port 35729
2026-06-30 16:44:31 [restartedMain] INFO  o.a.coyote.http11.Http11NioProtocol - Starting ProtocolHandler ["http-nio-8080"]
2026-06-30 16:44:31 [restartedMain] INFO  o.s.b.w.e.tomcat.TomcatWebServer - Tomcat started on port 8080 (http) with context path '/'
2026-06-30 16:44:31 [restartedMain] INFO  c.e.t.TiendaTechApplication - Started TiendaTechApplication in 4.473 seconds (process running for 4.951)
2026-06-30 16:44:44 [http-nio-8080-exec-1] INFO  o.a.c.c.C.[Tomcat].[localhost].[/] - Initializing Spring DispatcherServlet 'dispatcherServlet'
2026-06-30 16:44:44 [http-nio-8080-exec-1] INFO  o.s.web.servlet.DispatcherServlet - Initializing Servlet 'dispatcherServlet'
2026-06-30 16:44:44 [http-nio-8080-exec-1] TRACE o.s.web.servlet.DispatcherServlet - Detected org.springframework.web.multipart.support.StandardServletMultipartResolver@dad2047
2026-06-30 16:44:44 [http-nio-8080-exec-1] TRACE o.s.web.servlet.DispatcherServlet - Detected org.springframework.web.servlet.i18n.AcceptHeaderLocaleResolver@7e38263e
2026-06-30 16:44:44 [http-nio-8080-exec-1] TRACE o.s.web.servlet.DispatcherServlet - Detected org.springframework.web.servlet.theme.FixedThemeResolver@35cf03b8
2026-06-30 16:44:44 [http-nio-8080-exec-1] TRACE o.s.web.servlet.DispatcherServlet - Detected DefaultRequestToViewNameTranslator
2026-06-30 16:44:44 [http-nio-8080-exec-1] TRACE o.s.web.servlet.DispatcherServlet - Detected SessionFlashMapManager
2026-06-30 16:44:44 [http-nio-8080-exec-1] DEBUG o.s.web.servlet.DispatcherServlet - enableLoggingRequestDetails='false': request parameters and headers will be masked to prevent unsafe logging of potentially sensitive data
2026-06-30 16:44:44 [http-nio-8080-exec-1] INFO  o.s.web.servlet.DispatcherServlet - Completed initialization in 1 ms
2026-06-30 16:44:45 [http-nio-8080-exec-1] TRACE o.s.web.servlet.DispatcherServlet - GET "/index.html", parameters={}, headers={masked} in DispatcherServlet 'dispatcherServlet'
2026-06-30 16:44:45 [http-nio-8080-exec-1] TRACE o.s.web.servlet.DispatcherServlet - No view rendering, null ModelAndView returned.
2026-06-30 16:44:45 [http-nio-8080-exec-1] DEBUG o.s.web.servlet.DispatcherServlet - Completed 200 OK, headers={masked}
2026-06-30 16:44:45 [http-nio-8080-exec-2] TRACE o.s.web.servlet.DispatcherServlet - GET "/css/styleClaroMenu.css", parameters={}, headers={masked} in DispatcherServlet 'dispatcherServlet'
2026-06-30 16:44:45 [http-nio-8080-exec-2] TRACE o.s.web.servlet.DispatcherServlet - No view rendering, null ModelAndView returned.
2026-06-30 16:44:45 [http-nio-8080-exec-2] DEBUG o.s.web.servlet.DispatcherServlet - Completed 200 OK, headers={masked}
2026-06-30 16:44:45 [http-nio-8080-exec-3] TRACE o.s.web.servlet.DispatcherServlet - GET "/js/auth-menu.js?v=4", parameters={masked}, headers={masked} in DispatcherServlet 'dispatcherServlet'
2026-06-30 16:44:45 [http-nio-8080-exec-3] TRACE o.s.web.servlet.DispatcherServlet - No view rendering, null ModelAndView returned.
2026-06-30 16:44:45 [http-nio-8080-exec-3] DEBUG o.s.web.servlet.DispatcherServlet - Completed 200 OK, headers={masked}
2026-06-30 16:44:45 [http-nio-8080-exec-4] TRACE o.s.web.servlet.DispatcherServlet - GET "/api/categorias", parameters={}, headers={masked} in DispatcherServlet 'dispatcherServlet'
2026-06-30 16:44:45 [http-nio-8080-exec-5] TRACE o.s.web.servlet.DispatcherServlet - GET "/assets/menu/img1.jpg", parameters={}, headers={masked} in DispatcherServlet 'dispatcherServlet'
2026-06-30 16:44:45 [http-nio-8080-exec-4] TRACE o.s.w.s.m.m.a.RequestMappingHandlerMapping - Mapped to com.example.tienda_tech.controller.CategoriaController#listar()
2026-06-30 16:44:45 [http-nio-8080-exec-6] TRACE o.s.web.servlet.DispatcherServlet - GET "/assets/menu/img2.jpg", parameters={}, headers={masked} in DispatcherServlet 'dispatcherServlet'
2026-06-30 16:44:45 [http-nio-8080-exec-7] TRACE o.s.web.servlet.DispatcherServlet - GET "/assets/menu/img3.jpg", parameters={}, headers={masked} in DispatcherServlet 'dispatcherServlet'
2026-06-30 16:44:45 [http-nio-8080-exec-7] TRACE o.s.web.servlet.DispatcherServlet - No view rendering, null ModelAndView returned.
2026-06-30 16:44:45 [http-nio-8080-exec-7] DEBUG o.s.web.servlet.DispatcherServlet - Completed 200 OK, headers={masked}
2026-06-30 16:44:45 [http-nio-8080-exec-6] TRACE o.s.web.servlet.DispatcherServlet - No view rendering, null ModelAndView returned.
2026-06-30 16:44:45 [http-nio-8080-exec-5] TRACE o.s.web.servlet.DispatcherServlet - No view rendering, null ModelAndView returned.
2026-06-30 16:44:45 [http-nio-8080-exec-6] DEBUG o.s.web.servlet.DispatcherServlet - Completed 200 OK, headers={masked}
2026-06-30 16:44:45 [http-nio-8080-exec-5] DEBUG o.s.web.servlet.DispatcherServlet - Completed 200 OK, headers={masked}
2026-06-30 16:44:45 [http-nio-8080-exec-8] TRACE o.s.web.servlet.DispatcherServlet - GET "/api/productos/recientes-menu", parameters={}, headers={masked} in DispatcherServlet 'dispatcherServlet'
2026-06-30 16:44:45 [http-nio-8080-exec-8] TRACE o.s.w.s.m.m.a.RequestMappingHandlerMapping - Mapped to com.example.tienda_tech.controller.HomeController#recientesMenu(int)
2026-06-30 16:44:45 [http-nio-8080-exec-4] TRACE o.s.web.servlet.DispatcherServlet - No view rendering, null ModelAndView returned.
2026-06-30 16:44:45 [http-nio-8080-exec-4] DEBUG o.s.web.servlet.DispatcherServlet - Completed 200 OK, headers={masked}
2026-06-30 16:44:45 [http-nio-8080-exec-8] TRACE o.s.web.servlet.DispatcherServlet - No view rendering, null ModelAndView returned.
2026-06-30 16:44:45 [http-nio-8080-exec-8] DEBUG o.s.web.servlet.DispatcherServlet - Completed 200 OK, headers={masked}
2026-06-30 16:44:45 [http-nio-8080-exec-9] TRACE o.s.w.s.m.m.a.RequestMappingHandlerMapping - 2 matching mappings: [{HEAD [/api/galeria/{galeriaId}/contenido]}, {GET [/api/galeria/{galeriaId}/contenido]}]
2026-06-30 16:44:45 [http-nio-8080-exec-10] TRACE o.s.w.s.m.m.a.RequestMappingHandlerMapping - 2 matching mappings: [{HEAD [/api/galeria/{galeriaId}/contenido]}, {GET [/api/galeria/{galeriaId}/contenido]}]
2026-06-30 16:44:45 [http-nio-8080-exec-2] TRACE o.s.w.s.m.m.a.RequestMappingHandlerMapping - 2 matching mappings: [{HEAD [/api/galeria/{galeriaId}/contenido]}, {GET [/api/galeria/{galeriaId}/contenido]}]
2026-06-30 16:44:45 [http-nio-8080-exec-1] TRACE o.s.w.s.m.m.a.RequestMappingHandlerMapping - 2 matching mappings: [{HEAD [/api/galeria/{galeriaId}/contenido]}, {GET [/api/galeria/{galeriaId}/contenido]}]
2026-06-30 16:44:45 [http-nio-8080-exec-2] TRACE o.s.web.servlet.DispatcherServlet - HEAD "/api/galeria/264/contenido", parameters={}, headers={masked} in DispatcherServlet 'dispatcherServlet'
2026-06-30 16:44:45 [http-nio-8080-exec-9] TRACE o.s.web.servlet.DispatcherServlet - HEAD "/api/galeria/312/contenido", parameters={}, headers={masked} in DispatcherServlet 'dispatcherServlet'
2026-06-30 16:44:45 [http-nio-8080-exec-1] TRACE o.s.web.servlet.DispatcherServlet - HEAD "/api/galeria/292/contenido", parameters={}, headers={masked} in DispatcherServlet 'dispatcherServlet'
2026-06-30 16:44:45 [http-nio-8080-exec-10] TRACE o.s.web.servlet.DispatcherServlet - HEAD "/api/galeria/303/contenido", parameters={}, headers={masked} in DispatcherServlet 'dispatcherServlet'
2026-06-30 16:44:45 [http-nio-8080-exec-9] TRACE o.s.w.s.m.m.a.RequestMappingHandlerMapping - 2 matching mappings: [{HEAD [/api/galeria/{galeriaId}/contenido]}, {GET [/api/galeria/{galeriaId}/contenido]}]
2026-06-30 16:44:45 [http-nio-8080-exec-3] TRACE o.s.w.s.m.m.a.RequestMappingHandlerMapping - 2 matching mappings: [{HEAD [/api/galeria/{galeriaId}/contenido]}, {GET [/api/galeria/{galeriaId}/contenido]}]
2026-06-30 16:44:45 [http-nio-8080-exec-1] TRACE o.s.w.s.m.m.a.RequestMappingHandlerMapping - 2 matching mappings: [{HEAD [/api/galeria/{galeriaId}/contenido]}, {GET [/api/galeria/{galeriaId}/contenido]}]
2026-06-30 16:44:45 [http-nio-8080-exec-2] TRACE o.s.w.s.m.m.a.RequestMappingHandlerMapping - 2 matching mappings: [{HEAD [/api/galeria/{galeriaId}/contenido]}, {GET [/api/galeria/{galeriaId}/contenido]}]
2026-06-30 16:44:45 [http-nio-8080-exec-10] TRACE o.s.w.s.m.m.a.RequestMappingHandlerMapping - 2 matching mappings: [{HEAD [/api/galeria/{galeriaId}/contenido]}, {GET [/api/galeria/{galeriaId}/contenido]}]
2026-06-30 16:44:45 [http-nio-8080-exec-9] TRACE o.s.w.s.m.m.a.RequestMappingHandlerMapping - Mapped to com.example.tienda_tech.controller.GaleriaCompatController#headLegacy(Integer)
2026-06-30 16:44:45 [http-nio-8080-exec-1] TRACE o.s.w.s.m.m.a.RequestMappingHandlerMapping - Mapped to com.example.tienda_tech.controller.GaleriaCompatController#headLegacy(Integer)
2026-06-30 16:44:45 [http-nio-8080-exec-2] TRACE o.s.w.s.m.m.a.RequestMappingHandlerMapping - Mapped to com.example.tienda_tech.controller.GaleriaCompatController#headLegacy(Integer)
2026-06-30 16:44:45 [http-nio-8080-exec-10] TRACE o.s.w.s.m.m.a.RequestMappingHandlerMapping - Mapped to com.example.tienda_tech.controller.GaleriaCompatController#headLegacy(Integer)
2026-06-30 16:44:45 [http-nio-8080-exec-3] TRACE o.s.web.servlet.DispatcherServlet - HEAD "/api/galeria/244/contenido", parameters={}, headers={masked} in DispatcherServlet 'dispatcherServlet'
2026-06-30 16:44:45 [http-nio-8080-exec-3] TRACE o.s.w.s.m.m.a.RequestMappingHandlerMapping - 2 matching mappings: [{HEAD [/api/galeria/{galeriaId}/contenido]}, {GET [/api/galeria/{galeriaId}/contenido]}]
2026-06-30 16:44:45 [http-nio-8080-exec-3] TRACE o.s.w.s.m.m.a.RequestMappingHandlerMapping - Mapped to com.example.tienda_tech.controller.GaleriaCompatController#headLegacy(Integer)
2026-06-30 16:44:45 [http-nio-8080-exec-9] TRACE o.s.web.servlet.DispatcherServlet - No view rendering, null ModelAndView returned.
2026-06-30 16:44:45 [http-nio-8080-exec-10] TRACE o.s.web.servlet.DispatcherServlet - No view rendering, null ModelAndView returned.
2026-06-30 16:44:45 [http-nio-8080-exec-3] TRACE o.s.web.servlet.DispatcherServlet - No view rendering, null ModelAndView returned.
2026-06-30 16:44:45 [http-nio-8080-exec-1] TRACE o.s.web.servlet.DispatcherServlet - No view rendering, null ModelAndView returned.
2026-06-30 16:44:45 [http-nio-8080-exec-2] TRACE o.s.web.servlet.DispatcherServlet - No view rendering, null ModelAndView returned.
2026-06-30 16:44:45 [http-nio-8080-exec-9] DEBUG o.s.web.servlet.DispatcherServlet - Completed 200 OK, headers={masked}
2026-06-30 16:44:45 [http-nio-8080-exec-3] DEBUG o.s.web.servlet.DispatcherServlet - Completed 200 OK, headers={masked}
2026-06-30 16:44:45 [http-nio-8080-exec-2] DEBUG o.s.web.servlet.DispatcherServlet - Completed 200 OK, headers={masked}
2026-06-30 16:44:45 [http-nio-8080-exec-10] DEBUG o.s.web.servlet.DispatcherServlet - Completed 200 OK, headers={masked}
2026-06-30 16:44:45 [http-nio-8080-exec-1] DEBUG o.s.web.servlet.DispatcherServlet - Completed 200 OK, headers={masked}
2026-06-30 16:44:45 [http-nio-8080-exec-6] TRACE o.s.web.servlet.DispatcherServlet - GET "/api/galeria/292/contenido", parameters={}, headers={masked} in DispatcherServlet 'dispatcherServlet'
2026-06-30 16:44:45 [http-nio-8080-exec-5] TRACE o.s.web.servlet.DispatcherServlet - GET "/api/galeria/303/contenido", parameters={}, headers={masked} in DispatcherServlet 'dispatcherServlet'
2026-06-30 16:44:45 [http-nio-8080-exec-7] TRACE o.s.web.servlet.DispatcherServlet - GET "/api/galeria/312/contenido", parameters={}, headers={masked} in DispatcherServlet 'dispatcherServlet'
2026-06-30 16:44:45 [http-nio-8080-exec-4] TRACE o.s.web.servlet.DispatcherServlet - GET "/api/galeria/264/contenido", parameters={}, headers={masked} in DispatcherServlet 'dispatcherServlet'
2026-06-30 16:44:45 [http-nio-8080-exec-8] TRACE o.s.web.servlet.DispatcherServlet - GET "/api/galeria/244/contenido", parameters={}, headers={masked} in DispatcherServlet 'dispatcherServlet'
2026-06-30 16:44:45 [http-nio-8080-exec-6] TRACE o.s.w.s.m.m.a.RequestMappingHandlerMapping - Mapped to com.example.tienda_tech.controller.GaleriaCompatController#contenidoLegacy(Integer)
2026-06-30 16:44:45 [http-nio-8080-exec-5] TRACE o.s.w.s.m.m.a.RequestMappingHandlerMapping - Mapped to com.example.tienda_tech.controller.GaleriaCompatController#contenidoLegacy(Integer)
2026-06-30 16:44:45 [http-nio-8080-exec-7] TRACE o.s.w.s.m.m.a.RequestMappingHandlerMapping - Mapped to com.example.tienda_tech.controller.GaleriaCompatController#contenidoLegacy(Integer)
2026-06-30 16:44:45 [http-nio-8080-exec-4] TRACE o.s.w.s.m.m.a.RequestMappingHandlerMapping - Mapped to com.example.tienda_tech.controller.GaleriaCompatController#contenidoLegacy(Integer)
2026-06-30 16:44:45 [http-nio-8080-exec-8] TRACE o.s.w.s.m.m.a.RequestMappingHandlerMapping - Mapped to com.example.tienda_tech.controller.GaleriaCompatController#contenidoLegacy(Integer)
2026-06-30 16:44:45 [http-nio-8080-exec-5] TRACE o.s.web.servlet.DispatcherServlet - No view rendering, null ModelAndView returned.
2026-06-30 16:44:45 [http-nio-8080-exec-7] TRACE o.s.web.servlet.DispatcherServlet - No view rendering, null ModelAndView returned.
2026-06-30 16:44:45 [http-nio-8080-exec-4] TRACE o.s.web.servlet.DispatcherServlet - No view rendering, null ModelAndView returned.
2026-06-30 16:44:45 [http-nio-8080-exec-5] DEBUG o.s.web.servlet.DispatcherServlet - Completed 200 OK, headers={masked}
2026-06-30 16:44:45 [http-nio-8080-exec-7] DEBUG o.s.web.servlet.DispatcherServlet - Completed 200 OK, headers={masked}
2026-06-30 16:44:45 [http-nio-8080-exec-4] DEBUG o.s.web.servlet.DispatcherServlet - Completed 200 OK, headers={masked}
2026-06-30 16:44:45 [http-nio-8080-exec-6] TRACE o.s.web.servlet.DispatcherServlet - No view rendering, null ModelAndView returned.
2026-06-30 16:44:45 [http-nio-8080-exec-6] DEBUG o.s.web.servlet.DispatcherServlet - Completed 200 OK, headers={masked}
2026-06-30 16:44:45 [http-nio-8080-exec-8] TRACE o.s.web.servlet.DispatcherServlet - No view rendering, null ModelAndView returned.
2026-06-30 16:44:45 [http-nio-8080-exec-8] DEBUG o.s.web.servlet.DispatcherServlet - Completed 200 OK, headers={masked}
2026-06-30 16:44:48 [http-nio-8080-exec-9] TRACE o.s.web.servlet.DispatcherServlet - GET "/styleOscuroMenu.css", parameters={}, headers={masked} in DispatcherServlet 'dispatcherServlet'
2026-06-30 16:44:48 [http-nio-8080-exec-9] ERROR c.e.tienda_tech.advice.ApiErrors - [GET /styleOscuroMenu.css] Unhandled exception
org.springframework.web.servlet.resource.NoResourceFoundException: No static resource styleOscuroMenu.css.
	at org.springframework.web.servlet.resource.ResourceHttpRequestHandler.handleRequest(ResourceHttpRequestHandler.java:585)
	at org.springframework.web.servlet.mvc.HttpRequestHandlerAdapter.handle(HttpRequestHandlerAdapter.java:52)
	at org.springframework.web.servlet.DispatcherServlet.doDispatch(DispatcherServlet.java:1089)
	at org.springframework.web.servlet.DispatcherServlet.doService(DispatcherServlet.java:979)
	at org.springframework.web.servlet.FrameworkServlet.processRequest(FrameworkServlet.java:1014)
	at org.springframework.web.servlet.FrameworkServlet.doGet(FrameworkServlet.java:903)
	at jakarta.servlet.http.HttpServlet.service(HttpServlet.java:564)
	at org.springframework.web.servlet.FrameworkServlet.service(FrameworkServlet.java:885)
	at jakarta.servlet.http.HttpServlet.service(HttpServlet.java:658)
	at org.apache.catalina.core.ApplicationFilterChain.internalDoFilter(ApplicationFilterChain.java:195)
	at org.apache.catalina.core.ApplicationFilterChain.doFilter(ApplicationFilterChain.java:140)
	at org.apache.tomcat.websocket.server.WsFilter.doFilter(WsFilter.java:51)
	at org.apache.catalina.core.ApplicationFilterChain.internalDoFilter(ApplicationFilterChain.java:164)
	at org.apache.catalina.core.ApplicationFilterChain.doFilter(ApplicationFilterChain.java:140)
	at org.springframework.web.filter.CompositeFilter$VirtualFilterChain.doFilter(CompositeFilter.java:108)
	at org.springframework.web.filter.CompositeFilter$VirtualFilterChain.doFilter(CompositeFilter.java:108)
	at org.springframework.security.web.FilterChainProxy.lambda$doFilterInternal$3(FilterChainProxy.java:231)
	at org.springframework.security.web.FilterChainProxy$VirtualFilterChain.doFilter(FilterChainProxy.java:365)
	at org.springframework.security.web.access.intercept.AuthorizationFilter.doFilter(AuthorizationFilter.java:101)
	at org.springframework.security.web.FilterChainProxy$VirtualFilterChain.doFilter(FilterChainProxy.java:374)
	at org.springframework.security.web.access.ExceptionTranslationFilter.doFilter(ExceptionTranslationFilter.java:125)
	at org.springframework.security.web.access.ExceptionTranslationFilter.doFilter(ExceptionTranslationFilter.java:119)
	at org.springframework.security.web.FilterChainProxy$VirtualFilterChain.doFilter(FilterChainProxy.java:374)
	at org.springframework.security.web.authentication.AnonymousAuthenticationFilter.doFilter(AnonymousAuthenticationFilter.java:100)
	at org.springframework.security.web.FilterChainProxy$VirtualFilterChain.doFilter(FilterChainProxy.java:374)
	at org.springframework.security.web.servletapi.SecurityContextHolderAwareRequestFilter.doFilter(SecurityContextHolderAwareRequestFilter.java:179)
	at org.springframework.security.web.FilterChainProxy$VirtualFilterChain.doFilter(FilterChainProxy.java:374)
	at org.springframework.security.web.savedrequest.RequestCacheAwareFilter.doFilter(RequestCacheAwareFilter.java:63)
	at org.springframework.security.web.FilterChainProxy$VirtualFilterChain.doFilter(FilterChainProxy.java:374)
	at org.springframework.security.web.authentication.logout.LogoutFilter.doFilter(LogoutFilter.java:107)
	at org.springframework.security.web.authentication.logout.LogoutFilter.doFilter(LogoutFilter.java:93)
	at org.springframework.security.web.FilterChainProxy$VirtualFilterChain.doFilter(FilterChainProxy.java:374)
	at org.springframework.web.filter.CorsFilter.doFilterInternal(CorsFilter.java:91)
	at org.springframework.web.filter.OncePerRequestFilter.doFilter(OncePerRequestFilter.java:116)
	at org.springframework.security.web.FilterChainProxy$VirtualFilterChain.doFilter(FilterChainProxy.java:374)
	at org.springframework.security.web.header.HeaderWriterFilter.doHeadersAfter(HeaderWriterFilter.java:90)
	at org.springframework.security.web.header.HeaderWriterFilter.doFilterInternal(HeaderWriterFilter.java:75)
	at org.springframework.web.filter.OncePerRequestFilter.doFilter(OncePerRequestFilter.java:116)
	at org.springframework.security.web.FilterChainProxy$VirtualFilterChain.doFilter(FilterChainProxy.java:374)
	at org.springframework.security.web.context.SecurityContextHolderFilter.doFilter(SecurityContextHolderFilter.java:82)
	at org.springframework.security.web.context.SecurityContextHolderFilter.doFilter(SecurityContextHolderFilter.java:69)
	at org.springframework.security.web.FilterChainProxy$VirtualFilterChain.doFilter(FilterChainProxy.java:374)
	at org.springframework.security.web.context.request.async.WebAsyncManagerIntegrationFilter.doFilterInternal(WebAsyncManagerIntegrationFilter.java:62)
	at org.springframework.web.filter.OncePerRequestFilter.doFilter(OncePerRequestFilter.java:116)
	at org.springframework.security.web.FilterChainProxy$VirtualFilterChain.doFilter(FilterChainProxy.java:374)
	at org.springframework.security.web.session.DisableEncodeUrlFilter.doFilterInternal(DisableEncodeUrlFilter.java:42)
	at org.springframework.web.filter.OncePerRequestFilter.doFilter(OncePerRequestFilter.java:116)
	at org.springframework.security.web.FilterChainProxy$VirtualFilterChain.doFilter(FilterChainProxy.java:374)
	at org.springframework.security.web.FilterChainProxy.doFilterInternal(FilterChainProxy.java:233)
	at org.springframework.security.web.FilterChainProxy.doFilter(FilterChainProxy.java:191)
	at org.springframework.web.filter.CompositeFilter$VirtualFilterChain.doFilter(CompositeFilter.java:113)
	at org.springframework.web.filter.ServletRequestPathFilter.doFilter(ServletRequestPathFilter.java:52)
	at org.springframework.web.filter.CompositeFilter$VirtualFilterChain.doFilter(CompositeFilter.java:113)
	at org.springframework.web.filter.CompositeFilter.doFilter(CompositeFilter.java:74)
	at org.springframework.security.config.annotation.web.configuration.WebSecurityConfiguration$CompositeFilterChainProxy.doFilter(WebSecurityConfiguration.java:319)
	at org.springframework.web.filter.CompositeFilter$VirtualFilterChain.doFilter(CompositeFilter.java:113)
	at org.springframework.web.servlet.handler.HandlerMappingIntrospector.lambda$createCacheFilter$4(HandlerMappingIntrospector.java:267)
	at org.springframework.web.filter.CompositeFilter$VirtualFilterChain.doFilter(CompositeFilter.java:113)
	at org.springframework.web.filter.CompositeFilter.doFilter(CompositeFilter.java:74)
	at org.springframework.security.config.annotation.web.configuration.WebMvcSecurityConfiguration$CompositeFilterChainProxy.doFilter(WebMvcSecurityConfiguration.java:240)
	at org.springframework.web.filter.DelegatingFilterProxy.invokeDelegate(DelegatingFilterProxy.java:362)
	at org.springframework.web.filter.DelegatingFilterProxy.doFilter(DelegatingFilterProxy.java:278)
	at org.apache.catalina.core.ApplicationFilterChain.internalDoFilter(ApplicationFilterChain.java:164)
	at org.apache.catalina.core.ApplicationFilterChain.doFilter(ApplicationFilterChain.java:140)
	at org.springframework.web.filter.RequestContextFilter.doFilterInternal(RequestContextFilter.java:100)
	at org.springframework.web.filter.OncePerRequestFilter.doFilter(OncePerRequestFilter.java:116)
	at org.apache.catalina.core.ApplicationFilterChain.internalDoFilter(ApplicationFilterChain.java:164)
	at org.apache.catalina.core.ApplicationFilterChain.doFilter(ApplicationFilterChain.java:140)
	at org.springframework.web.filter.FormContentFilter.doFilterInternal(FormContentFilter.java:93)
	at org.springframework.web.filter.OncePerRequestFilter.doFilter(OncePerRequestFilter.java:116)
	at org.apache.catalina.core.ApplicationFilterChain.internalDoFilter(ApplicationFilterChain.java:164)
	at org.apache.catalina.core.ApplicationFilterChain.doFilter(ApplicationFilterChain.java:140)
	at org.springframework.web.filter.CharacterEncodingFilter.doFilterInternal(CharacterEncodingFilter.java:201)
	at org.springframework.web.filter.OncePerRequestFilter.doFilter(OncePerRequestFilter.java:116)
	at org.apache.catalina.core.ApplicationFilterChain.internalDoFilter(ApplicationFilterChain.java:164)
	at org.apache.catalina.core.ApplicationFilterChain.doFilter(ApplicationFilterChain.java:140)
	at org.apache.catalina.core.StandardWrapperValve.invoke(StandardWrapperValve.java:167)
	at org.apache.catalina.core.StandardContextValve.invoke(StandardContextValve.java:90)
	at org.apache.catalina.authenticator.AuthenticatorBase.invoke(AuthenticatorBase.java:483)
	at org.apache.catalina.core.StandardHostValve.invoke(StandardHostValve.java:116)
	at org.apache.catalina.valves.ErrorReportValve.invoke(ErrorReportValve.java:93)
	at org.apache.catalina.core.StandardEngineValve.invoke(StandardEngineValve.java:74)
	at org.apache.catalina.connector.CoyoteAdapter.service(CoyoteAdapter.java:344)
	at org.apache.coyote.http11.Http11Processor.service(Http11Processor.java:398)
	at org.apache.coyote.AbstractProcessorLight.process(AbstractProcessorLight.java:63)
	at org.apache.coyote.AbstractProtocol$ConnectionHandler.process(AbstractProtocol.java:903)
	at org.apache.tomcat.util.net.NioEndpoint$SocketProcessor.doRun(NioEndpoint.java:1769)
	at org.apache.tomcat.util.net.SocketProcessorBase.run(SocketProcessorBase.java:52)
	at org.apache.tomcat.util.threads.ThreadPoolExecutor.runWorker(ThreadPoolExecutor.java:1189)
	at org.apache.tomcat.util.threads.ThreadPoolExecutor$Worker.run(ThreadPoolExecutor.java:658)
	at org.apache.tomcat.util.threads.TaskThread$WrappingRunnable.run(TaskThread.java:63)
	at java.base/java.lang.Thread.run(Thread.java:1447)
2026-06-30 16:44:48 [http-nio-8080-exec-9] WARN  o.s.w.s.m.m.a.ExceptionHandlerExceptionResolver - Resolved [org.springframework.web.servlet.resource.NoResourceFoundException: No static resource styleOscuroMenu.css.]
2026-06-30 16:44:48 [http-nio-8080-exec-9] TRACE o.s.web.servlet.DispatcherServlet - No view rendering, null ModelAndView returned.
2026-06-30 16:44:48 [http-nio-8080-exec-9] DEBUG o.s.web.servlet.DispatcherServlet - Completed 500 INTERNAL_SERVER_ERROR, headers={masked}
2026-06-30 16:44:59 [SpringApplicationShutdownHook] INFO  o.s.b.w.e.tomcat.GracefulShutdown - Commencing graceful shutdown. Waiting for active requests to complete
2026-06-30 16:44:59 [tomcat-shutdown] INFO  o.s.b.w.e.tomcat.GracefulShutdown - Graceful shutdown complete
2026-06-30 16:44:59 [SpringApplicationShutdownHook] INFO  o.s.o.j.LocalContainerEntityManagerFactoryBean - Closing JPA EntityManagerFactory for persistence unit 'default'
2026-06-30 16:44:59 [SpringApplicationShutdownHook] INFO  com.zaxxer.hikari.HikariDataSource - HikariPool-1 - Shutdown initiated...
2026-06-30 16:44:59 [SpringApplicationShutdownHook] INFO  com.zaxxer.hikari.HikariDataSource - HikariPool-1 - Shutdown completed.
2026-06-30 16:45:01 [background-preinit] INFO  o.h.validator.internal.util.Version - HV000001: Hibernate Validator 8.0.3.Final
2026-06-30 16:45:01 [restartedMain] INFO  c.e.t.TiendaTechApplication - Starting TiendaTechApplication using Java 24.0.2 with PID 3024 (D:\Programas\Cybersecurity\Tienda_Tech\target\classes started by usuario in D:\Programas\Cybersecurity\Tienda_Tech)
2026-06-30 16:45:01 [restartedMain] INFO  c.e.t.TiendaTechApplication - No active profile set, falling back to 1 default profile: "default"
2026-06-30 16:45:01 [restartedMain] INFO  o.s.b.d.e.DevToolsPropertyDefaultsPostProcessor - Devtools property defaults active! Set 'spring.devtools.add-properties' to 'false' to disable
2026-06-30 16:45:01 [restartedMain] INFO  o.s.b.d.e.DevToolsPropertyDefaultsPostProcessor - For additional web related logging consider setting the 'logging.level.web' property to 'DEBUG'
2026-06-30 16:45:02 [restartedMain] INFO  o.s.d.r.c.RepositoryConfigurationDelegate - Bootstrapping Spring Data JPA repositories in DEFAULT mode.
2026-06-30 16:45:02 [restartedMain] INFO  o.s.d.r.c.RepositoryConfigurationDelegate - Finished Spring Data repository scanning in 62 ms. Found 17 JPA repository interfaces.
2026-06-30 16:45:02 [restartedMain] INFO  o.s.b.w.e.tomcat.TomcatWebServer - Tomcat initialized with port 8080 (http)
2026-06-30 16:45:02 [restartedMain] INFO  o.a.coyote.http11.Http11NioProtocol - Initializing ProtocolHandler ["http-nio-8080"]
2026-06-30 16:45:02 [restartedMain] INFO  o.a.catalina.core.StandardService - Starting service [Tomcat]
2026-06-30 16:45:02 [restartedMain] INFO  o.a.catalina.core.StandardEngine - Starting Servlet engine: [Apache Tomcat/10.1.44]
2026-06-30 16:45:02 [restartedMain] INFO  o.a.c.c.C.[Tomcat].[localhost].[/] - Initializing Spring embedded WebApplicationContext
2026-06-30 16:45:02 [restartedMain] INFO  o.s.b.w.s.c.ServletWebServerApplicationContext - Root WebApplicationContext: initialization completed in 997 ms
2026-06-30 16:45:03 [restartedMain] INFO  o.h.jpa.internal.util.LogHelper - HHH000204: Processing PersistenceUnitInfo [name: default]
2026-06-30 16:45:03 [restartedMain] INFO  org.hibernate.Version - HHH000412: Hibernate ORM core version 6.6.26.Final
2026-06-30 16:45:03 [restartedMain] INFO  o.h.c.i.RegionFactoryInitiator - HHH000026: Second-level cache disabled
2026-06-30 16:45:03 [restartedMain] INFO  o.s.o.j.p.SpringPersistenceUnitInfo - No LoadTimeWeaver setup: ignoring JPA class transformer
2026-06-30 16:45:03 [restartedMain] INFO  com.zaxxer.hikari.HikariDataSource - HikariPool-1 - Starting...
2026-06-30 16:45:03 [restartedMain] INFO  com.zaxxer.hikari.pool.HikariPool - HikariPool-1 - Added connection org.postgresql.jdbc.PgConnection@7d237dc4
2026-06-30 16:45:03 [restartedMain] INFO  com.zaxxer.hikari.HikariDataSource - HikariPool-1 - Start completed.
2026-06-30 16:45:03 [restartedMain] INFO  o.hibernate.orm.connections.pooling - HHH10001005: Database info:
	Database JDBC URL [Connecting through datasource 'HikariDataSource (HikariPool-1)']
	Database driver: undefined/unknown
	Database version: 18.1
	Autocommit mode: undefined/unknown
	Isolation level: undefined/unknown
	Minimum pool size: undefined/unknown
	Maximum pool size: undefined/unknown
2026-06-30 16:45:04 [restartedMain] INFO  o.h.e.t.j.p.i.JtaPlatformInitiator - HHH000489: No JTA platform available (set 'hibernate.transaction.jta.platform' to enable JTA platform integration)
2026-06-30 16:45:04 [restartedMain] INFO  o.s.o.j.LocalContainerEntityManagerFactoryBean - Initialized JPA EntityManagerFactory for persistence unit 'default'
2026-06-30 16:45:04 [restartedMain] INFO  o.s.d.j.r.query.QueryEnhancerFactory - Hibernate is in classpath; If applicable, HQL parser will be used.
2026-06-30 16:45:05 [restartedMain] INFO  c.e.tienda_tech.security.JwtConfig - JWT secret cargada (88 chars).
2026-06-30 16:45:05 [restartedMain] WARN  o.s.b.a.o.j.JpaBaseConfiguration$JpaWebConfiguration - spring.jpa.open-in-view is enabled by default. Therefore, database queries may be performed during view rendering. Explicitly configure spring.jpa.open-in-view to disable this warning
2026-06-30 16:45:05 [restartedMain] INFO  o.s.b.a.w.s.WelcomePageHandlerMapping - Adding welcome page: class path resource [static/index.html]
2026-06-30 16:45:05 [restartedMain] TRACE o.s.w.s.m.m.a.RequestMappingHandlerMapping - 
	c.e.t.c.AlmacenamientoController:
	{POST [/api/productos/almacenamientos]}: crear(AlmacenamientoCreateRequest)
2026-06-30 16:45:05 [restartedMain] TRACE o.s.w.s.m.m.a.RequestMappingHandlerMapping - 
	c.e.t.c.a.AuditoriaController:
	{GET [/api/auditorias/productos]}: productos(String,Integer,LocalDate,LocalDate)
	{GET [/api/auditorias/usuario]}: porUsuario(String,LocalDate,LocalDate)
	{GET [/api/auditorias/usuarios]}: listarUsuarios()
	{GET [/api/auditorias/movimientos]}: movimientos(String,Integer,LocalDate,LocalDate)
2026-06-30 16:45:05 [restartedMain] TRACE o.s.w.s.m.m.a.RequestMappingHandlerMapping - 
	c.e.t.c.a.AuditoriaLoginController:
	{GET [/api/auditoria/logins]}: logins(String,LocalDate,LocalDate)
	{GET [/api/auditoria/usuariosL]}: usuariosAuditoria()
2026-06-30 16:45:05 [restartedMain] TRACE o.s.w.s.m.m.a.RequestMappingHandlerMapping - 
	c.e.t.c.a.AuthController:
	{POST [/auth/refresh]}: refresh(String,HttpServletResponse)
	{POST [/auth/keepalive]}: keepalive(String,HttpServletResponse)
	{POST [/auth/logout]}: logout(String,HttpServletResponse)
	{POST [/auth/login]}: login(Map,HttpServletResponse)
2026-06-30 16:45:05 [restartedMain] TRACE o.s.w.s.m.m.a.RequestMappingHandlerMapping - 
	c.e.t.c.AvatarController:
	{POST [/api/usuarios/{id}/avatar], consumes [multipart/form-data]}: uploadAvatar(Integer,MultipartFile)
	{DELETE [/api/usuarios/{id}/avatar]}: removeAvatar(Integer)
2026-06-30 16:45:05 [restartedMain] TRACE o.s.w.s.m.m.a.RequestMappingHandlerMapping - 
	c.e.t.c.BusquedaController:
	{GET [/api/busqueda/categoria/{categoriaId}]}: porCategoria(Integer,Integer)
2026-06-30 16:45:05 [restartedMain] TRACE o.s.w.s.m.m.a.RequestMappingHandlerMapping - 
	c.e.t.c.CarritoController:
	{DELETE [/api/carrito/items/{productoId}]}: remove(Integer,Integer)
	{GET [/api/carrito/items]}: list(Integer)
	{PATCH [/api/carrito/items/{productoId}]}: setQty(Integer,Integer,Map)
	{GET [/api/carrito/resumen]}: summary(Integer)
	{POST [/api/carrito/items]}: addItem(Integer,CarritoAddReq)
	{POST [/api/carrito/agregar]}: addItemAlias(Integer,CarritoAddReq)
2026-06-30 16:45:05 [restartedMain] TRACE o.s.w.s.m.m.a.RequestMappingHandlerMapping - 
	c.e.t.c.CategoriaController:
	{GET [/api/categorias]}: listar()
2026-06-30 16:45:05 [restartedMain] TRACE o.s.w.s.m.m.a.RequestMappingHandlerMapping - 
	c.e.t.c.CiudadController:
	{PUT [/api/ciudades/{id}]}: actualizar(Short,CiudadDTO)
	{DELETE [/api/ciudades/{id}]}: eliminar(Short)
	{GET [/api/ciudades]}: listar()
	{POST [/api/ciudades]}: crear(CiudadDTO)
2026-06-30 16:45:05 [restartedMain] TRACE o.s.w.s.m.m.a.RequestMappingHandlerMapping - 
	c.e.t.c.DireccionController:
	{PUT [/api/usuarios/{usuarioId}/direcciones/{direccionId}], consumes [application/json]}: actualizar(Integer,Short,DireccionDTO)
	{DELETE [/api/usuarios/{usuarioId}/direcciones/{direccionId}]}: eliminar(Integer,Short)
	{GET [/api/usuarios/{usuarioId}/direcciones]}: listar(Integer,String)
	{POST [/api/usuarios/{usuarioId}/direcciones], consumes [application/json]}: crear(Integer,DireccionDTO)
2026-06-30 16:45:05 [restartedMain] TRACE o.s.w.s.m.m.a.RequestMappingHandlerMapping - 
	c.e.t.c.EncuestaAdminController:
	{GET [/api/encuesta]}: get()
	{PUT [/api/encuesta]}: update(EncuestaUpdate)
	{POST [/api/encuesta/preguntas]}: upsertPregunta(PreguntaUpsert)
	{DELETE [/api/encuesta/preguntas/{key}]}: deletePregunta(String)
	{DELETE [/api/encuesta/opciones/{key}/{valor}]}: deleteOpcion(String,String)
	{DELETE [/api/encuesta/reglas/{key}/{valor}/{categoria}]}: deleteRegla(String,String,String)
	{POST [/api/encuesta/opciones]}: upsertOpcion(OpcionUpsert)
	{POST [/api/encuesta/reglas]}: upsertRegla(ReglaUpsert)
2026-06-30 16:45:05 [restartedMain] TRACE o.s.w.s.m.m.a.RequestMappingHandlerMapping - 
	c.e.t.c.FacturaController:
	{GET [/api/facturas/{id}]}: get(Integer)
	{GET [/api/facturas/{id}/pdf], produces [application/pdf]}: pdf(Integer)
2026-06-30 16:45:05 [restartedMain] TRACE o.s.w.s.m.m.a.RequestMappingHandlerMapping - 
	c.e.t.c.FaviconController:
	{ [/favicon.ico]}: favicon()
2026-06-30 16:45:05 [restartedMain] TRACE o.s.w.s.m.m.a.RequestMappingHandlerMapping - 
	c.e.t.c.GaleriaBatchFlagsController:
	{PATCH [/api/galeria/flags]}: flags(List)
2026-06-30 16:45:05 [restartedMain] TRACE o.s.w.s.m.m.a.RequestMappingHandlerMapping - 
	c.e.t.c.GaleriaCompatController:
	{GET [/api/galeria/{galeriaId}/contenido]}: contenidoLegacy(Integer)
	{HEAD [/api/galeria/{galeriaId}/contenido]}: headLegacy(Integer)
2026-06-30 16:45:05 [restartedMain] TRACE o.s.w.s.m.m.a.RequestMappingHandlerMapping - 
	c.e.t.c.GaleriaCompatProductosV2Controller:
	{GET [/api/productos/{productoId}/galeria/lista]}: listar(int,String)
	{POST [/api/productos/{productoId}/galeria/{galeriaId}/portada]}: portada(int,int)
	{POST [/api/productos/{productoId}/galeria], consumes [application/json]}: subirJson(int,List)
	{POST [/api/productos/{productoId}/galeria/reordenar]}: reordenar(int,ReordenarVistaReq)
2026-06-30 16:45:05 [restartedMain] TRACE o.s.w.s.m.m.a.RequestMappingHandlerMapping - 
	c.e.t.c.GaleriaImageController:
	{GET [/api/galeria/img/{galeriaId}]}: img(int)
2026-06-30 16:45:05 [restartedMain] TRACE o.s.w.s.m.m.a.RequestMappingHandlerMapping - 
	c.e.t.c.GaleriaMediaController:
	{GET [/api/galeria/{galeriaId}/media]}: media(int)
2026-06-30 16:45:05 [restartedMain] TRACE o.s.w.s.m.m.a.RequestMappingHandlerMapping - 
	c.e.t.c.GaleriaMenuController:
	{GET [/api/galeria/api/galeria-menu/{id}/contenido]}: contenidoMenu(Long)
2026-06-30 16:45:05 [restartedMain] TRACE o.s.w.s.m.m.a.RequestMappingHandlerMapping - 
	c.e.t.c.GaleriaV2Controller:
	{PATCH [/api/galeria_v2/{galeriaId}/flags]}: flags(Integer,FlagsDto)
	{DELETE [/api/galeria_v2/{galeriaId}]}: eliminar(Integer)
	{GET [/api/galeria_v2/producto/{productoId}]}: listar(Integer,String)
	{POST [/api/galeria_v2], consumes [multipart/form-data]}: agregar(Integer,MultipartFile,String,Boolean,Boolean,Boolean,Integer,Integer,Integer,Integer)
	{GET [/api/galeria_v2/img/{galeriaId}]}: obtenerImagen(Integer)
	{PUT [/api/galeria_v2/{galeriaId}/portada]}: portada(Integer,PortadaReq)
	{HEAD [/api/galeria_v2/img/{galeriaId}]}: headImagen(Integer)
	{PUT [/api/galeria_v2/{productoId}/reordenar]}: reordenar(Integer,String,ReordenarReq)
2026-06-30 16:45:05 [restartedMain] TRACE o.s.w.s.m.m.a.RequestMappingHandlerMapping - 
	c.e.t.c.HomeController:
	{GET [/api/productos/recientes-menu], produces [application/json]}: recientesMenu(int)
2026-06-30 16:45:05 [restartedMain] TRACE o.s.w.s.m.m.a.RequestMappingHandlerMapping - 
	c.e.t.c.LoginController:
	{POST [/api/login]}: login(Map)
	{POST [/api/login/mfa]}: verificarMfa(Map)
2026-06-30 16:45:05 [restartedMain] TRACE o.s.w.s.m.m.a.RequestMappingHandlerMapping - 
	c.e.t.c.MetodoPagoController:
	{DELETE [/api/mis-metodos-pago/{metodoId}]}: eliminar(Integer,HttpServletRequest)
	{GET [/api/mis-metodos-pago]}: listar(HttpServletRequest)
	{POST [/api/mis-metodos-pago]}: crear(MetodoPagoDTO,HttpServletRequest)
	{GET [/api/tipo_metodopago]}: tipos()
2026-06-30 16:45:05 [restartedMain] TRACE o.s.w.s.m.m.a.RequestMappingHandlerMapping - 
	c.e.t.c.MovimientoInventarioController:
	{GET [/api/movimientos]}: listar()
2026-06-30 16:45:05 [restartedMain] TRACE o.s.w.s.m.m.a.RequestMappingHandlerMapping - 
	c.e.t.c.OtpController:
	{POST [/api/otp/recuperar-password]}: recuperarPassword(Map)
	{POST [/api/otp]}: manejar(Map)
2026-06-30 16:45:05 [restartedMain] TRACE o.s.w.s.m.m.a.RequestMappingHandlerMapping - 
	c.e.t.c.PaypalController:
	{POST [/api/pagos/paypal/capture]}: captureBody(Integer,CaptureReq)
	{POST [/api/pagos/paypal/capture/{orderId}]}: capturePath(Integer,String,CaptureReq)
	{POST [/api/pagos/paypal/create-order]}: createOrder(Integer)
2026-06-30 16:45:05 [restartedMain] TRACE o.s.w.s.m.m.a.RequestMappingHandlerMapping - 
	c.e.t.c.ProductoBusquedaController:
	{POST [/api/productos/buscar]}: buscar(Map)
2026-06-30 16:45:05 [restartedMain] TRACE o.s.w.s.m.m.a.RequestMappingHandlerMapping - 
	c.e.t.c.ProductoController:
	{GET [/api/productos]}: listar(Pageable)
	{GET [/api/productos/mas-vendidos]}: masVendidos(int)
2026-06-30 16:45:05 [restartedMain] TRACE o.s.w.s.m.m.a.RequestMappingHandlerMapping - 
	c.e.t.c.ProductoQueryController:
	{GET [/api/productos/{id}]}: detalle(Integer,Integer)
	{GET [/api/productos/por-categoria]}: porCategoria(Integer,Integer)
2026-06-30 16:45:05 [restartedMain] TRACE o.s.w.s.m.m.a.RequestMappingHandlerMapping - 
	c.e.t.c.ProductoSpController:
	{POST [/api/sp/almacenamientos]}: crearAlmacenamiento(AlmacenamientoCreateRequest,String)
	{GET [/api/sp/productos/{id}/editar]}: getDetalleEditar(Integer)
	{POST [/api/sp/fuentes]}: crearFuente(FuenteCreateRequest,String)
	{POST [/api/sp/cpu-cooler]}: crearCpuCooler(CpuCoolerCreateRequest,String)
	{POST [/api/sp/perifericos]}: crearPeriferico(PerifericoCreateRequest,String)
	{PUT [/api/sp/productos/{id}/basico]}: actualizarBasico(Integer,ProductoUpdateBasicoRequest,String)
	{POST [/api/sp/motherboards]}: crearMotherboard(MotherboardCreateRequest,String)
	{DELETE [/api/sp/productos/{id}]}: eliminarProducto(Integer,String)
	{POST [/api/sp/cubiertas]}: crearCubierta(CubiertaCreateRequest,String)
	{POST [/api/sp/cpu]}: crearCpu(CpuCreateRequest,String)
	{GET [/api/sp/ivas]}: getIvas()
	{POST [/api/sp/ram]}: crearRam(RamCreateRequest,String)
	{POST [/api/sp/gpu]}: crearGpu(GpuCreateRequest,String)
2026-06-30 16:45:05 [restartedMain] TRACE o.s.w.s.m.m.a.RequestMappingHandlerMapping - 
	c.e.t.c.ProvinciaController:
	{PUT [/api/provincias/{id}]}: actualizar(Long,ProvinciaDTO)
	{DELETE [/api/provincias/{id}]}: eliminar(Long)
	{GET [/api/provincias]}: listar()
	{POST [/api/provincias]}: crear(ProvinciaDTO)
2026-06-30 16:45:05 [restartedMain] TRACE o.s.w.s.m.m.a.RequestMappingHandlerMapping - 
	c.e.t.c.RecuperarPasswordController:
	{POST [/api/usuarios/recuperar-password]}: recuperar(Map)
2026-06-30 16:45:05 [restartedMain] TRACE o.s.w.s.m.m.a.RequestMappingHandlerMapping - 
	c.e.t.c.SeguridadController:
	{POST [/api/seguridad/cambiar-password]}: cambiarPassword(HttpServletRequest,ChangePwdReq)
	{POST [/api/seguridad/cambiar-password-token]}: cambiarPasswordToken(ChangePwdTokenReq)
2026-06-30 16:45:05 [restartedMain] TRACE o.s.w.s.m.m.a.RequestMappingHandlerMapping - 
	c.e.t.c.SiemController:
	{GET [/api/siem/events]}: getEvents()
	{POST [/api/siem/clear]}: clearEvents()
2026-06-30 16:45:05 [restartedMain] TRACE o.s.w.s.m.m.a.RequestMappingHandlerMapping - 
	c.e.t.c.SpMovimientoController:
	{POST [/api/sp/movimiento-inventario]}: movimientoInventario(Object,String)
2026-06-30 16:45:05 [restartedMain] TRACE o.s.w.s.m.m.a.RequestMappingHandlerMapping - 
	c.e.t.c.SubtipoMovimientoController:
	{GET [/api/subtipos-movimiento]}: listar(Integer)
2026-06-30 16:45:05 [restartedMain] TRACE o.s.w.s.m.m.a.RequestMappingHandlerMapping - 
	c.e.t.c.SugerenciaController:
	{POST [/api/sugerencias/generar]}: generar(Map)
2026-06-30 16:45:05 [restartedMain] TRACE o.s.w.s.m.m.a.RequestMappingHandlerMapping - 
	c.e.t.c.SugerenciasController:
	{GET [/api/sugerencias/{id}]}: get(Integer)
	{GET [/api/usuarios/{usuarioId}/sugerencias/ultima]}: last(Integer)
	{GET [/api/usuarios/{usuarioId}/sugerencias]}: list(Integer,Integer,Integer)
	{DELETE [/api/sugerencias/{id}]}: delete(Integer)
	{PUT [/api/sugerencias/{id}]}: actualizar(Integer,SugerenciaUpdate)
	{POST [/api/sugerencias]}: crear(SugerenciaCreate)
	{POST [/api/sugerencias/full]}: crearFull(Map)
	{POST [/api/sugerencias/{id}:toggle]}: toggle(Integer,ToggleBody)
2026-06-30 16:45:05 [restartedMain] TRACE o.s.w.s.m.m.a.RequestMappingHandlerMapping - 
	c.e.t.c.UsuarioController:
	{GET [/api/usuarios/api/usuarios/me]}: me(HttpServletRequest)
	{POST [/api/usuarios/crear-usuario || /api/usuarios/crear_usuario]}: crearUsuario(UsuarioDTO)
	{GET [/api/usuarios/buscar]}: buscarPorUsuario(String,Integer,int)
	{DELETE [/api/usuarios/admin/{id}]}: deshabilitarAdmin(Integer,Integer)
	{POST [/api/usuarios/crear]}: crearCliente(UsuarioDTO)
	{POST [/api/usuarios/crear-usuarioAdmin]}: crearAdminOTrabajador(UsuarioDTO)
	{PUT [/api/usuarios/admin/{id}]}: actualizarAdmin(Integer,Integer,ClienteUpdateRequest)
	{PUT [/api/usuarios/cliente/{id}]}: actualizarCliente(Integer,ClienteUpdateRequest)
	{GET [/api/usuarios/buscar-min]}: buscarMin(String,Integer,int)
2026-06-30 16:45:05 [restartedMain] TRACE o.s.w.s.m.m.a.RequestMappingHandlerMapping - 
	c.e.t.r.c.ReportController:
	{GET [/api/report/ventas-producto/pdf], produces [application/pdf]}: salesByProductPdf(String,String,boolean)
	{GET [/api/report/general/pdf-range], produces [application/pdf]}: generalByDate(String,String,boolean)
	{GET [/api/report/stock-bajo/pdf], produces [application/pdf]}: lowStockPdf(int,boolean)
	{GET [/api/report/productos/pdf], produces [application/pdf]}: productsPdf(boolean)
	{GET [/api/report/metodos-pago/pdf], produces [application/pdf]}: paymentMethodsPdf(boolean)
	{GET [/api/report/provincias/pdf], produces [application/pdf]}: provincesPdf(boolean)
	{GET [/api/report/usuarios/pdf], produces [application/pdf]}: usersPdf(boolean)
	{GET [/api/report/admin/pdf], produces [application/pdf]}: adminPdf(String,String,boolean)
	{GET [/api/report/ordenes/pdf], produces [application/pdf]}: ordersPdf(String,String,boolean)
	{GET [/api/report/kardex/pdf], produces [application/pdf]}: kardexPdf(String,String,Integer,boolean)
	{GET [/api/report/ciudades/pdf], produces [application/pdf]}: citiesPdf(boolean)
	{GET [/api/report/roles/pdf], produces [application/pdf]}: rolesPdf(boolean)
	{GET [/api/report/general/pdf], produces [application/pdf]}: generalAll(boolean)
2026-06-30 16:45:05 [restartedMain] TRACE o.s.w.s.m.m.a.RequestMappingHandlerMapping - 
	o.s.b.a.w.s.e.BasicErrorController:
	{ [/error]}: error(HttpServletRequest)
	{ [/error], produces [text/html]}: errorHtml(HttpServletRequest,HttpServletResponse)
2026-06-30 16:45:05 [restartedMain] DEBUG o.s.w.s.m.m.a.RequestMappingHandlerMapping - 133 mappings in 'requestMappingHandlerMapping'
2026-06-30 16:45:05 [restartedMain] WARN  o.s.b.a.s.s.UserDetailsServiceAutoConfiguration - 

Using generated security password: 82c719e3-3667-4bdd-bdc0-8f54f1db7115

This generated password is for development use only. Your security configuration must be updated before running your application in production.

2026-06-30 16:45:05 [restartedMain] INFO  o.s.s.c.a.a.c.InitializeUserDetailsBeanManagerConfigurer$InitializeUserDetailsManagerConfigurer - Global AuthenticationManager configured with UserDetailsService bean with name inMemoryUserDetailsManager
2026-06-30 16:45:05 [restartedMain] INFO  o.s.b.d.a.OptionalLiveReloadServer - LiveReload server is running on port 35729
2026-06-30 16:45:06 [restartedMain] INFO  o.a.coyote.http11.Http11NioProtocol - Starting ProtocolHandler ["http-nio-8080"]
2026-06-30 16:45:06 [restartedMain] INFO  o.s.b.w.e.tomcat.TomcatWebServer - Tomcat started on port 8080 (http) with context path '/'
2026-06-30 16:45:06 [restartedMain] INFO  c.e.t.TiendaTechApplication - Started TiendaTechApplication in 4.478 seconds (process running for 5.212)
2026-06-30 16:46:23 [http-nio-8080-exec-1] INFO  o.a.c.c.C.[Tomcat].[localhost].[/] - Initializing Spring DispatcherServlet 'dispatcherServlet'
2026-06-30 16:46:23 [http-nio-8080-exec-1] INFO  o.s.web.servlet.DispatcherServlet - Initializing Servlet 'dispatcherServlet'
2026-06-30 16:46:23 [http-nio-8080-exec-1] TRACE o.s.web.servlet.DispatcherServlet - Detected org.springframework.web.multipart.support.StandardServletMultipartResolver@1052a93
2026-06-30 16:46:23 [http-nio-8080-exec-1] TRACE o.s.web.servlet.DispatcherServlet - Detected org.springframework.web.servlet.i18n.AcceptHeaderLocaleResolver@59a71a0f
2026-06-30 16:46:23 [http-nio-8080-exec-1] TRACE o.s.web.servlet.DispatcherServlet - Detected org.springframework.web.servlet.theme.FixedThemeResolver@7dc41d53
2026-06-30 16:46:23 [http-nio-8080-exec-1] TRACE o.s.web.servlet.DispatcherServlet - Detected DefaultRequestToViewNameTranslator
2026-06-30 16:46:23 [http-nio-8080-exec-1] TRACE o.s.web.servlet.DispatcherServlet - Detected SessionFlashMapManager
2026-06-30 16:46:23 [http-nio-8080-exec-1] DEBUG o.s.web.servlet.DispatcherServlet - enableLoggingRequestDetails='false': request parameters and headers will be masked to prevent unsafe logging of potentially sensitive data
2026-06-30 16:46:23 [http-nio-8080-exec-1] INFO  o.s.web.servlet.DispatcherServlet - Completed initialization in 3 ms
2026-06-30 16:46:23 [http-nio-8080-exec-1] TRACE o.s.web.servlet.DispatcherServlet - GET "/index.html", parameters={}, headers={masked} in DispatcherServlet 'dispatcherServlet'
2026-06-30 16:46:23 [http-nio-8080-exec-1] TRACE o.s.web.servlet.DispatcherServlet - No view rendering, null ModelAndView returned.
2026-06-30 16:46:23 [http-nio-8080-exec-1] DEBUG o.s.web.servlet.DispatcherServlet - Completed 200 OK, headers={masked}
2026-06-30 16:46:23 [http-nio-8080-exec-2] TRACE o.s.web.servlet.DispatcherServlet - GET "/css/styleClaroMenu.css", parameters={}, headers={masked} in DispatcherServlet 'dispatcherServlet'
2026-06-30 16:46:23 [http-nio-8080-exec-2] TRACE o.s.web.servlet.DispatcherServlet - No view rendering, null ModelAndView returned.
2026-06-30 16:46:23 [http-nio-8080-exec-2] DEBUG o.s.web.servlet.DispatcherServlet - Completed 200 OK, headers={masked}
2026-06-30 16:46:23 [http-nio-8080-exec-3] TRACE o.s.web.servlet.DispatcherServlet - GET "/js/auth-menu.js?v=4", parameters={masked}, headers={masked} in DispatcherServlet 'dispatcherServlet'
2026-06-30 16:46:23 [http-nio-8080-exec-3] TRACE o.s.web.servlet.DispatcherServlet - No view rendering, null ModelAndView returned.
2026-06-30 16:46:23 [http-nio-8080-exec-3] DEBUG o.s.web.servlet.DispatcherServlet - Completed 200 OK, headers={masked}
2026-06-30 16:46:23 [http-nio-8080-exec-5] TRACE o.s.web.servlet.DispatcherServlet - GET "/assets/menu/img1.jpg", parameters={}, headers={masked} in DispatcherServlet 'dispatcherServlet'
2026-06-30 16:46:23 [http-nio-8080-exec-4] TRACE o.s.web.servlet.DispatcherServlet - GET "/api/categorias", parameters={}, headers={masked} in DispatcherServlet 'dispatcherServlet'
2026-06-30 16:46:23 [http-nio-8080-exec-4] TRACE o.s.w.s.m.m.a.RequestMappingHandlerMapping - Mapped to com.example.tienda_tech.controller.CategoriaController#listar()
2026-06-30 16:46:23 [http-nio-8080-exec-6] TRACE o.s.web.servlet.DispatcherServlet - GET "/assets/menu/img3.jpg", parameters={}, headers={masked} in DispatcherServlet 'dispatcherServlet'
2026-06-30 16:46:23 [http-nio-8080-exec-7] TRACE o.s.web.servlet.DispatcherServlet - GET "/assets/menu/img2.jpg", parameters={}, headers={masked} in DispatcherServlet 'dispatcherServlet'
2026-06-30 16:46:23 [http-nio-8080-exec-5] TRACE o.s.web.servlet.DispatcherServlet - No view rendering, null ModelAndView returned.
2026-06-30 16:46:23 [http-nio-8080-exec-6] TRACE o.s.web.servlet.DispatcherServlet - No view rendering, null ModelAndView returned.
2026-06-30 16:46:23 [http-nio-8080-exec-5] DEBUG o.s.web.servlet.DispatcherServlet - Completed 200 OK, headers={masked}
2026-06-30 16:46:23 [http-nio-8080-exec-6] DEBUG o.s.web.servlet.DispatcherServlet - Completed 200 OK, headers={masked}
2026-06-30 16:46:23 [http-nio-8080-exec-7] TRACE o.s.web.servlet.DispatcherServlet - No view rendering, null ModelAndView returned.
2026-06-30 16:46:23 [http-nio-8080-exec-7] DEBUG o.s.web.servlet.DispatcherServlet - Completed 200 OK, headers={masked}
2026-06-30 16:46:23 [http-nio-8080-exec-8] TRACE o.s.web.servlet.DispatcherServlet - GET "/css/styleOscuroMenu.css", parameters={}, headers={masked} in DispatcherServlet 'dispatcherServlet'
2026-06-30 16:46:23 [http-nio-8080-exec-8] TRACE o.s.web.servlet.DispatcherServlet - No view rendering, null ModelAndView returned.
2026-06-30 16:46:23 [http-nio-8080-exec-8] DEBUG o.s.web.servlet.DispatcherServlet - Completed 200 OK, headers={masked}
2026-06-30 16:46:23 [http-nio-8080-exec-9] TRACE o.s.web.servlet.DispatcherServlet - GET "/api/productos/recientes-menu", parameters={}, headers={masked} in DispatcherServlet 'dispatcherServlet'
2026-06-30 16:46:23 [http-nio-8080-exec-9] TRACE o.s.w.s.m.m.a.RequestMappingHandlerMapping - Mapped to com.example.tienda_tech.controller.HomeController#recientesMenu(int)
2026-06-30 16:46:23 [http-nio-8080-exec-4] TRACE o.s.web.servlet.DispatcherServlet - No view rendering, null ModelAndView returned.
2026-06-30 16:46:23 [http-nio-8080-exec-4] DEBUG o.s.web.servlet.DispatcherServlet - Completed 200 OK, headers={masked}
2026-06-30 16:46:23 [http-nio-8080-exec-9] TRACE o.s.web.servlet.DispatcherServlet - No view rendering, null ModelAndView returned.
2026-06-30 16:46:23 [http-nio-8080-exec-9] DEBUG o.s.web.servlet.DispatcherServlet - Completed 200 OK, headers={masked}
2026-06-30 16:46:23 [http-nio-8080-exec-3] TRACE o.s.w.s.m.m.a.RequestMappingHandlerMapping - 2 matching mappings: [{HEAD [/api/galeria/{galeriaId}/contenido]}, {GET [/api/galeria/{galeriaId}/contenido]}]
2026-06-30 16:46:23 [http-nio-8080-exec-1] TRACE o.s.w.s.m.m.a.RequestMappingHandlerMapping - 2 matching mappings: [{HEAD [/api/galeria/{galeriaId}/contenido]}, {GET [/api/galeria/{galeriaId}/contenido]}]
2026-06-30 16:46:23 [http-nio-8080-exec-10] TRACE o.s.w.s.m.m.a.RequestMappingHandlerMapping - 2 matching mappings: [{HEAD [/api/galeria/{galeriaId}/contenido]}, {GET [/api/galeria/{galeriaId}/contenido]}]
2026-06-30 16:46:23 [http-nio-8080-exec-2] TRACE o.s.w.s.m.m.a.RequestMappingHandlerMapping - 2 matching mappings: [{HEAD [/api/galeria/{galeriaId}/contenido]}, {GET [/api/galeria/{galeriaId}/contenido]}]
2026-06-30 16:46:23 [http-nio-8080-exec-1] TRACE o.s.web.servlet.DispatcherServlet - HEAD "/api/galeria/303/contenido", parameters={}, headers={masked} in DispatcherServlet 'dispatcherServlet'
2026-06-30 16:46:23 [http-nio-8080-exec-10] TRACE o.s.web.servlet.DispatcherServlet - HEAD "/api/galeria/312/contenido", parameters={}, headers={masked} in DispatcherServlet 'dispatcherServlet'
2026-06-30 16:46:23 [http-nio-8080-exec-2] TRACE o.s.web.servlet.DispatcherServlet - HEAD "/api/galeria/292/contenido", parameters={}, headers={masked} in DispatcherServlet 'dispatcherServlet'
2026-06-30 16:46:23 [http-nio-8080-exec-3] TRACE o.s.web.servlet.DispatcherServlet - HEAD "/api/galeria/264/contenido", parameters={}, headers={masked} in DispatcherServlet 'dispatcherServlet'
2026-06-30 16:46:23 [http-nio-8080-exec-5] TRACE o.s.w.s.m.m.a.RequestMappingHandlerMapping - 2 matching mappings: [{HEAD [/api/galeria/{galeriaId}/contenido]}, {GET [/api/galeria/{galeriaId}/contenido]}]
2026-06-30 16:46:23 [http-nio-8080-exec-3] TRACE o.s.w.s.m.m.a.RequestMappingHandlerMapping - 2 matching mappings: [{HEAD [/api/galeria/{galeriaId}/contenido]}, {GET [/api/galeria/{galeriaId}/contenido]}]
2026-06-30 16:46:23 [http-nio-8080-exec-2] TRACE o.s.w.s.m.m.a.RequestMappingHandlerMapping - 2 matching mappings: [{HEAD [/api/galeria/{galeriaId}/contenido]}, {GET [/api/galeria/{galeriaId}/contenido]}]
2026-06-30 16:46:23 [http-nio-8080-exec-1] TRACE o.s.w.s.m.m.a.RequestMappingHandlerMapping - 2 matching mappings: [{HEAD [/api/galeria/{galeriaId}/contenido]}, {GET [/api/galeria/{galeriaId}/contenido]}]
2026-06-30 16:46:23 [http-nio-8080-exec-10] TRACE o.s.w.s.m.m.a.RequestMappingHandlerMapping - 2 matching mappings: [{HEAD [/api/galeria/{galeriaId}/contenido]}, {GET [/api/galeria/{galeriaId}/contenido]}]
2026-06-30 16:46:23 [http-nio-8080-exec-2] TRACE o.s.w.s.m.m.a.RequestMappingHandlerMapping - Mapped to com.example.tienda_tech.controller.GaleriaCompatController#headLegacy(Integer)
2026-06-30 16:46:23 [http-nio-8080-exec-3] TRACE o.s.w.s.m.m.a.RequestMappingHandlerMapping - Mapped to com.example.tienda_tech.controller.GaleriaCompatController#headLegacy(Integer)
2026-06-30 16:46:23 [http-nio-8080-exec-1] TRACE o.s.w.s.m.m.a.RequestMappingHandlerMapping - Mapped to com.example.tienda_tech.controller.GaleriaCompatController#headLegacy(Integer)
2026-06-30 16:46:23 [http-nio-8080-exec-10] TRACE o.s.w.s.m.m.a.RequestMappingHandlerMapping - Mapped to com.example.tienda_tech.controller.GaleriaCompatController#headLegacy(Integer)
2026-06-30 16:46:23 [http-nio-8080-exec-5] TRACE o.s.web.servlet.DispatcherServlet - HEAD "/api/galeria/244/contenido", parameters={}, headers={masked} in DispatcherServlet 'dispatcherServlet'
2026-06-30 16:46:23 [http-nio-8080-exec-5] TRACE o.s.w.s.m.m.a.RequestMappingHandlerMapping - 2 matching mappings: [{HEAD [/api/galeria/{galeriaId}/contenido]}, {GET [/api/galeria/{galeriaId}/contenido]}]
2026-06-30 16:46:23 [http-nio-8080-exec-5] TRACE o.s.w.s.m.m.a.RequestMappingHandlerMapping - Mapped to com.example.tienda_tech.controller.GaleriaCompatController#headLegacy(Integer)
2026-06-30 16:46:23 [http-nio-8080-exec-10] TRACE o.s.web.servlet.DispatcherServlet - No view rendering, null ModelAndView returned.
2026-06-30 16:46:23 [http-nio-8080-exec-5] TRACE o.s.web.servlet.DispatcherServlet - No view rendering, null ModelAndView returned.
2026-06-30 16:46:23 [http-nio-8080-exec-1] TRACE o.s.web.servlet.DispatcherServlet - No view rendering, null ModelAndView returned.
2026-06-30 16:46:23 [http-nio-8080-exec-3] TRACE o.s.web.servlet.DispatcherServlet - No view rendering, null ModelAndView returned.
2026-06-30 16:46:23 [http-nio-8080-exec-2] TRACE o.s.web.servlet.DispatcherServlet - No view rendering, null ModelAndView returned.
2026-06-30 16:46:23 [http-nio-8080-exec-5] DEBUG o.s.web.servlet.DispatcherServlet - Completed 200 OK, headers={masked}
2026-06-30 16:46:23 [http-nio-8080-exec-2] DEBUG o.s.web.servlet.DispatcherServlet - Completed 200 OK, headers={masked}
2026-06-30 16:46:23 [http-nio-8080-exec-1] DEBUG o.s.web.servlet.DispatcherServlet - Completed 200 OK, headers={masked}
2026-06-30 16:46:23 [http-nio-8080-exec-3] DEBUG o.s.web.servlet.DispatcherServlet - Completed 200 OK, headers={masked}
2026-06-30 16:46:23 [http-nio-8080-exec-10] DEBUG o.s.web.servlet.DispatcherServlet - Completed 200 OK, headers={masked}
2026-06-30 16:46:23 [http-nio-8080-exec-7] TRACE o.s.web.servlet.DispatcherServlet - GET "/api/galeria/303/contenido", parameters={}, headers={masked} in DispatcherServlet 'dispatcherServlet'
2026-06-30 16:46:23 [http-nio-8080-exec-8] TRACE o.s.web.servlet.DispatcherServlet - GET "/api/galeria/292/contenido", parameters={}, headers={masked} in DispatcherServlet 'dispatcherServlet'
2026-06-30 16:46:23 [http-nio-8080-exec-6] TRACE o.s.web.servlet.DispatcherServlet - GET "/api/galeria/312/contenido", parameters={}, headers={masked} in DispatcherServlet 'dispatcherServlet'
2026-06-30 16:46:23 [http-nio-8080-exec-4] TRACE o.s.web.servlet.DispatcherServlet - GET "/api/galeria/264/contenido", parameters={}, headers={masked} in DispatcherServlet 'dispatcherServlet'
2026-06-30 16:46:23 [http-nio-8080-exec-8] TRACE o.s.w.s.m.m.a.RequestMappingHandlerMapping - Mapped to com.example.tienda_tech.controller.GaleriaCompatController#contenidoLegacy(Integer)
2026-06-30 16:46:23 [http-nio-8080-exec-7] TRACE o.s.w.s.m.m.a.RequestMappingHandlerMapping - Mapped to com.example.tienda_tech.controller.GaleriaCompatController#contenidoLegacy(Integer)
2026-06-30 16:46:23 [http-nio-8080-exec-6] TRACE o.s.w.s.m.m.a.RequestMappingHandlerMapping - Mapped to com.example.tienda_tech.controller.GaleriaCompatController#contenidoLegacy(Integer)
2026-06-30 16:46:23 [http-nio-8080-exec-9] TRACE o.s.web.servlet.DispatcherServlet - GET "/api/galeria/244/contenido", parameters={}, headers={masked} in DispatcherServlet 'dispatcherServlet'
2026-06-30 16:46:23 [http-nio-8080-exec-4] TRACE o.s.w.s.m.m.a.RequestMappingHandlerMapping - Mapped to com.example.tienda_tech.controller.GaleriaCompatController#contenidoLegacy(Integer)
2026-06-30 16:46:23 [http-nio-8080-exec-9] TRACE o.s.w.s.m.m.a.RequestMappingHandlerMapping - Mapped to com.example.tienda_tech.controller.GaleriaCompatController#contenidoLegacy(Integer)
2026-06-30 16:46:23 [http-nio-8080-exec-6] TRACE o.s.web.servlet.DispatcherServlet - No view rendering, null ModelAndView returned.
2026-06-30 16:46:23 [http-nio-8080-exec-4] TRACE o.s.web.servlet.DispatcherServlet - No view rendering, null ModelAndView returned.
2026-06-30 16:46:23 [http-nio-8080-exec-7] TRACE o.s.web.servlet.DispatcherServlet - No view rendering, null ModelAndView returned.
2026-06-30 16:46:23 [http-nio-8080-exec-6] DEBUG o.s.web.servlet.DispatcherServlet - Completed 200 OK, headers={masked}
2026-06-30 16:46:23 [http-nio-8080-exec-4] DEBUG o.s.web.servlet.DispatcherServlet - Completed 200 OK, headers={masked}
2026-06-30 16:46:23 [http-nio-8080-exec-7] DEBUG o.s.web.servlet.DispatcherServlet - Completed 200 OK, headers={masked}
2026-06-30 16:46:23 [http-nio-8080-exec-8] TRACE o.s.web.servlet.DispatcherServlet - No view rendering, null ModelAndView returned.
2026-06-30 16:46:23 [http-nio-8080-exec-8] DEBUG o.s.web.servlet.DispatcherServlet - Completed 200 OK, headers={masked}
2026-06-30 16:46:23 [http-nio-8080-exec-9] TRACE o.s.web.servlet.DispatcherServlet - No view rendering, null ModelAndView returned.
2026-06-30 16:46:23 [http-nio-8080-exec-9] DEBUG o.s.web.servlet.DispatcherServlet - Completed 200 OK, headers={masked}
2026-06-30 16:46:26 [http-nio-8080-exec-5] TRACE o.s.web.servlet.DispatcherServlet - GET "/Busqueda.html?cat=2&nombre=CPU", parameters={masked}, headers={masked} in DispatcherServlet 'dispatcherServlet'
2026-06-30 16:46:26 [http-nio-8080-exec-5] TRACE o.s.web.servlet.DispatcherServlet - No view rendering, null ModelAndView returned.
2026-06-30 16:46:26 [http-nio-8080-exec-5] DEBUG o.s.web.servlet.DispatcherServlet - Completed 200 OK, headers={masked}
2026-06-30 16:46:26 [http-nio-8080-exec-1] TRACE o.s.web.servlet.DispatcherServlet - GET "/styleClaroMenu.css", parameters={}, headers={masked} in DispatcherServlet 'dispatcherServlet'
2026-06-30 16:46:26 [http-nio-8080-exec-2] TRACE o.s.web.servlet.DispatcherServlet - GET "/js/auth-menu.js?v=4", parameters={masked}, headers={masked} in DispatcherServlet 'dispatcherServlet'
2026-06-30 16:46:26 [http-nio-8080-exec-2] TRACE o.s.web.servlet.DispatcherServlet - No view rendering, null ModelAndView returned.
2026-06-30 16:46:26 [http-nio-8080-exec-2] DEBUG o.s.web.servlet.DispatcherServlet - Completed 200 OK, headers={masked}
2026-06-30 16:46:26 [http-nio-8080-exec-1] ERROR c.e.tienda_tech.advice.ApiErrors - [GET /styleClaroMenu.css] Unhandled exception
org.springframework.web.servlet.resource.NoResourceFoundException: No static resource styleClaroMenu.css.
	at org.springframework.web.servlet.resource.ResourceHttpRequestHandler.handleRequest(ResourceHttpRequestHandler.java:585)
	at org.springframework.web.servlet.mvc.HttpRequestHandlerAdapter.handle(HttpRequestHandlerAdapter.java:52)
	at org.springframework.web.servlet.DispatcherServlet.doDispatch(DispatcherServlet.java:1089)
	at org.springframework.web.servlet.DispatcherServlet.doService(DispatcherServlet.java:979)
	at org.springframework.web.servlet.FrameworkServlet.processRequest(FrameworkServlet.java:1014)
	at org.springframework.web.servlet.FrameworkServlet.doGet(FrameworkServlet.java:903)
	at jakarta.servlet.http.HttpServlet.service(HttpServlet.java:564)
	at org.springframework.web.servlet.FrameworkServlet.service(FrameworkServlet.java:885)
	at jakarta.servlet.http.HttpServlet.service(HttpServlet.java:658)
	at org.apache.catalina.core.ApplicationFilterChain.internalDoFilter(ApplicationFilterChain.java:195)
	at org.apache.catalina.core.ApplicationFilterChain.doFilter(ApplicationFilterChain.java:140)
	at org.apache.tomcat.websocket.server.WsFilter.doFilter(WsFilter.java:51)
	at org.apache.catalina.core.ApplicationFilterChain.internalDoFilter(ApplicationFilterChain.java:164)
	at org.apache.catalina.core.ApplicationFilterChain.doFilter(ApplicationFilterChain.java:140)
	at org.springframework.web.filter.CompositeFilter$VirtualFilterChain.doFilter(CompositeFilter.java:108)
	at org.springframework.web.filter.CompositeFilter$VirtualFilterChain.doFilter(CompositeFilter.java:108)
	at org.springframework.security.web.FilterChainProxy.lambda$doFilterInternal$3(FilterChainProxy.java:231)
	at org.springframework.security.web.FilterChainProxy$VirtualFilterChain.doFilter(FilterChainProxy.java:365)
	at org.springframework.security.web.access.intercept.AuthorizationFilter.doFilter(AuthorizationFilter.java:101)
	at org.springframework.security.web.FilterChainProxy$VirtualFilterChain.doFilter(FilterChainProxy.java:374)
	at org.springframework.security.web.access.ExceptionTranslationFilter.doFilter(ExceptionTranslationFilter.java:125)
	at org.springframework.security.web.access.ExceptionTranslationFilter.doFilter(ExceptionTranslationFilter.java:119)
	at org.springframework.security.web.FilterChainProxy$VirtualFilterChain.doFilter(FilterChainProxy.java:374)
	at org.springframework.security.web.authentication.AnonymousAuthenticationFilter.doFilter(AnonymousAuthenticationFilter.java:100)
	at org.springframework.security.web.FilterChainProxy$VirtualFilterChain.doFilter(FilterChainProxy.java:374)
	at org.springframework.security.web.servletapi.SecurityContextHolderAwareRequestFilter.doFilter(SecurityContextHolderAwareRequestFilter.java:179)
	at org.springframework.security.web.FilterChainProxy$VirtualFilterChain.doFilter(FilterChainProxy.java:374)
	at org.springframework.security.web.savedrequest.RequestCacheAwareFilter.doFilter(RequestCacheAwareFilter.java:63)
	at org.springframework.security.web.FilterChainProxy$VirtualFilterChain.doFilter(FilterChainProxy.java:374)
	at org.springframework.security.web.authentication.logout.LogoutFilter.doFilter(LogoutFilter.java:107)
	at org.springframework.security.web.authentication.logout.LogoutFilter.doFilter(LogoutFilter.java:93)
	at org.springframework.security.web.FilterChainProxy$VirtualFilterChain.doFilter(FilterChainProxy.java:374)
	at org.springframework.web.filter.CorsFilter.doFilterInternal(CorsFilter.java:91)
	at org.springframework.web.filter.OncePerRequestFilter.doFilter(OncePerRequestFilter.java:116)
	at org.springframework.security.web.FilterChainProxy$VirtualFilterChain.doFilter(FilterChainProxy.java:374)
	at org.springframework.security.web.header.HeaderWriterFilter.doHeadersAfter(HeaderWriterFilter.java:90)
	at org.springframework.security.web.header.HeaderWriterFilter.doFilterInternal(HeaderWriterFilter.java:75)
	at org.springframework.web.filter.OncePerRequestFilter.doFilter(OncePerRequestFilter.java:116)
	at org.springframework.security.web.FilterChainProxy$VirtualFilterChain.doFilter(FilterChainProxy.java:374)
	at org.springframework.security.web.context.SecurityContextHolderFilter.doFilter(SecurityContextHolderFilter.java:82)
	at org.springframework.security.web.context.SecurityContextHolderFilter.doFilter(SecurityContextHolderFilter.java:69)
	at org.springframework.security.web.FilterChainProxy$VirtualFilterChain.doFilter(FilterChainProxy.java:374)
	at org.springframework.security.web.context.request.async.WebAsyncManagerIntegrationFilter.doFilterInternal(WebAsyncManagerIntegrationFilter.java:62)
	at org.springframework.web.filter.OncePerRequestFilter.doFilter(OncePerRequestFilter.java:116)
	at org.springframework.security.web.FilterChainProxy$VirtualFilterChain.doFilter(FilterChainProxy.java:374)
	at org.springframework.security.web.session.DisableEncodeUrlFilter.doFilterInternal(DisableEncodeUrlFilter.java:42)
	at org.springframework.web.filter.OncePerRequestFilter.doFilter(OncePerRequestFilter.java:116)
	at org.springframework.security.web.FilterChainProxy$VirtualFilterChain.doFilter(FilterChainProxy.java:374)
	at org.springframework.security.web.FilterChainProxy.doFilterInternal(FilterChainProxy.java:233)
	at org.springframework.security.web.FilterChainProxy.doFilter(FilterChainProxy.java:191)
	at org.springframework.web.filter.CompositeFilter$VirtualFilterChain.doFilter(CompositeFilter.java:113)
	at org.springframework.web.filter.ServletRequestPathFilter.doFilter(ServletRequestPathFilter.java:52)
	at org.springframework.web.filter.CompositeFilter$VirtualFilterChain.doFilter(CompositeFilter.java:113)
	at org.springframework.web.filter.CompositeFilter.doFilter(CompositeFilter.java:74)
	at org.springframework.security.config.annotation.web.configuration.WebSecurityConfiguration$CompositeFilterChainProxy.doFilter(WebSecurityConfiguration.java:319)
	at org.springframework.web.filter.CompositeFilter$VirtualFilterChain.doFilter(CompositeFilter.java:113)
	at org.springframework.web.servlet.handler.HandlerMappingIntrospector.lambda$createCacheFilter$4(HandlerMappingIntrospector.java:267)
	at org.springframework.web.filter.CompositeFilter$VirtualFilterChain.doFilter(CompositeFilter.java:113)
	at org.springframework.web.filter.CompositeFilter.doFilter(CompositeFilter.java:74)
	at org.springframework.security.config.annotation.web.configuration.WebMvcSecurityConfiguration$CompositeFilterChainProxy.doFilter(WebMvcSecurityConfiguration.java:240)
	at org.springframework.web.filter.DelegatingFilterProxy.invokeDelegate(DelegatingFilterProxy.java:362)
	at org.springframework.web.filter.DelegatingFilterProxy.doFilter(DelegatingFilterProxy.java:278)
	at org.apache.catalina.core.ApplicationFilterChain.internalDoFilter(ApplicationFilterChain.java:164)
	at org.apache.catalina.core.ApplicationFilterChain.doFilter(ApplicationFilterChain.java:140)
	at org.springframework.web.filter.RequestContextFilter.doFilterInternal(RequestContextFilter.java:100)
	at org.springframework.web.filter.OncePerRequestFilter.doFilter(OncePerRequestFilter.java:116)
	at org.apache.catalina.core.ApplicationFilterChain.internalDoFilter(ApplicationFilterChain.java:164)
	at org.apache.catalina.core.ApplicationFilterChain.doFilter(ApplicationFilterChain.java:140)
	at org.springframework.web.filter.FormContentFilter.doFilterInternal(FormContentFilter.java:93)
	at org.springframework.web.filter.OncePerRequestFilter.doFilter(OncePerRequestFilter.java:116)
	at org.apache.catalina.core.ApplicationFilterChain.internalDoFilter(ApplicationFilterChain.java:164)
	at org.apache.catalina.core.ApplicationFilterChain.doFilter(ApplicationFilterChain.java:140)
	at org.springframework.web.filter.CharacterEncodingFilter.doFilterInternal(CharacterEncodingFilter.java:201)
	at org.springframework.web.filter.OncePerRequestFilter.doFilter(OncePerRequestFilter.java:116)
	at org.apache.catalina.core.ApplicationFilterChain.internalDoFilter(ApplicationFilterChain.java:164)
	at org.apache.catalina.core.ApplicationFilterChain.doFilter(ApplicationFilterChain.java:140)
	at org.apache.catalina.core.StandardWrapperValve.invoke(StandardWrapperValve.java:167)
	at org.apache.catalina.core.StandardContextValve.invoke(StandardContextValve.java:90)
	at org.apache.catalina.authenticator.AuthenticatorBase.invoke(AuthenticatorBase.java:483)
	at org.apache.catalina.core.StandardHostValve.invoke(StandardHostValve.java:116)
	at org.apache.catalina.valves.ErrorReportValve.invoke(ErrorReportValve.java:93)
	at org.apache.catalina.core.StandardEngineValve.invoke(StandardEngineValve.java:74)
	at org.apache.catalina.connector.CoyoteAdapter.service(CoyoteAdapter.java:344)
	at org.apache.coyote.http11.Http11Processor.service(Http11Processor.java:398)
	at org.apache.coyote.AbstractProcessorLight.process(AbstractProcessorLight.java:63)
	at org.apache.coyote.AbstractProtocol$ConnectionHandler.process(AbstractProtocol.java:903)
	at org.apache.tomcat.util.net.NioEndpoint$SocketProcessor.doRun(NioEndpoint.java:1769)
	at org.apache.tomcat.util.net.SocketProcessorBase.run(SocketProcessorBase.java:52)
	at org.apache.tomcat.util.threads.ThreadPoolExecutor.runWorker(ThreadPoolExecutor.java:1189)
	at org.apache.tomcat.util.threads.ThreadPoolExecutor$Worker.run(ThreadPoolExecutor.java:658)
	at org.apache.tomcat.util.threads.TaskThread$WrappingRunnable.run(TaskThread.java:63)
	at java.base/java.lang.Thread.run(Thread.java:1447)
2026-06-30 16:46:26 [http-nio-8080-exec-1] WARN  o.s.w.s.m.m.a.ExceptionHandlerExceptionResolver - Resolved [org.springframework.web.servlet.resource.NoResourceFoundException: No static resource styleClaroMenu.css.]
2026-06-30 16:46:26 [http-nio-8080-exec-1] TRACE o.s.web.servlet.DispatcherServlet - No view rendering, null ModelAndView returned.
2026-06-30 16:46:26 [http-nio-8080-exec-1] DEBUG o.s.web.servlet.DispatcherServlet - Completed 500 INTERNAL_SERVER_ERROR, headers={masked}
2026-06-30 16:46:26 [http-nio-8080-exec-3] TRACE o.s.web.servlet.DispatcherServlet - GET "/styleOscuroMenu.css", parameters={}, headers={masked} in DispatcherServlet 'dispatcherServlet'
2026-06-30 16:46:26 [http-nio-8080-exec-3] ERROR c.e.tienda_tech.advice.ApiErrors - [GET /styleOscuroMenu.css] Unhandled exception
org.springframework.web.servlet.resource.NoResourceFoundException: No static resource styleOscuroMenu.css.
	at org.springframework.web.servlet.resource.ResourceHttpRequestHandler.handleRequest(ResourceHttpRequestHandler.java:585)
	at org.springframework.web.servlet.mvc.HttpRequestHandlerAdapter.handle(HttpRequestHandlerAdapter.java:52)
	at org.springframework.web.servlet.DispatcherServlet.doDispatch(DispatcherServlet.java:1089)
	at org.springframework.web.servlet.DispatcherServlet.doService(DispatcherServlet.java:979)
	at org.springframework.web.servlet.FrameworkServlet.processRequest(FrameworkServlet.java:1014)
	at org.springframework.web.servlet.FrameworkServlet.doGet(FrameworkServlet.java:903)
	at jakarta.servlet.http.HttpServlet.service(HttpServlet.java:564)
	at org.springframework.web.servlet.FrameworkServlet.service(FrameworkServlet.java:885)
	at jakarta.servlet.http.HttpServlet.service(HttpServlet.java:658)
	at org.apache.catalina.core.ApplicationFilterChain.internalDoFilter(ApplicationFilterChain.java:195)
	at org.apache.catalina.core.ApplicationFilterChain.doFilter(ApplicationFilterChain.java:140)
	at org.apache.tomcat.websocket.server.WsFilter.doFilter(WsFilter.java:51)
	at org.apache.catalina.core.ApplicationFilterChain.internalDoFilter(ApplicationFilterChain.java:164)
	at org.apache.catalina.core.ApplicationFilterChain.doFilter(ApplicationFilterChain.java:140)
	at org.springframework.web.filter.CompositeFilter$VirtualFilterChain.doFilter(CompositeFilter.java:108)
	at org.springframework.web.filter.CompositeFilter$VirtualFilterChain.doFilter(CompositeFilter.java:108)
	at org.springframework.security.web.FilterChainProxy.lambda$doFilterInternal$3(FilterChainProxy.java:231)
	at org.springframework.security.web.FilterChainProxy$VirtualFilterChain.doFilter(FilterChainProxy.java:365)
	at org.springframework.security.web.access.intercept.AuthorizationFilter.doFilter(AuthorizationFilter.java:101)
	at org.springframework.security.web.FilterChainProxy$VirtualFilterChain.doFilter(FilterChainProxy.java:374)
	at org.springframework.security.web.access.ExceptionTranslationFilter.doFilter(ExceptionTranslationFilter.java:125)
	at org.springframework.security.web.access.ExceptionTranslationFilter.doFilter(ExceptionTranslationFilter.java:119)
	at org.springframework.security.web.FilterChainProxy$VirtualFilterChain.doFilter(FilterChainProxy.java:374)
	at org.springframework.security.web.authentication.AnonymousAuthenticationFilter.doFilter(AnonymousAuthenticationFilter.java:100)
	at org.springframework.security.web.FilterChainProxy$VirtualFilterChain.doFilter(FilterChainProxy.java:374)
	at org.springframework.security.web.servletapi.SecurityContextHolderAwareRequestFilter.doFilter(SecurityContextHolderAwareRequestFilter.java:179)
	at org.springframework.security.web.FilterChainProxy$VirtualFilterChain.doFilter(FilterChainProxy.java:374)
	at org.springframework.security.web.savedrequest.RequestCacheAwareFilter.doFilter(RequestCacheAwareFilter.java:63)
	at org.springframework.security.web.FilterChainProxy$VirtualFilterChain.doFilter(FilterChainProxy.java:374)
	at org.springframework.security.web.authentication.logout.LogoutFilter.doFilter(LogoutFilter.java:107)
	at org.springframework.security.web.authentication.logout.LogoutFilter.doFilter(LogoutFilter.java:93)
	at org.springframework.security.web.FilterChainProxy$VirtualFilterChain.doFilter(FilterChainProxy.java:374)
	at org.springframework.web.filter.CorsFilter.doFilterInternal(CorsFilter.java:91)
	at org.springframework.web.filter.OncePerRequestFilter.doFilter(OncePerRequestFilter.java:116)
	at org.springframework.security.web.FilterChainProxy$VirtualFilterChain.doFilter(FilterChainProxy.java:374)
	at org.springframework.security.web.header.HeaderWriterFilter.doHeadersAfter(HeaderWriterFilter.java:90)
	at org.springframework.security.web.header.HeaderWriterFilter.doFilterInternal(HeaderWriterFilter.java:75)
	at org.springframework.web.filter.OncePerRequestFilter.doFilter(OncePerRequestFilter.java:116)
	at org.springframework.security.web.FilterChainProxy$VirtualFilterChain.doFilter(FilterChainProxy.java:374)
	at org.springframework.security.web.context.SecurityContextHolderFilter.doFilter(SecurityContextHolderFilter.java:82)
	at org.springframework.security.web.context.SecurityContextHolderFilter.doFilter(SecurityContextHolderFilter.java:69)
	at org.springframework.security.web.FilterChainProxy$VirtualFilterChain.doFilter(FilterChainProxy.java:374)
	at org.springframework.security.web.context.request.async.WebAsyncManagerIntegrationFilter.doFilterInternal(WebAsyncManagerIntegrationFilter.java:62)
	at org.springframework.web.filter.OncePerRequestFilter.doFilter(OncePerRequestFilter.java:116)
	at org.springframework.security.web.FilterChainProxy$VirtualFilterChain.doFilter(FilterChainProxy.java:374)
	at org.springframework.security.web.session.DisableEncodeUrlFilter.doFilterInternal(DisableEncodeUrlFilter.java:42)
	at org.springframework.web.filter.OncePerRequestFilter.doFilter(OncePerRequestFilter.java:116)
	at org.springframework.security.web.FilterChainProxy$VirtualFilterChain.doFilter(FilterChainProxy.java:374)
	at org.springframework.security.web.FilterChainProxy.doFilterInternal(FilterChainProxy.java:233)
	at org.springframework.security.web.FilterChainProxy.doFilter(FilterChainProxy.java:191)
	at org.springframework.web.filter.CompositeFilter$VirtualFilterChain.doFilter(CompositeFilter.java:113)
	at org.springframework.web.filter.ServletRequestPathFilter.doFilter(ServletRequestPathFilter.java:52)
	at org.springframework.web.filter.CompositeFilter$VirtualFilterChain.doFilter(CompositeFilter.java:113)
	at org.springframework.web.filter.CompositeFilter.doFilter(CompositeFilter.java:74)
	at org.springframework.security.config.annotation.web.configuration.WebSecurityConfiguration$CompositeFilterChainProxy.doFilter(WebSecurityConfiguration.java:319)
	at org.springframework.web.filter.CompositeFilter$VirtualFilterChain.doFilter(CompositeFilter.java:113)
	at org.springframework.web.servlet.handler.HandlerMappingIntrospector.lambda$createCacheFilter$4(HandlerMappingIntrospector.java:267)
	at org.springframework.web.filter.CompositeFilter$VirtualFilterChain.doFilter(CompositeFilter.java:113)
	at org.springframework.web.filter.CompositeFilter.doFilter(CompositeFilter.java:74)
	at org.springframework.security.config.annotation.web.configuration.WebMvcSecurityConfiguration$CompositeFilterChainProxy.doFilter(WebMvcSecurityConfiguration.java:240)
	at org.springframework.web.filter.DelegatingFilterProxy.invokeDelegate(DelegatingFilterProxy.java:362)
	at org.springframework.web.filter.DelegatingFilterProxy.doFilter(DelegatingFilterProxy.java:278)
	at org.apache.catalina.core.ApplicationFilterChain.internalDoFilter(ApplicationFilterChain.java:164)
	at org.apache.catalina.core.ApplicationFilterChain.doFilter(ApplicationFilterChain.java:140)
	at org.springframework.web.filter.RequestContextFilter.doFilterInternal(RequestContextFilter.java:100)
	at org.springframework.web.filter.OncePerRequestFilter.doFilter(OncePerRequestFilter.java:116)
	at org.apache.catalina.core.ApplicationFilterChain.internalDoFilter(ApplicationFilterChain.java:164)
	at org.apache.catalina.core.ApplicationFilterChain.doFilter(ApplicationFilterChain.java:140)
	at org.springframework.web.filter.FormContentFilter.doFilterInternal(FormContentFilter.java:93)
	at org.springframework.web.filter.OncePerRequestFilter.doFilter(OncePerRequestFilter.java:116)
	at org.apache.catalina.core.ApplicationFilterChain.internalDoFilter(ApplicationFilterChain.java:164)
	at org.apache.catalina.core.ApplicationFilterChain.doFilter(ApplicationFilterChain.java:140)
	at org.springframework.web.filter.CharacterEncodingFilter.doFilterInternal(CharacterEncodingFilter.java:201)
	at org.springframework.web.filter.OncePerRequestFilter.doFilter(OncePerRequestFilter.java:116)
	at org.apache.catalina.core.ApplicationFilterChain.internalDoFilter(ApplicationFilterChain.java:164)
	at org.apache.catalina.core.ApplicationFilterChain.doFilter(ApplicationFilterChain.java:140)
	at org.apache.catalina.core.StandardWrapperValve.invoke(StandardWrapperValve.java:167)
	at org.apache.catalina.core.StandardContextValve.invoke(StandardContextValve.java:90)
	at org.apache.catalina.authenticator.AuthenticatorBase.invoke(AuthenticatorBase.java:483)
	at org.apache.catalina.core.StandardHostValve.invoke(StandardHostValve.java:116)
	at org.apache.catalina.valves.ErrorReportValve.invoke(ErrorReportValve.java:93)
	at org.apache.catalina.core.StandardEngineValve.invoke(StandardEngineValve.java:74)
	at org.apache.catalina.connector.CoyoteAdapter.service(CoyoteAdapter.java:344)
	at org.apache.coyote.http11.Http11Processor.service(Http11Processor.java:398)
	at org.apache.coyote.AbstractProcessorLight.process(AbstractProcessorLight.java:63)
	at org.apache.coyote.AbstractProtocol$ConnectionHandler.process(AbstractProtocol.java:903)
	at org.apache.tomcat.util.net.NioEndpoint$SocketProcessor.doRun(NioEndpoint.java:1769)
	at org.apache.tomcat.util.net.SocketProcessorBase.run(SocketProcessorBase.java:52)
	at org.apache.tomcat.util.threads.ThreadPoolExecutor.runWorker(ThreadPoolExecutor.java:1189)
	at org.apache.tomcat.util.threads.ThreadPoolExecutor$Worker.run(ThreadPoolExecutor.java:658)
	at org.apache.tomcat.util.threads.TaskThread$WrappingRunnable.run(TaskThread.java:63)
	at java.base/java.lang.Thread.run(Thread.java:1447)
2026-06-30 16:46:26 [http-nio-8080-exec-3] WARN  o.s.w.s.m.m.a.ExceptionHandlerExceptionResolver - Resolved [org.springframework.web.servlet.resource.NoResourceFoundException: No static resource styleOscuroMenu.css.]
2026-06-30 16:46:26 [http-nio-8080-exec-3] TRACE o.s.web.servlet.DispatcherServlet - No view rendering, null ModelAndView returned.
2026-06-30 16:46:26 [http-nio-8080-exec-3] DEBUG o.s.web.servlet.DispatcherServlet - Completed 500 INTERNAL_SERVER_ERROR, headers={masked}
2026-06-30 16:46:26 [http-nio-8080-exec-10] TRACE o.s.web.servlet.DispatcherServlet - GET "/api/productos/por-categoria?categoriaId=2", parameters={masked}, headers={masked} in DispatcherServlet 'dispatcherServlet'
2026-06-30 16:46:26 [http-nio-8080-exec-10] TRACE o.s.w.s.m.m.a.RequestMappingHandlerMapping - Mapped to com.example.tienda_tech.controller.ProductoQueryController#porCategoria(Integer, Integer)
2026-06-30 16:46:26 [http-nio-8080-exec-10] TRACE o.s.web.servlet.DispatcherServlet - No view rendering, null ModelAndView returned.
2026-06-30 16:46:26 [http-nio-8080-exec-10] DEBUG o.s.web.servlet.DispatcherServlet - Completed 200 OK, headers={masked}
2026-06-30 16:46:26 [http-nio-8080-exec-7] TRACE o.s.web.servlet.DispatcherServlet - GET "/api/galeria_v2/img/279", parameters={}, headers={masked} in DispatcherServlet 'dispatcherServlet'
2026-06-30 16:46:26 [http-nio-8080-exec-6] TRACE o.s.web.servlet.DispatcherServlet - GET "/api/galeria_v2/img/321", parameters={}, headers={masked} in DispatcherServlet 'dispatcherServlet'
2026-06-30 16:46:26 [http-nio-8080-exec-7] TRACE o.s.w.s.m.m.a.RequestMappingHandlerMapping - Mapped to com.example.tienda_tech.controller.GaleriaV2Controller#obtenerImagen(Integer)
2026-06-30 16:46:26 [http-nio-8080-exec-6] TRACE o.s.w.s.m.m.a.RequestMappingHandlerMapping - Mapped to com.example.tienda_tech.controller.GaleriaV2Controller#obtenerImagen(Integer)
2026-06-30 16:46:26 [http-nio-8080-exec-6] TRACE o.s.web.servlet.DispatcherServlet - No view rendering, null ModelAndView returned.
2026-06-30 16:46:26 [http-nio-8080-exec-7] TRACE o.s.web.servlet.DispatcherServlet - No view rendering, null ModelAndView returned.
2026-06-30 16:46:26 [http-nio-8080-exec-6] DEBUG o.s.web.servlet.DispatcherServlet - Completed 200 OK, headers={masked}
2026-06-30 16:46:26 [http-nio-8080-exec-7] DEBUG o.s.web.servlet.DispatcherServlet - Completed 200 OK, headers={masked}
2026-06-30 16:46:26 [http-nio-8080-exec-4] TRACE o.s.web.servlet.DispatcherServlet - GET "/api/galeria_v2/img/111", parameters={}, headers={masked} in DispatcherServlet 'dispatcherServlet'
2026-06-30 16:46:26 [http-nio-8080-exec-4] TRACE o.s.w.s.m.m.a.RequestMappingHandlerMapping - Mapped to com.example.tienda_tech.controller.GaleriaV2Controller#obtenerImagen(Integer)
2026-06-30 16:46:26 [http-nio-8080-exec-8] TRACE o.s.web.servlet.DispatcherServlet - GET "/api/galeria_v2/img/117", parameters={}, headers={masked} in DispatcherServlet 'dispatcherServlet'
2026-06-30 16:46:26 [http-nio-8080-exec-9] TRACE o.s.web.servlet.DispatcherServlet - GET "/api/galeria_v2/img/67", parameters={}, headers={masked} in DispatcherServlet 'dispatcherServlet'
2026-06-30 16:46:26 [http-nio-8080-exec-5] TRACE o.s.web.servlet.DispatcherServlet - GET "/api/galeria_v2/img/113", parameters={}, headers={masked} in DispatcherServlet 'dispatcherServlet'
2026-06-30 16:46:26 [http-nio-8080-exec-9] TRACE o.s.w.s.m.m.a.RequestMappingHandlerMapping - Mapped to com.example.tienda_tech.controller.GaleriaV2Controller#obtenerImagen(Integer)
2026-06-30 16:46:26 [http-nio-8080-exec-8] TRACE o.s.w.s.m.m.a.RequestMappingHandlerMapping - Mapped to com.example.tienda_tech.controller.GaleriaV2Controller#obtenerImagen(Integer)
2026-06-30 16:46:26 [http-nio-8080-exec-5] TRACE o.s.w.s.m.m.a.RequestMappingHandlerMapping - Mapped to com.example.tienda_tech.controller.GaleriaV2Controller#obtenerImagen(Integer)
2026-06-30 16:46:26 [http-nio-8080-exec-4] TRACE o.s.web.servlet.DispatcherServlet - No view rendering, null ModelAndView returned.
2026-06-30 16:46:26 [http-nio-8080-exec-8] TRACE o.s.web.servlet.DispatcherServlet - No view rendering, null ModelAndView returned.
2026-06-30 16:46:26 [http-nio-8080-exec-4] DEBUG o.s.web.servlet.DispatcherServlet - Completed 200 OK, headers={masked}
2026-06-30 16:46:26 [http-nio-8080-exec-9] TRACE o.s.web.servlet.DispatcherServlet - No view rendering, null ModelAndView returned.
2026-06-30 16:46:26 [http-nio-8080-exec-8] DEBUG o.s.web.servlet.DispatcherServlet - Completed 200 OK, headers={masked}
2026-06-30 16:46:26 [http-nio-8080-exec-9] DEBUG o.s.web.servlet.DispatcherServlet - Completed 200 OK, headers={masked}
2026-06-30 16:46:26 [http-nio-8080-exec-5] TRACE o.s.web.servlet.DispatcherServlet - No view rendering, null ModelAndView returned.
2026-06-30 16:46:26 [http-nio-8080-exec-5] DEBUG o.s.web.servlet.DispatcherServlet - Completed 200 OK, headers={masked}
2026-06-30 16:46:52 [http-nio-8080-exec-2] TRACE o.s.web.servlet.DispatcherServlet - GET "/styleClaroMenu.css", parameters={}, headers={masked} in DispatcherServlet 'dispatcherServlet'
2026-06-30 16:46:52 [http-nio-8080-exec-2] ERROR c.e.tienda_tech.advice.ApiErrors - [GET /styleClaroMenu.css] Unhandled exception
org.springframework.web.servlet.resource.NoResourceFoundException: No static resource styleClaroMenu.css.
	at org.springframework.web.servlet.resource.ResourceHttpRequestHandler.handleRequest(ResourceHttpRequestHandler.java:585)
	at org.springframework.web.servlet.mvc.HttpRequestHandlerAdapter.handle(HttpRequestHandlerAdapter.java:52)
	at org.springframework.web.servlet.DispatcherServlet.doDispatch(DispatcherServlet.java:1089)
	at org.springframework.web.servlet.DispatcherServlet.doService(DispatcherServlet.java:979)
	at org.springframework.web.servlet.FrameworkServlet.processRequest(FrameworkServlet.java:1014)
	at org.springframework.web.servlet.FrameworkServlet.doGet(FrameworkServlet.java:903)
	at jakarta.servlet.http.HttpServlet.service(HttpServlet.java:564)
	at org.springframework.web.servlet.FrameworkServlet.service(FrameworkServlet.java:885)
	at jakarta.servlet.http.HttpServlet.service(HttpServlet.java:658)
	at org.apache.catalina.core.ApplicationFilterChain.internalDoFilter(ApplicationFilterChain.java:195)
	at org.apache.catalina.core.ApplicationFilterChain.doFilter(ApplicationFilterChain.java:140)
	at org.apache.tomcat.websocket.server.WsFilter.doFilter(WsFilter.java:51)
	at org.apache.catalina.core.ApplicationFilterChain.internalDoFilter(ApplicationFilterChain.java:164)
	at org.apache.catalina.core.ApplicationFilterChain.doFilter(ApplicationFilterChain.java:140)
	at org.springframework.web.filter.CompositeFilter$VirtualFilterChain.doFilter(CompositeFilter.java:108)
	at org.springframework.web.filter.CompositeFilter$VirtualFilterChain.doFilter(CompositeFilter.java:108)
	at org.springframework.security.web.FilterChainProxy.lambda$doFilterInternal$3(FilterChainProxy.java:231)
	at org.springframework.security.web.FilterChainProxy$VirtualFilterChain.doFilter(FilterChainProxy.java:365)
	at org.springframework.security.web.access.intercept.AuthorizationFilter.doFilter(AuthorizationFilter.java:101)
	at org.springframework.security.web.FilterChainProxy$VirtualFilterChain.doFilter(FilterChainProxy.java:374)
	at org.springframework.security.web.access.ExceptionTranslationFilter.doFilter(ExceptionTranslationFilter.java:125)
	at org.springframework.security.web.access.ExceptionTranslationFilter.doFilter(ExceptionTranslationFilter.java:119)
	at org.springframework.security.web.FilterChainProxy$VirtualFilterChain.doFilter(FilterChainProxy.java:374)
	at org.springframework.security.web.authentication.AnonymousAuthenticationFilter.doFilter(AnonymousAuthenticationFilter.java:100)
	at org.springframework.security.web.FilterChainProxy$VirtualFilterChain.doFilter(FilterChainProxy.java:374)
	at org.springframework.security.web.servletapi.SecurityContextHolderAwareRequestFilter.doFilter(SecurityContextHolderAwareRequestFilter.java:179)
	at org.springframework.security.web.FilterChainProxy$VirtualFilterChain.doFilter(FilterChainProxy.java:374)
	at org.springframework.security.web.savedrequest.RequestCacheAwareFilter.doFilter(RequestCacheAwareFilter.java:63)
	at org.springframework.security.web.FilterChainProxy$VirtualFilterChain.doFilter(FilterChainProxy.java:374)
	at org.springframework.security.web.authentication.logout.LogoutFilter.doFilter(LogoutFilter.java:107)
	at org.springframework.security.web.authentication.logout.LogoutFilter.doFilter(LogoutFilter.java:93)
	at org.springframework.security.web.FilterChainProxy$VirtualFilterChain.doFilter(FilterChainProxy.java:374)
	at org.springframework.web.filter.CorsFilter.doFilterInternal(CorsFilter.java:91)
	at org.springframework.web.filter.OncePerRequestFilter.doFilter(OncePerRequestFilter.java:116)
	at org.springframework.security.web.FilterChainProxy$VirtualFilterChain.doFilter(FilterChainProxy.java:374)
	at org.springframework.security.web.header.HeaderWriterFilter.doHeadersAfter(HeaderWriterFilter.java:90)
	at org.springframework.security.web.header.HeaderWriterFilter.doFilterInternal(HeaderWriterFilter.java:75)
	at org.springframework.web.filter.OncePerRequestFilter.doFilter(OncePerRequestFilter.java:116)
	at org.springframework.security.web.FilterChainProxy$VirtualFilterChain.doFilter(FilterChainProxy.java:374)
	at org.springframework.security.web.context.SecurityContextHolderFilter.doFilter(SecurityContextHolderFilter.java:82)
	at org.springframework.security.web.context.SecurityContextHolderFilter.doFilter(SecurityContextHolderFilter.java:69)
	at org.springframework.security.web.FilterChainProxy$VirtualFilterChain.doFilter(FilterChainProxy.java:374)
	at org.springframework.security.web.context.request.async.WebAsyncManagerIntegrationFilter.doFilterInternal(WebAsyncManagerIntegrationFilter.java:62)
	at org.springframework.web.filter.OncePerRequestFilter.doFilter(OncePerRequestFilter.java:116)
	at org.springframework.security.web.FilterChainProxy$VirtualFilterChain.doFilter(FilterChainProxy.java:374)
	at org.springframework.security.web.session.DisableEncodeUrlFilter.doFilterInternal(DisableEncodeUrlFilter.java:42)
	at org.springframework.web.filter.OncePerRequestFilter.doFilter(OncePerRequestFilter.java:116)
	at org.springframework.security.web.FilterChainProxy$VirtualFilterChain.doFilter(FilterChainProxy.java:374)
	at org.springframework.security.web.FilterChainProxy.doFilterInternal(FilterChainProxy.java:233)
	at org.springframework.security.web.FilterChainProxy.doFilter(FilterChainProxy.java:191)
	at org.springframework.web.filter.CompositeFilter$VirtualFilterChain.doFilter(CompositeFilter.java:113)
	at org.springframework.web.filter.ServletRequestPathFilter.doFilter(ServletRequestPathFilter.java:52)
	at org.springframework.web.filter.CompositeFilter$VirtualFilterChain.doFilter(CompositeFilter.java:113)
	at org.springframework.web.filter.CompositeFilter.doFilter(CompositeFilter.java:74)
	at org.springframework.security.config.annotation.web.configuration.WebSecurityConfiguration$CompositeFilterChainProxy.doFilter(WebSecurityConfiguration.java:319)
	at org.springframework.web.filter.CompositeFilter$VirtualFilterChain.doFilter(CompositeFilter.java:113)
	at org.springframework.web.servlet.handler.HandlerMappingIntrospector.lambda$createCacheFilter$4(HandlerMappingIntrospector.java:267)
	at org.springframework.web.filter.CompositeFilter$VirtualFilterChain.doFilter(CompositeFilter.java:113)
	at org.springframework.web.filter.CompositeFilter.doFilter(CompositeFilter.java:74)
	at org.springframework.security.config.annotation.web.configuration.WebMvcSecurityConfiguration$CompositeFilterChainProxy.doFilter(WebMvcSecurityConfiguration.java:240)
	at org.springframework.web.filter.DelegatingFilterProxy.invokeDelegate(DelegatingFilterProxy.java:362)
	at org.springframework.web.filter.DelegatingFilterProxy.doFilter(DelegatingFilterProxy.java:278)
	at org.apache.catalina.core.ApplicationFilterChain.internalDoFilter(ApplicationFilterChain.java:164)
	at org.apache.catalina.core.ApplicationFilterChain.doFilter(ApplicationFilterChain.java:140)
	at org.springframework.web.filter.RequestContextFilter.doFilterInternal(RequestContextFilter.java:100)
	at org.springframework.web.filter.OncePerRequestFilter.doFilter(OncePerRequestFilter.java:116)
	at org.apache.catalina.core.ApplicationFilterChain.internalDoFilter(ApplicationFilterChain.java:164)
	at org.apache.catalina.core.ApplicationFilterChain.doFilter(ApplicationFilterChain.java:140)
	at org.springframework.web.filter.FormContentFilter.doFilterInternal(FormContentFilter.java:93)
	at org.springframework.web.filter.OncePerRequestFilter.doFilter(OncePerRequestFilter.java:116)
	at org.apache.catalina.core.ApplicationFilterChain.internalDoFilter(ApplicationFilterChain.java:164)
	at org.apache.catalina.core.ApplicationFilterChain.doFilter(ApplicationFilterChain.java:140)
	at org.springframework.web.filter.CharacterEncodingFilter.doFilterInternal(CharacterEncodingFilter.java:201)
	at org.springframework.web.filter.OncePerRequestFilter.doFilter(OncePerRequestFilter.java:116)
	at org.apache.catalina.core.ApplicationFilterChain.internalDoFilter(ApplicationFilterChain.java:164)
	at org.apache.catalina.core.ApplicationFilterChain.doFilter(ApplicationFilterChain.java:140)
	at org.apache.catalina.core.StandardWrapperValve.invoke(StandardWrapperValve.java:167)
	at org.apache.catalina.core.StandardContextValve.invoke(StandardContextValve.java:90)
	at org.apache.catalina.authenticator.AuthenticatorBase.invoke(AuthenticatorBase.java:483)
	at org.apache.catalina.core.StandardHostValve.invoke(StandardHostValve.java:116)
	at org.apache.catalina.valves.ErrorReportValve.invoke(ErrorReportValve.java:93)
	at org.apache.catalina.core.StandardEngineValve.invoke(StandardEngineValve.java:74)
	at org.apache.catalina.connector.CoyoteAdapter.service(CoyoteAdapter.java:344)
	at org.apache.coyote.http11.Http11Processor.service(Http11Processor.java:398)
	at org.apache.coyote.AbstractProcessorLight.process(AbstractProcessorLight.java:63)
	at org.apache.coyote.AbstractProtocol$ConnectionHandler.process(AbstractProtocol.java:903)
	at org.apache.tomcat.util.net.NioEndpoint$SocketProcessor.doRun(NioEndpoint.java:1769)
	at org.apache.tomcat.util.net.SocketProcessorBase.run(SocketProcessorBase.java:52)
	at org.apache.tomcat.util.threads.ThreadPoolExecutor.runWorker(ThreadPoolExecutor.java:1189)
	at org.apache.tomcat.util.threads.ThreadPoolExecutor$Worker.run(ThreadPoolExecutor.java:658)
	at org.apache.tomcat.util.threads.TaskThread$WrappingRunnable.run(TaskThread.java:63)
	at java.base/java.lang.Thread.run(Thread.java:1447)
2026-06-30 16:46:52 [http-nio-8080-exec-2] WARN  o.s.w.s.m.m.a.ExceptionHandlerExceptionResolver - Resolved [org.springframework.web.servlet.resource.NoResourceFoundException: No static resource styleClaroMenu.css.]
2026-06-30 16:46:52 [http-nio-8080-exec-2] TRACE o.s.web.servlet.DispatcherServlet - No view rendering, null ModelAndView returned.
2026-06-30 16:46:52 [http-nio-8080-exec-2] DEBUG o.s.web.servlet.DispatcherServlet - Completed 500 INTERNAL_SERVER_ERROR, headers={masked}
2026-06-30 16:46:53 [http-nio-8080-exec-1] TRACE o.s.web.servlet.DispatcherServlet - GET "/styleOscuroMenu.css", parameters={}, headers={masked} in DispatcherServlet 'dispatcherServlet'
2026-06-30 16:46:53 [http-nio-8080-exec-1] ERROR c.e.tienda_tech.advice.ApiErrors - [GET /styleOscuroMenu.css] Unhandled exception
org.springframework.web.servlet.resource.NoResourceFoundException: No static resource styleOscuroMenu.css.
	at org.springframework.web.servlet.resource.ResourceHttpRequestHandler.handleRequest(ResourceHttpRequestHandler.java:585)
	at org.springframework.web.servlet.mvc.HttpRequestHandlerAdapter.handle(HttpRequestHandlerAdapter.java:52)
	at org.springframework.web.servlet.DispatcherServlet.doDispatch(DispatcherServlet.java:1089)
	at org.springframework.web.servlet.DispatcherServlet.doService(DispatcherServlet.java:979)
	at org.springframework.web.servlet.FrameworkServlet.processRequest(FrameworkServlet.java:1014)
	at org.springframework.web.servlet.FrameworkServlet.doGet(FrameworkServlet.java:903)
	at jakarta.servlet.http.HttpServlet.service(HttpServlet.java:564)
	at org.springframework.web.servlet.FrameworkServlet.service(FrameworkServlet.java:885)
	at jakarta.servlet.http.HttpServlet.service(HttpServlet.java:658)
	at org.apache.catalina.core.ApplicationFilterChain.internalDoFilter(ApplicationFilterChain.java:195)
	at org.apache.catalina.core.ApplicationFilterChain.doFilter(ApplicationFilterChain.java:140)
	at org.apache.tomcat.websocket.server.WsFilter.doFilter(WsFilter.java:51)
	at org.apache.catalina.core.ApplicationFilterChain.internalDoFilter(ApplicationFilterChain.java:164)
	at org.apache.catalina.core.ApplicationFilterChain.doFilter(ApplicationFilterChain.java:140)
	at org.springframework.web.filter.CompositeFilter$VirtualFilterChain.doFilter(CompositeFilter.java:108)
	at org.springframework.web.filter.CompositeFilter$VirtualFilterChain.doFilter(CompositeFilter.java:108)
	at org.springframework.security.web.FilterChainProxy.lambda$doFilterInternal$3(FilterChainProxy.java:231)
	at org.springframework.security.web.FilterChainProxy$VirtualFilterChain.doFilter(FilterChainProxy.java:365)
	at org.springframework.security.web.access.intercept.AuthorizationFilter.doFilter(AuthorizationFilter.java:101)
	at org.springframework.security.web.FilterChainProxy$VirtualFilterChain.doFilter(FilterChainProxy.java:374)
	at org.springframework.security.web.access.ExceptionTranslationFilter.doFilter(ExceptionTranslationFilter.java:125)
	at org.springframework.security.web.access.ExceptionTranslationFilter.doFilter(ExceptionTranslationFilter.java:119)
	at org.springframework.security.web.FilterChainProxy$VirtualFilterChain.doFilter(FilterChainProxy.java:374)
	at org.springframework.security.web.authentication.AnonymousAuthenticationFilter.doFilter(AnonymousAuthenticationFilter.java:100)
	at org.springframework.security.web.FilterChainProxy$VirtualFilterChain.doFilter(FilterChainProxy.java:374)
	at org.springframework.security.web.servletapi.SecurityContextHolderAwareRequestFilter.doFilter(SecurityContextHolderAwareRequestFilter.java:179)
	at org.springframework.security.web.FilterChainProxy$VirtualFilterChain.doFilter(FilterChainProxy.java:374)
	at org.springframework.security.web.savedrequest.RequestCacheAwareFilter.doFilter(RequestCacheAwareFilter.java:63)
	at org.springframework.security.web.FilterChainProxy$VirtualFilterChain.doFilter(FilterChainProxy.java:374)
	at org.springframework.security.web.authentication.logout.LogoutFilter.doFilter(LogoutFilter.java:107)
	at org.springframework.security.web.authentication.logout.LogoutFilter.doFilter(LogoutFilter.java:93)
	at org.springframework.security.web.FilterChainProxy$VirtualFilterChain.doFilter(FilterChainProxy.java:374)
	at org.springframework.web.filter.CorsFilter.doFilterInternal(CorsFilter.java:91)
	at org.springframework.web.filter.OncePerRequestFilter.doFilter(OncePerRequestFilter.java:116)
	at org.springframework.security.web.FilterChainProxy$VirtualFilterChain.doFilter(FilterChainProxy.java:374)
	at org.springframework.security.web.header.HeaderWriterFilter.doHeadersAfter(HeaderWriterFilter.java:90)
	at org.springframework.security.web.header.HeaderWriterFilter.doFilterInternal(HeaderWriterFilter.java:75)
	at org.springframework.web.filter.OncePerRequestFilter.doFilter(OncePerRequestFilter.java:116)
	at org.springframework.security.web.FilterChainProxy$VirtualFilterChain.doFilter(FilterChainProxy.java:374)
	at org.springframework.security.web.context.SecurityContextHolderFilter.doFilter(SecurityContextHolderFilter.java:82)
	at org.springframework.security.web.context.SecurityContextHolderFilter.doFilter(SecurityContextHolderFilter.java:69)
	at org.springframework.security.web.FilterChainProxy$VirtualFilterChain.doFilter(FilterChainProxy.java:374)
	at org.springframework.security.web.context.request.async.WebAsyncManagerIntegrationFilter.doFilterInternal(WebAsyncManagerIntegrationFilter.java:62)
	at org.springframework.web.filter.OncePerRequestFilter.doFilter(OncePerRequestFilter.java:116)
	at org.springframework.security.web.FilterChainProxy$VirtualFilterChain.doFilter(FilterChainProxy.java:374)
	at org.springframework.security.web.session.DisableEncodeUrlFilter.doFilterInternal(DisableEncodeUrlFilter.java:42)
	at org.springframework.web.filter.OncePerRequestFilter.doFilter(OncePerRequestFilter.java:116)
	at org.springframework.security.web.FilterChainProxy$VirtualFilterChain.doFilter(FilterChainProxy.java:374)
	at org.springframework.security.web.FilterChainProxy.doFilterInternal(FilterChainProxy.java:233)
	at org.springframework.security.web.FilterChainProxy.doFilter(FilterChainProxy.java:191)
	at org.springframework.web.filter.CompositeFilter$VirtualFilterChain.doFilter(CompositeFilter.java:113)
	at org.springframework.web.filter.ServletRequestPathFilter.doFilter(ServletRequestPathFilter.java:52)
	at org.springframework.web.filter.CompositeFilter$VirtualFilterChain.doFilter(CompositeFilter.java:113)
	at org.springframework.web.filter.CompositeFilter.doFilter(CompositeFilter.java:74)
	at org.springframework.security.config.annotation.web.configuration.WebSecurityConfiguration$CompositeFilterChainProxy.doFilter(WebSecurityConfiguration.java:319)
	at org.springframework.web.filter.CompositeFilter$VirtualFilterChain.doFilter(CompositeFilter.java:113)
	at org.springframework.web.servlet.handler.HandlerMappingIntrospector.lambda$createCacheFilter$4(HandlerMappingIntrospector.java:267)
	at org.springframework.web.filter.CompositeFilter$VirtualFilterChain.doFilter(CompositeFilter.java:113)
	at org.springframework.web.filter.CompositeFilter.doFilter(CompositeFilter.java:74)
	at org.springframework.security.config.annotation.web.configuration.WebMvcSecurityConfiguration$CompositeFilterChainProxy.doFilter(WebMvcSecurityConfiguration.java:240)
	at org.springframework.web.filter.DelegatingFilterProxy.invokeDelegate(DelegatingFilterProxy.java:362)
	at org.springframework.web.filter.DelegatingFilterProxy.doFilter(DelegatingFilterProxy.java:278)
	at org.apache.catalina.core.ApplicationFilterChain.internalDoFilter(ApplicationFilterChain.java:164)
	at org.apache.catalina.core.ApplicationFilterChain.doFilter(ApplicationFilterChain.java:140)
	at org.springframework.web.filter.RequestContextFilter.doFilterInternal(RequestContextFilter.java:100)
	at org.springframework.web.filter.OncePerRequestFilter.doFilter(OncePerRequestFilter.java:116)
	at org.apache.catalina.core.ApplicationFilterChain.internalDoFilter(ApplicationFilterChain.java:164)
	at org.apache.catalina.core.ApplicationFilterChain.doFilter(ApplicationFilterChain.java:140)
	at org.springframework.web.filter.FormContentFilter.doFilterInternal(FormContentFilter.java:93)
	at org.springframework.web.filter.OncePerRequestFilter.doFilter(OncePerRequestFilter.java:116)
	at org.apache.catalina.core.ApplicationFilterChain.internalDoFilter(ApplicationFilterChain.java:164)
	at org.apache.catalina.core.ApplicationFilterChain.doFilter(ApplicationFilterChain.java:140)
	at org.springframework.web.filter.CharacterEncodingFilter.doFilterInternal(CharacterEncodingFilter.java:201)
	at org.springframework.web.filter.OncePerRequestFilter.doFilter(OncePerRequestFilter.java:116)
	at org.apache.catalina.core.ApplicationFilterChain.internalDoFilter(ApplicationFilterChain.java:164)
	at org.apache.catalina.core.ApplicationFilterChain.doFilter(ApplicationFilterChain.java:140)
	at org.apache.catalina.core.StandardWrapperValve.invoke(StandardWrapperValve.java:167)
	at org.apache.catalina.core.StandardContextValve.invoke(StandardContextValve.java:90)
	at org.apache.catalina.authenticator.AuthenticatorBase.invoke(AuthenticatorBase.java:483)
	at org.apache.catalina.core.StandardHostValve.invoke(StandardHostValve.java:116)
	at org.apache.catalina.valves.ErrorReportValve.invoke(ErrorReportValve.java:93)
	at org.apache.catalina.core.StandardEngineValve.invoke(StandardEngineValve.java:74)
	at org.apache.catalina.connector.CoyoteAdapter.service(CoyoteAdapter.java:344)
	at org.apache.coyote.http11.Http11Processor.service(Http11Processor.java:398)
	at org.apache.coyote.AbstractProcessorLight.process(AbstractProcessorLight.java:63)
	at org.apache.coyote.AbstractProtocol$ConnectionHandler.process(AbstractProtocol.java:903)
	at org.apache.tomcat.util.net.NioEndpoint$SocketProcessor.doRun(NioEndpoint.java:1769)
	at org.apache.tomcat.util.net.SocketProcessorBase.run(SocketProcessorBase.java:52)
	at org.apache.tomcat.util.threads.ThreadPoolExecutor.runWorker(ThreadPoolExecutor.java:1189)
	at org.apache.tomcat.util.threads.ThreadPoolExecutor$Worker.run(ThreadPoolExecutor.java:658)
	at org.apache.tomcat.util.threads.TaskThread$WrappingRunnable.run(TaskThread.java:63)
	at java.base/java.lang.Thread.run(Thread.java:1447)
2026-06-30 16:46:53 [http-nio-8080-exec-1] WARN  o.s.w.s.m.m.a.ExceptionHandlerExceptionResolver - Resolved [org.springframework.web.servlet.resource.NoResourceFoundException: No static resource styleOscuroMenu.css.]
2026-06-30 16:46:53 [http-nio-8080-exec-1] TRACE o.s.web.servlet.DispatcherServlet - No view rendering, null ModelAndView returned.
2026-06-30 16:46:53 [http-nio-8080-exec-1] DEBUG o.s.web.servlet.DispatcherServlet - Completed 500 INTERNAL_SERVER_ERROR, headers={masked}
2026-06-30 16:47:02 [http-nio-8080-exec-3] TRACE o.s.web.servlet.DispatcherServlet - GET "/informacion_producto.html?id=34", parameters={masked}, headers={masked} in DispatcherServlet 'dispatcherServlet'
2026-06-30 16:47:02 [http-nio-8080-exec-3] TRACE o.s.web.servlet.DispatcherServlet - No view rendering, null ModelAndView returned.
2026-06-30 16:47:02 [http-nio-8080-exec-3] DEBUG o.s.web.servlet.DispatcherServlet - Completed 200 OK, headers={masked}
2026-06-30 16:47:02 [http-nio-8080-exec-10] TRACE o.s.web.servlet.DispatcherServlet - GET "/style2.css", parameters={}, headers={masked} in DispatcherServlet 'dispatcherServlet'
2026-06-30 16:47:02 [http-nio-8080-exec-6] TRACE o.s.web.servlet.DispatcherServlet - GET "/js/auth-menu.js?v=4", parameters={masked}, headers={masked} in DispatcherServlet 'dispatcherServlet'
2026-06-30 16:47:02 [http-nio-8080-exec-6] TRACE o.s.web.servlet.DispatcherServlet - No view rendering, null ModelAndView returned.
2026-06-30 16:47:02 [http-nio-8080-exec-6] DEBUG o.s.web.servlet.DispatcherServlet - Completed 200 OK, headers={masked}
2026-06-30 16:47:02 [http-nio-8080-exec-10] ERROR c.e.tienda_tech.advice.ApiErrors - [GET /style2.css] Unhandled exception
org.springframework.web.servlet.resource.NoResourceFoundException: No static resource style2.css.
	at org.springframework.web.servlet.resource.ResourceHttpRequestHandler.handleRequest(ResourceHttpRequestHandler.java:585)
	at org.springframework.web.servlet.mvc.HttpRequestHandlerAdapter.handle(HttpRequestHandlerAdapter.java:52)
	at org.springframework.web.servlet.DispatcherServlet.doDispatch(DispatcherServlet.java:1089)
	at org.springframework.web.servlet.DispatcherServlet.doService(DispatcherServlet.java:979)
	at org.springframework.web.servlet.FrameworkServlet.processRequest(FrameworkServlet.java:1014)
	at org.springframework.web.servlet.FrameworkServlet.doGet(FrameworkServlet.java:903)
	at jakarta.servlet.http.HttpServlet.service(HttpServlet.java:564)
	at org.springframework.web.servlet.FrameworkServlet.service(FrameworkServlet.java:885)
	at jakarta.servlet.http.HttpServlet.service(HttpServlet.java:658)
	at org.apache.catalina.core.ApplicationFilterChain.internalDoFilter(ApplicationFilterChain.java:195)
	at org.apache.catalina.core.ApplicationFilterChain.doFilter(ApplicationFilterChain.java:140)
	at org.apache.tomcat.websocket.server.WsFilter.doFilter(WsFilter.java:51)
	at org.apache.catalina.core.ApplicationFilterChain.internalDoFilter(ApplicationFilterChain.java:164)
	at org.apache.catalina.core.ApplicationFilterChain.doFilter(ApplicationFilterChain.java:140)
	at org.springframework.web.filter.CompositeFilter$VirtualFilterChain.doFilter(CompositeFilter.java:108)
	at org.springframework.web.filter.CompositeFilter$VirtualFilterChain.doFilter(CompositeFilter.java:108)
	at org.springframework.security.web.FilterChainProxy.lambda$doFilterInternal$3(FilterChainProxy.java:231)
	at org.springframework.security.web.FilterChainProxy$VirtualFilterChain.doFilter(FilterChainProxy.java:365)
	at org.springframework.security.web.access.intercept.AuthorizationFilter.doFilter(AuthorizationFilter.java:101)
	at org.springframework.security.web.FilterChainProxy$VirtualFilterChain.doFilter(FilterChainProxy.java:374)
	at org.springframework.security.web.access.ExceptionTranslationFilter.doFilter(ExceptionTranslationFilter.java:125)
	at org.springframework.security.web.access.ExceptionTranslationFilter.doFilter(ExceptionTranslationFilter.java:119)
	at org.springframework.security.web.FilterChainProxy$VirtualFilterChain.doFilter(FilterChainProxy.java:374)
	at org.springframework.security.web.authentication.AnonymousAuthenticationFilter.doFilter(AnonymousAuthenticationFilter.java:100)
	at org.springframework.security.web.FilterChainProxy$VirtualFilterChain.doFilter(FilterChainProxy.java:374)
	at org.springframework.security.web.servletapi.SecurityContextHolderAwareRequestFilter.doFilter(SecurityContextHolderAwareRequestFilter.java:179)
	at org.springframework.security.web.FilterChainProxy$VirtualFilterChain.doFilter(FilterChainProxy.java:374)
	at org.springframework.security.web.savedrequest.RequestCacheAwareFilter.doFilter(RequestCacheAwareFilter.java:63)
	at org.springframework.security.web.FilterChainProxy$VirtualFilterChain.doFilter(FilterChainProxy.java:374)
	at org.springframework.security.web.authentication.logout.LogoutFilter.doFilter(LogoutFilter.java:107)
	at org.springframework.security.web.authentication.logout.LogoutFilter.doFilter(LogoutFilter.java:93)
	at org.springframework.security.web.FilterChainProxy$VirtualFilterChain.doFilter(FilterChainProxy.java:374)
	at org.springframework.web.filter.CorsFilter.doFilterInternal(CorsFilter.java:91)
	at org.springframework.web.filter.OncePerRequestFilter.doFilter(OncePerRequestFilter.java:116)
	at org.springframework.security.web.FilterChainProxy$VirtualFilterChain.doFilter(FilterChainProxy.java:374)
	at org.springframework.security.web.header.HeaderWriterFilter.doHeadersAfter(HeaderWriterFilter.java:90)
	at org.springframework.security.web.header.HeaderWriterFilter.doFilterInternal(HeaderWriterFilter.java:75)
	at org.springframework.web.filter.OncePerRequestFilter.doFilter(OncePerRequestFilter.java:116)
	at org.springframework.security.web.FilterChainProxy$VirtualFilterChain.doFilter(FilterChainProxy.java:374)
	at org.springframework.security.web.context.SecurityContextHolderFilter.doFilter(SecurityContextHolderFilter.java:82)
	at org.springframework.security.web.context.SecurityContextHolderFilter.doFilter(SecurityContextHolderFilter.java:69)
	at org.springframework.security.web.FilterChainProxy$VirtualFilterChain.doFilter(FilterChainProxy.java:374)
	at org.springframework.security.web.context.request.async.WebAsyncManagerIntegrationFilter.doFilterInternal(WebAsyncManagerIntegrationFilter.java:62)
	at org.springframework.web.filter.OncePerRequestFilter.doFilter(OncePerRequestFilter.java:116)
	at org.springframework.security.web.FilterChainProxy$VirtualFilterChain.doFilter(FilterChainProxy.java:374)
	at org.springframework.security.web.session.DisableEncodeUrlFilter.doFilterInternal(DisableEncodeUrlFilter.java:42)
	at org.springframework.web.filter.OncePerRequestFilter.doFilter(OncePerRequestFilter.java:116)
	at org.springframework.security.web.FilterChainProxy$VirtualFilterChain.doFilter(FilterChainProxy.java:374)
	at org.springframework.security.web.FilterChainProxy.doFilterInternal(FilterChainProxy.java:233)
	at org.springframework.security.web.FilterChainProxy.doFilter(FilterChainProxy.java:191)
	at org.springframework.web.filter.CompositeFilter$VirtualFilterChain.doFilter(CompositeFilter.java:113)
	at org.springframework.web.filter.ServletRequestPathFilter.doFilter(ServletRequestPathFilter.java:52)
	at org.springframework.web.filter.CompositeFilter$VirtualFilterChain.doFilter(CompositeFilter.java:113)
	at org.springframework.web.filter.CompositeFilter.doFilter(CompositeFilter.java:74)
	at org.springframework.security.config.annotation.web.configuration.WebSecurityConfiguration$CompositeFilterChainProxy.doFilter(WebSecurityConfiguration.java:319)
	at org.springframework.web.filter.CompositeFilter$VirtualFilterChain.doFilter(CompositeFilter.java:113)
	at org.springframework.web.servlet.handler.HandlerMappingIntrospector.lambda$createCacheFilter$4(HandlerMappingIntrospector.java:267)
	at org.springframework.web.filter.CompositeFilter$VirtualFilterChain.doFilter(CompositeFilter.java:113)
	at org.springframework.web.filter.CompositeFilter.doFilter(CompositeFilter.java:74)
	at org.springframework.security.config.annotation.web.configuration.WebMvcSecurityConfiguration$CompositeFilterChainProxy.doFilter(WebMvcSecurityConfiguration.java:240)
	at org.springframework.web.filter.DelegatingFilterProxy.invokeDelegate(DelegatingFilterProxy.java:362)
	at org.springframework.web.filter.DelegatingFilterProxy.doFilter(DelegatingFilterProxy.java:278)
	at org.apache.catalina.core.ApplicationFilterChain.internalDoFilter(ApplicationFilterChain.java:164)
	at org.apache.catalina.core.ApplicationFilterChain.doFilter(ApplicationFilterChain.java:140)
	at org.springframework.web.filter.RequestContextFilter.doFilterInternal(RequestContextFilter.java:100)
	at org.springframework.web.filter.OncePerRequestFilter.doFilter(OncePerRequestFilter.java:116)
	at org.apache.catalina.core.ApplicationFilterChain.internalDoFilter(ApplicationFilterChain.java:164)
	at org.apache.catalina.core.ApplicationFilterChain.doFilter(ApplicationFilterChain.java:140)
	at org.springframework.web.filter.FormContentFilter.doFilterInternal(FormContentFilter.java:93)
	at org.springframework.web.filter.OncePerRequestFilter.doFilter(OncePerRequestFilter.java:116)
	at org.apache.catalina.core.ApplicationFilterChain.internalDoFilter(ApplicationFilterChain.java:164)
	at org.apache.catalina.core.ApplicationFilterChain.doFilter(ApplicationFilterChain.java:140)
	at org.springframework.web.filter.CharacterEncodingFilter.doFilterInternal(CharacterEncodingFilter.java:201)
	at org.springframework.web.filter.OncePerRequestFilter.doFilter(OncePerRequestFilter.java:116)
	at org.apache.catalina.core.ApplicationFilterChain.internalDoFilter(ApplicationFilterChain.java:164)
	at org.apache.catalina.core.ApplicationFilterChain.doFilter(ApplicationFilterChain.java:140)
	at org.apache.catalina.core.StandardWrapperValve.invoke(StandardWrapperValve.java:167)
	at org.apache.catalina.core.StandardContextValve.invoke(StandardContextValve.java:90)
	at org.apache.catalina.authenticator.AuthenticatorBase.invoke(AuthenticatorBase.java:483)
	at org.apache.catalina.core.StandardHostValve.invoke(StandardHostValve.java:116)
	at org.apache.catalina.valves.ErrorReportValve.invoke(ErrorReportValve.java:93)
	at org.apache.catalina.core.StandardEngineValve.invoke(StandardEngineValve.java:74)
	at org.apache.catalina.connector.CoyoteAdapter.service(CoyoteAdapter.java:344)
	at org.apache.coyote.http11.Http11Processor.service(Http11Processor.java:398)
	at org.apache.coyote.AbstractProcessorLight.process(AbstractProcessorLight.java:63)
	at org.apache.coyote.AbstractProtocol$ConnectionHandler.process(AbstractProtocol.java:903)
	at org.apache.tomcat.util.net.NioEndpoint$SocketProcessor.doRun(NioEndpoint.java:1769)
	at org.apache.tomcat.util.net.SocketProcessorBase.run(SocketProcessorBase.java:52)
	at org.apache.tomcat.util.threads.ThreadPoolExecutor.runWorker(ThreadPoolExecutor.java:1189)
	at org.apache.tomcat.util.threads.ThreadPoolExecutor$Worker.run(ThreadPoolExecutor.java:658)
	at org.apache.tomcat.util.threads.TaskThread$WrappingRunnable.run(TaskThread.java:63)
	at java.base/java.lang.Thread.run(Thread.java:1447)
2026-06-30 16:47:02 [http-nio-8080-exec-10] WARN  o.s.w.s.m.m.a.ExceptionHandlerExceptionResolver - Resolved [org.springframework.web.servlet.resource.NoResourceFoundException: No static resource style2.css.]
2026-06-30 16:47:02 [http-nio-8080-exec-10] TRACE o.s.web.servlet.DispatcherServlet - No view rendering, null ModelAndView returned.
2026-06-30 16:47:02 [http-nio-8080-exec-10] DEBUG o.s.web.servlet.DispatcherServlet - Completed 500 INTERNAL_SERVER_ERROR, headers={masked}
2026-06-30 16:47:02 [http-nio-8080-exec-7] TRACE o.s.web.servlet.DispatcherServlet - GET "/api/productos/34", parameters={}, headers={masked} in DispatcherServlet 'dispatcherServlet'
2026-06-30 16:47:02 [http-nio-8080-exec-7] TRACE o.s.w.s.m.m.a.RequestMappingHandlerMapping - Mapped to com.example.tienda_tech.controller.ProductoQueryController#detalle(Integer, Integer)
2026-06-30 16:47:02 [http-nio-8080-exec-7] TRACE o.s.web.servlet.DispatcherServlet - No view rendering, null ModelAndView returned.
2026-06-30 16:47:02 [http-nio-8080-exec-7] DEBUG o.s.web.servlet.DispatcherServlet - Completed 200 OK, headers={masked}
2026-06-30 16:47:02 [http-nio-8080-exec-9] TRACE o.s.web.servlet.DispatcherServlet - GET "/api/sp/productos/34/editar", parameters={}, headers={masked} in DispatcherServlet 'dispatcherServlet'
2026-06-30 16:47:02 [http-nio-8080-exec-9] TRACE o.s.w.s.m.m.a.RequestMappingHandlerMapping - Mapped to com.example.tienda_tech.controller.ProductoSpController#getDetalleEditar(Integer)
2026-06-30 16:47:02 [http-nio-8080-exec-9] TRACE o.s.web.servlet.DispatcherServlet - No view rendering, null ModelAndView returned.
2026-06-30 16:47:02 [http-nio-8080-exec-9] DEBUG o.s.web.servlet.DispatcherServlet - Completed 200 OK, headers={masked}
2026-06-30 16:47:02 [http-nio-8080-exec-5] TRACE o.s.web.servlet.DispatcherServlet - GET "/api/galeria_v2/img/285", parameters={}, headers={masked} in DispatcherServlet 'dispatcherServlet'
2026-06-30 16:47:02 [http-nio-8080-exec-8] TRACE o.s.web.servlet.DispatcherServlet - GET "/api/galeria_v2/img/287", parameters={}, headers={masked} in DispatcherServlet 'dispatcherServlet'
2026-06-30 16:47:02 [http-nio-8080-exec-4] TRACE o.s.web.servlet.DispatcherServlet - GET "/api/galeria_v2/img/286", parameters={}, headers={masked} in DispatcherServlet 'dispatcherServlet'
2026-06-30 16:47:02 [http-nio-8080-exec-5] TRACE o.s.w.s.m.m.a.RequestMappingHandlerMapping - Mapped to com.example.tienda_tech.controller.GaleriaV2Controller#obtenerImagen(Integer)
2026-06-30 16:47:02 [http-nio-8080-exec-8] TRACE o.s.w.s.m.m.a.RequestMappingHandlerMapping - Mapped to com.example.tienda_tech.controller.GaleriaV2Controller#obtenerImagen(Integer)
2026-06-30 16:47:02 [http-nio-8080-exec-4] TRACE o.s.w.s.m.m.a.RequestMappingHandlerMapping - Mapped to com.example.tienda_tech.controller.GaleriaV2Controller#obtenerImagen(Integer)
2026-06-30 16:47:02 [http-nio-8080-exec-1] TRACE o.s.web.servlet.DispatcherServlet - GET "/api/galeria_v2/img/282", parameters={}, headers={masked} in DispatcherServlet 'dispatcherServlet'
2026-06-30 16:47:02 [http-nio-8080-exec-3] TRACE o.s.web.servlet.DispatcherServlet - GET "/api/galeria_v2/img/283", parameters={}, headers={masked} in DispatcherServlet 'dispatcherServlet'
2026-06-30 16:47:02 [http-nio-8080-exec-2] TRACE o.s.web.servlet.DispatcherServlet - GET "/api/galeria_v2/img/284", parameters={}, headers={masked} in DispatcherServlet 'dispatcherServlet'
2026-06-30 16:47:02 [http-nio-8080-exec-2] TRACE o.s.w.s.m.m.a.RequestMappingHandlerMapping - Mapped to com.example.tienda_tech.controller.GaleriaV2Controller#obtenerImagen(Integer)
2026-06-30 16:47:02 [http-nio-8080-exec-3] TRACE o.s.w.s.m.m.a.RequestMappingHandlerMapping - Mapped to com.example.tienda_tech.controller.GaleriaV2Controller#obtenerImagen(Integer)
2026-06-30 16:47:02 [http-nio-8080-exec-1] TRACE o.s.w.s.m.m.a.RequestMappingHandlerMapping - Mapped to com.example.tienda_tech.controller.GaleriaV2Controller#obtenerImagen(Integer)
2026-06-30 16:47:02 [http-nio-8080-exec-5] TRACE o.s.web.servlet.DispatcherServlet - No view rendering, null ModelAndView returned.
2026-06-30 16:47:02 [http-nio-8080-exec-4] TRACE o.s.web.servlet.DispatcherServlet - No view rendering, null ModelAndView returned.
2026-06-30 16:47:02 [http-nio-8080-exec-5] DEBUG o.s.web.servlet.DispatcherServlet - Completed 200 OK, headers={masked}
2026-06-30 16:47:02 [http-nio-8080-exec-4] DEBUG o.s.web.servlet.DispatcherServlet - Completed 200 OK, headers={masked}
2026-06-30 16:47:02 [http-nio-8080-exec-8] TRACE o.s.web.servlet.DispatcherServlet - No view rendering, null ModelAndView returned.
2026-06-30 16:47:02 [http-nio-8080-exec-8] DEBUG o.s.web.servlet.DispatcherServlet - Completed 200 OK, headers={masked}
2026-06-30 16:47:02 [http-nio-8080-exec-6] TRACE o.s.web.servlet.DispatcherServlet - GET "/api/galeria_v2/img/281", parameters={}, headers={masked} in DispatcherServlet 'dispatcherServlet'
2026-06-30 16:47:02 [http-nio-8080-exec-10] TRACE o.s.web.servlet.DispatcherServlet - GET "/api/galeria_v2/img/280", parameters={}, headers={masked} in DispatcherServlet 'dispatcherServlet'
2026-06-30 16:47:02 [http-nio-8080-exec-3] TRACE o.s.web.servlet.DispatcherServlet - No view rendering, null ModelAndView returned.
2026-06-30 16:47:02 [http-nio-8080-exec-1] TRACE o.s.web.servlet.DispatcherServlet - No view rendering, null ModelAndView returned.
2026-06-30 16:47:02 [http-nio-8080-exec-10] TRACE o.s.w.s.m.m.a.RequestMappingHandlerMapping - Mapped to com.example.tienda_tech.controller.GaleriaV2Controller#obtenerImagen(Integer)
2026-06-30 16:47:02 [http-nio-8080-exec-3] DEBUG o.s.web.servlet.DispatcherServlet - Completed 200 OK, headers={masked}
2026-06-30 16:47:02 [http-nio-8080-exec-1] DEBUG o.s.web.servlet.DispatcherServlet - Completed 200 OK, headers={masked}
2026-06-30 16:47:02 [http-nio-8080-exec-6] TRACE o.s.w.s.m.m.a.RequestMappingHandlerMapping - Mapped to com.example.tienda_tech.controller.GaleriaV2Controller#obtenerImagen(Integer)
2026-06-30 16:47:02 [http-nio-8080-exec-2] TRACE o.s.web.servlet.DispatcherServlet - No view rendering, null ModelAndView returned.
2026-06-30 16:47:02 [http-nio-8080-exec-2] DEBUG o.s.web.servlet.DispatcherServlet - Completed 200 OK, headers={masked}
2026-06-30 16:47:02 [http-nio-8080-exec-10] TRACE o.s.web.servlet.DispatcherServlet - No view rendering, null ModelAndView returned.
2026-06-30 16:47:02 [http-nio-8080-exec-6] TRACE o.s.web.servlet.DispatcherServlet - No view rendering, null ModelAndView returned.
2026-06-30 16:47:02 [http-nio-8080-exec-10] DEBUG o.s.web.servlet.DispatcherServlet - Completed 200 OK, headers={masked}
2026-06-30 16:47:02 [http-nio-8080-exec-6] DEBUG o.s.web.servlet.DispatcherServlet - Completed 200 OK, headers={masked}
2026-06-30 16:47:24 [http-nio-8080-exec-7] TRACE o.s.web.servlet.DispatcherServlet - GET "/Busqueda.html?cat=2&nombre=CPU", parameters={masked}, headers={masked} in DispatcherServlet 'dispatcherServlet'
2026-06-30 16:47:24 [http-nio-8080-exec-7] TRACE o.s.web.servlet.DispatcherServlet - No view rendering, null ModelAndView returned.
2026-06-30 16:47:24 [http-nio-8080-exec-7] DEBUG o.s.web.servlet.DispatcherServlet - Completed 200 OK, headers={masked}
2026-06-30 16:47:24 [http-nio-8080-exec-4] TRACE o.s.web.servlet.DispatcherServlet - GET "/styleClaroMenu.css", parameters={}, headers={masked} in DispatcherServlet 'dispatcherServlet'
2026-06-30 16:47:24 [http-nio-8080-exec-9] TRACE o.s.web.servlet.DispatcherServlet - GET "/js/auth-menu.js?v=4", parameters={masked}, headers={masked} in DispatcherServlet 'dispatcherServlet'
2026-06-30 16:47:24 [http-nio-8080-exec-9] TRACE o.s.web.servlet.DispatcherServlet - No view rendering, null ModelAndView returned.
2026-06-30 16:47:24 [http-nio-8080-exec-9] DEBUG o.s.web.servlet.DispatcherServlet - Completed 200 OK, headers={masked}
2026-06-30 16:47:24 [http-nio-8080-exec-4] ERROR c.e.tienda_tech.advice.ApiErrors - [GET /styleClaroMenu.css] Unhandled exception
org.springframework.web.servlet.resource.NoResourceFoundException: No static resource styleClaroMenu.css.
	at org.springframework.web.servlet.resource.ResourceHttpRequestHandler.handleRequest(ResourceHttpRequestHandler.java:585)
	at org.springframework.web.servlet.mvc.HttpRequestHandlerAdapter.handle(HttpRequestHandlerAdapter.java:52)
	at org.springframework.web.servlet.DispatcherServlet.doDispatch(DispatcherServlet.java:1089)
	at org.springframework.web.servlet.DispatcherServlet.doService(DispatcherServlet.java:979)
	at org.springframework.web.servlet.FrameworkServlet.processRequest(FrameworkServlet.java:1014)
	at org.springframework.web.servlet.FrameworkServlet.doGet(FrameworkServlet.java:903)
	at jakarta.servlet.http.HttpServlet.service(HttpServlet.java:564)
	at org.springframework.web.servlet.FrameworkServlet.service(FrameworkServlet.java:885)
	at jakarta.servlet.http.HttpServlet.service(HttpServlet.java:658)
	at org.apache.catalina.core.ApplicationFilterChain.internalDoFilter(ApplicationFilterChain.java:195)
	at org.apache.catalina.core.ApplicationFilterChain.doFilter(ApplicationFilterChain.java:140)
	at org.apache.tomcat.websocket.server.WsFilter.doFilter(WsFilter.java:51)
	at org.apache.catalina.core.ApplicationFilterChain.internalDoFilter(ApplicationFilterChain.java:164)
	at org.apache.catalina.core.ApplicationFilterChain.doFilter(ApplicationFilterChain.java:140)
	at org.springframework.web.filter.CompositeFilter$VirtualFilterChain.doFilter(CompositeFilter.java:108)
	at org.springframework.web.filter.CompositeFilter$VirtualFilterChain.doFilter(CompositeFilter.java:108)
	at org.springframework.security.web.FilterChainProxy.lambda$doFilterInternal$3(FilterChainProxy.java:231)
	at org.springframework.security.web.FilterChainProxy$VirtualFilterChain.doFilter(FilterChainProxy.java:365)
	at org.springframework.security.web.access.intercept.AuthorizationFilter.doFilter(AuthorizationFilter.java:101)
	at org.springframework.security.web.FilterChainProxy$VirtualFilterChain.doFilter(FilterChainProxy.java:374)
	at org.springframework.security.web.access.ExceptionTranslationFilter.doFilter(ExceptionTranslationFilter.java:125)
	at org.springframework.security.web.access.ExceptionTranslationFilter.doFilter(ExceptionTranslationFilter.java:119)
	at org.springframework.security.web.FilterChainProxy$VirtualFilterChain.doFilter(FilterChainProxy.java:374)
	at org.springframework.security.web.authentication.AnonymousAuthenticationFilter.doFilter(AnonymousAuthenticationFilter.java:100)
	at org.springframework.security.web.FilterChainProxy$VirtualFilterChain.doFilter(FilterChainProxy.java:374)
	at org.springframework.security.web.servletapi.SecurityContextHolderAwareRequestFilter.doFilter(SecurityContextHolderAwareRequestFilter.java:179)
	at org.springframework.security.web.FilterChainProxy$VirtualFilterChain.doFilter(FilterChainProxy.java:374)
	at org.springframework.security.web.savedrequest.RequestCacheAwareFilter.doFilter(RequestCacheAwareFilter.java:63)
	at org.springframework.security.web.FilterChainProxy$VirtualFilterChain.doFilter(FilterChainProxy.java:374)
	at org.springframework.security.web.authentication.logout.LogoutFilter.doFilter(LogoutFilter.java:107)
	at org.springframework.security.web.authentication.logout.LogoutFilter.doFilter(LogoutFilter.java:93)
	at org.springframework.security.web.FilterChainProxy$VirtualFilterChain.doFilter(FilterChainProxy.java:374)
	at org.springframework.web.filter.CorsFilter.doFilterInternal(CorsFilter.java:91)
	at org.springframework.web.filter.OncePerRequestFilter.doFilter(OncePerRequestFilter.java:116)
	at org.springframework.security.web.FilterChainProxy$VirtualFilterChain.doFilter(FilterChainProxy.java:374)
	at org.springframework.security.web.header.HeaderWriterFilter.doHeadersAfter(HeaderWriterFilter.java:90)
	at org.springframework.security.web.header.HeaderWriterFilter.doFilterInternal(HeaderWriterFilter.java:75)
	at org.springframework.web.filter.OncePerRequestFilter.doFilter(OncePerRequestFilter.java:116)
	at org.springframework.security.web.FilterChainProxy$VirtualFilterChain.doFilter(FilterChainProxy.java:374)
	at org.springframework.security.web.context.SecurityContextHolderFilter.doFilter(SecurityContextHolderFilter.java:82)
	at org.springframework.security.web.context.SecurityContextHolderFilter.doFilter(SecurityContextHolderFilter.java:69)
	at org.springframework.security.web.FilterChainProxy$VirtualFilterChain.doFilter(FilterChainProxy.java:374)
	at org.springframework.security.web.context.request.async.WebAsyncManagerIntegrationFilter.doFilterInternal(WebAsyncManagerIntegrationFilter.java:62)
	at org.springframework.web.filter.OncePerRequestFilter.doFilter(OncePerRequestFilter.java:116)
	at org.springframework.security.web.FilterChainProxy$VirtualFilterChain.doFilter(FilterChainProxy.java:374)
	at org.springframework.security.web.session.DisableEncodeUrlFilter.doFilterInternal(DisableEncodeUrlFilter.java:42)
	at org.springframework.web.filter.OncePerRequestFilter.doFilter(OncePerRequestFilter.java:116)
	at org.springframework.security.web.FilterChainProxy$VirtualFilterChain.doFilter(FilterChainProxy.java:374)
	at org.springframework.security.web.FilterChainProxy.doFilterInternal(FilterChainProxy.java:233)
	at org.springframework.security.web.FilterChainProxy.doFilter(FilterChainProxy.java:191)
	at org.springframework.web.filter.CompositeFilter$VirtualFilterChain.doFilter(CompositeFilter.java:113)
	at org.springframework.web.filter.ServletRequestPathFilter.doFilter(ServletRequestPathFilter.java:52)
	at org.springframework.web.filter.CompositeFilter$VirtualFilterChain.doFilter(CompositeFilter.java:113)
	at org.springframework.web.filter.CompositeFilter.doFilter(CompositeFilter.java:74)
	at org.springframework.security.config.annotation.web.configuration.WebSecurityConfiguration$CompositeFilterChainProxy.doFilter(WebSecurityConfiguration.java:319)
	at org.springframework.web.filter.CompositeFilter$VirtualFilterChain.doFilter(CompositeFilter.java:113)
	at org.springframework.web.servlet.handler.HandlerMappingIntrospector.lambda$createCacheFilter$4(HandlerMappingIntrospector.java:267)
	at org.springframework.web.filter.CompositeFilter$VirtualFilterChain.doFilter(CompositeFilter.java:113)
	at org.springframework.web.filter.CompositeFilter.doFilter(CompositeFilter.java:74)
	at org.springframework.security.config.annotation.web.configuration.WebMvcSecurityConfiguration$CompositeFilterChainProxy.doFilter(WebMvcSecurityConfiguration.java:240)
	at org.springframework.web.filter.DelegatingFilterProxy.invokeDelegate(DelegatingFilterProxy.java:362)
	at org.springframework.web.filter.DelegatingFilterProxy.doFilter(DelegatingFilterProxy.java:278)
	at org.apache.catalina.core.ApplicationFilterChain.internalDoFilter(ApplicationFilterChain.java:164)
	at org.apache.catalina.core.ApplicationFilterChain.doFilter(ApplicationFilterChain.java:140)
	at org.springframework.web.filter.RequestContextFilter.doFilterInternal(RequestContextFilter.java:100)
	at org.springframework.web.filter.OncePerRequestFilter.doFilter(OncePerRequestFilter.java:116)
	at org.apache.catalina.core.ApplicationFilterChain.internalDoFilter(ApplicationFilterChain.java:164)
	at org.apache.catalina.core.ApplicationFilterChain.doFilter(ApplicationFilterChain.java:140)
	at org.springframework.web.filter.FormContentFilter.doFilterInternal(FormContentFilter.java:93)
	at org.springframework.web.filter.OncePerRequestFilter.doFilter(OncePerRequestFilter.java:116)
	at org.apache.catalina.core.ApplicationFilterChain.internalDoFilter(ApplicationFilterChain.java:164)
	at org.apache.catalina.core.ApplicationFilterChain.doFilter(ApplicationFilterChain.java:140)
	at org.springframework.web.filter.CharacterEncodingFilter.doFilterInternal(CharacterEncodingFilter.java:201)
	at org.springframework.web.filter.OncePerRequestFilter.doFilter(OncePerRequestFilter.java:116)
	at org.apache.catalina.core.ApplicationFilterChain.internalDoFilter(ApplicationFilterChain.java:164)
	at org.apache.catalina.core.ApplicationFilterChain.doFilter(ApplicationFilterChain.java:140)
	at org.apache.catalina.core.StandardWrapperValve.invoke(StandardWrapperValve.java:167)
	at org.apache.catalina.core.StandardContextValve.invoke(StandardContextValve.java:90)
	at org.apache.catalina.authenticator.AuthenticatorBase.invoke(AuthenticatorBase.java:483)
	at org.apache.catalina.core.StandardHostValve.invoke(StandardHostValve.java:116)
	at org.apache.catalina.valves.ErrorReportValve.invoke(ErrorReportValve.java:93)
	at org.apache.catalina.core.StandardEngineValve.invoke(StandardEngineValve.java:74)
	at org.apache.catalina.connector.CoyoteAdapter.service(CoyoteAdapter.java:344)
	at org.apache.coyote.http11.Http11Processor.service(Http11Processor.java:398)
	at org.apache.coyote.AbstractProcessorLight.process(AbstractProcessorLight.java:63)
	at org.apache.coyote.AbstractProtocol$ConnectionHandler.process(AbstractProtocol.java:903)
	at org.apache.tomcat.util.net.NioEndpoint$SocketProcessor.doRun(NioEndpoint.java:1769)
	at org.apache.tomcat.util.net.SocketProcessorBase.run(SocketProcessorBase.java:52)
	at org.apache.tomcat.util.threads.ThreadPoolExecutor.runWorker(ThreadPoolExecutor.java:1189)
	at org.apache.tomcat.util.threads.ThreadPoolExecutor$Worker.run(ThreadPoolExecutor.java:658)
	at org.apache.tomcat.util.threads.TaskThread$WrappingRunnable.run(TaskThread.java:63)
	at java.base/java.lang.Thread.run(Thread.java:1447)
2026-06-30 16:47:24 [http-nio-8080-exec-4] WARN  o.s.w.s.m.m.a.ExceptionHandlerExceptionResolver - Resolved [org.springframework.web.servlet.resource.NoResourceFoundException: No static resource styleClaroMenu.css.]
2026-06-30 16:47:24 [http-nio-8080-exec-4] TRACE o.s.web.servlet.DispatcherServlet - No view rendering, null ModelAndView returned.
2026-06-30 16:47:24 [http-nio-8080-exec-4] DEBUG o.s.web.servlet.DispatcherServlet - Completed 500 INTERNAL_SERVER_ERROR, headers={masked}
2026-06-30 16:47:24 [http-nio-8080-exec-5] TRACE o.s.web.servlet.DispatcherServlet - GET "/styleOscuroMenu.css", parameters={}, headers={masked} in DispatcherServlet 'dispatcherServlet'
2026-06-30 16:47:24 [http-nio-8080-exec-5] ERROR c.e.tienda_tech.advice.ApiErrors - [GET /styleOscuroMenu.css] Unhandled exception
org.springframework.web.servlet.resource.NoResourceFoundException: No static resource styleOscuroMenu.css.
	at org.springframework.web.servlet.resource.ResourceHttpRequestHandler.handleRequest(ResourceHttpRequestHandler.java:585)
	at org.springframework.web.servlet.mvc.HttpRequestHandlerAdapter.handle(HttpRequestHandlerAdapter.java:52)
	at org.springframework.web.servlet.DispatcherServlet.doDispatch(DispatcherServlet.java:1089)
	at org.springframework.web.servlet.DispatcherServlet.doService(DispatcherServlet.java:979)
	at org.springframework.web.servlet.FrameworkServlet.processRequest(FrameworkServlet.java:1014)
	at org.springframework.web.servlet.FrameworkServlet.doGet(FrameworkServlet.java:903)
	at jakarta.servlet.http.HttpServlet.service(HttpServlet.java:564)
	at org.springframework.web.servlet.FrameworkServlet.service(FrameworkServlet.java:885)
	at jakarta.servlet.http.HttpServlet.service(HttpServlet.java:658)
	at org.apache.catalina.core.ApplicationFilterChain.internalDoFilter(ApplicationFilterChain.java:195)
	at org.apache.catalina.core.ApplicationFilterChain.doFilter(ApplicationFilterChain.java:140)
	at org.apache.tomcat.websocket.server.WsFilter.doFilter(WsFilter.java:51)
	at org.apache.catalina.core.ApplicationFilterChain.internalDoFilter(ApplicationFilterChain.java:164)
	at org.apache.catalina.core.ApplicationFilterChain.doFilter(ApplicationFilterChain.java:140)
	at org.springframework.web.filter.CompositeFilter$VirtualFilterChain.doFilter(CompositeFilter.java:108)
	at org.springframework.web.filter.CompositeFilter$VirtualFilterChain.doFilter(CompositeFilter.java:108)
	at org.springframework.security.web.FilterChainProxy.lambda$doFilterInternal$3(FilterChainProxy.java:231)
	at org.springframework.security.web.FilterChainProxy$VirtualFilterChain.doFilter(FilterChainProxy.java:365)
	at org.springframework.security.web.access.intercept.AuthorizationFilter.doFilter(AuthorizationFilter.java:101)
	at org.springframework.security.web.FilterChainProxy$VirtualFilterChain.doFilter(FilterChainProxy.java:374)
	at org.springframework.security.web.access.ExceptionTranslationFilter.doFilter(ExceptionTranslationFilter.java:125)
	at org.springframework.security.web.access.ExceptionTranslationFilter.doFilter(ExceptionTranslationFilter.java:119)
	at org.springframework.security.web.FilterChainProxy$VirtualFilterChain.doFilter(FilterChainProxy.java:374)
	at org.springframework.security.web.authentication.AnonymousAuthenticationFilter.doFilter(AnonymousAuthenticationFilter.java:100)
	at org.springframework.security.web.FilterChainProxy$VirtualFilterChain.doFilter(FilterChainProxy.java:374)
	at org.springframework.security.web.servletapi.SecurityContextHolderAwareRequestFilter.doFilter(SecurityContextHolderAwareRequestFilter.java:179)
	at org.springframework.security.web.FilterChainProxy$VirtualFilterChain.doFilter(FilterChainProxy.java:374)
	at org.springframework.security.web.savedrequest.RequestCacheAwareFilter.doFilter(RequestCacheAwareFilter.java:63)
	at org.springframework.security.web.FilterChainProxy$VirtualFilterChain.doFilter(FilterChainProxy.java:374)
	at org.springframework.security.web.authentication.logout.LogoutFilter.doFilter(LogoutFilter.java:107)
	at org.springframework.security.web.authentication.logout.LogoutFilter.doFilter(LogoutFilter.java:93)
	at org.springframework.security.web.FilterChainProxy$VirtualFilterChain.doFilter(FilterChainProxy.java:374)
	at org.springframework.web.filter.CorsFilter.doFilterInternal(CorsFilter.java:91)
	at org.springframework.web.filter.OncePerRequestFilter.doFilter(OncePerRequestFilter.java:116)
	at org.springframework.security.web.FilterChainProxy$VirtualFilterChain.doFilter(FilterChainProxy.java:374)
	at org.springframework.security.web.header.HeaderWriterFilter.doHeadersAfter(HeaderWriterFilter.java:90)
	at org.springframework.security.web.header.HeaderWriterFilter.doFilterInternal(HeaderWriterFilter.java:75)
	at org.springframework.web.filter.OncePerRequestFilter.doFilter(OncePerRequestFilter.java:116)
	at org.springframework.security.web.FilterChainProxy$VirtualFilterChain.doFilter(FilterChainProxy.java:374)
	at org.springframework.security.web.context.SecurityContextHolderFilter.doFilter(SecurityContextHolderFilter.java:82)
	at org.springframework.security.web.context.SecurityContextHolderFilter.doFilter(SecurityContextHolderFilter.java:69)
	at org.springframework.security.web.FilterChainProxy$VirtualFilterChain.doFilter(FilterChainProxy.java:374)
	at org.springframework.security.web.context.request.async.WebAsyncManagerIntegrationFilter.doFilterInternal(WebAsyncManagerIntegrationFilter.java:62)
	at org.springframework.web.filter.OncePerRequestFilter.doFilter(OncePerRequestFilter.java:116)
	at org.springframework.security.web.FilterChainProxy$VirtualFilterChain.doFilter(FilterChainProxy.java:374)
	at org.springframework.security.web.session.DisableEncodeUrlFilter.doFilterInternal(DisableEncodeUrlFilter.java:42)
	at org.springframework.web.filter.OncePerRequestFilter.doFilter(OncePerRequestFilter.java:116)
	at org.springframework.security.web.FilterChainProxy$VirtualFilterChain.doFilter(FilterChainProxy.java:374)
	at org.springframework.security.web.FilterChainProxy.doFilterInternal(FilterChainProxy.java:233)
	at org.springframework.security.web.FilterChainProxy.doFilter(FilterChainProxy.java:191)
	at org.springframework.web.filter.CompositeFilter$VirtualFilterChain.doFilter(CompositeFilter.java:113)
	at org.springframework.web.filter.ServletRequestPathFilter.doFilter(ServletRequestPathFilter.java:52)
	at org.springframework.web.filter.CompositeFilter$VirtualFilterChain.doFilter(CompositeFilter.java:113)
	at org.springframework.web.filter.CompositeFilter.doFilter(CompositeFilter.java:74)
	at org.springframework.security.config.annotation.web.configuration.WebSecurityConfiguration$CompositeFilterChainProxy.doFilter(WebSecurityConfiguration.java:319)
	at org.springframework.web.filter.CompositeFilter$VirtualFilterChain.doFilter(CompositeFilter.java:113)
	at org.springframework.web.servlet.handler.HandlerMappingIntrospector.lambda$createCacheFilter$4(HandlerMappingIntrospector.java:267)
	at org.springframework.web.filter.CompositeFilter$VirtualFilterChain.doFilter(CompositeFilter.java:113)
	at org.springframework.web.filter.CompositeFilter.doFilter(CompositeFilter.java:74)
	at org.springframework.security.config.annotation.web.configuration.WebMvcSecurityConfiguration$CompositeFilterChainProxy.doFilter(WebMvcSecurityConfiguration.java:240)
	at org.springframework.web.filter.DelegatingFilterProxy.invokeDelegate(DelegatingFilterProxy.java:362)
	at org.springframework.web.filter.DelegatingFilterProxy.doFilter(DelegatingFilterProxy.java:278)
	at org.apache.catalina.core.ApplicationFilterChain.internalDoFilter(ApplicationFilterChain.java:164)
	at org.apache.catalina.core.ApplicationFilterChain.doFilter(ApplicationFilterChain.java:140)
	at org.springframework.web.filter.RequestContextFilter.doFilterInternal(RequestContextFilter.java:100)
	at org.springframework.web.filter.OncePerRequestFilter.doFilter(OncePerRequestFilter.java:116)
	at org.apache.catalina.core.ApplicationFilterChain.internalDoFilter(ApplicationFilterChain.java:164)
	at org.apache.catalina.core.ApplicationFilterChain.doFilter(ApplicationFilterChain.java:140)
	at org.springframework.web.filter.FormContentFilter.doFilterInternal(FormContentFilter.java:93)
	at org.springframework.web.filter.OncePerRequestFilter.doFilter(OncePerRequestFilter.java:116)
	at org.apache.catalina.core.ApplicationFilterChain.internalDoFilter(ApplicationFilterChain.java:164)
	at org.apache.catalina.core.ApplicationFilterChain.doFilter(ApplicationFilterChain.java:140)
	at org.springframework.web.filter.CharacterEncodingFilter.doFilterInternal(CharacterEncodingFilter.java:201)
	at org.springframework.web.filter.OncePerRequestFilter.doFilter(OncePerRequestFilter.java:116)
	at org.apache.catalina.core.ApplicationFilterChain.internalDoFilter(ApplicationFilterChain.java:164)
	at org.apache.catalina.core.ApplicationFilterChain.doFilter(ApplicationFilterChain.java:140)
	at org.apache.catalina.core.StandardWrapperValve.invoke(StandardWrapperValve.java:167)
	at org.apache.catalina.core.StandardContextValve.invoke(StandardContextValve.java:90)
	at org.apache.catalina.authenticator.AuthenticatorBase.invoke(AuthenticatorBase.java:483)
	at org.apache.catalina.core.StandardHostValve.invoke(StandardHostValve.java:116)
	at org.apache.catalina.valves.ErrorReportValve.invoke(ErrorReportValve.java:93)
	at org.apache.catalina.core.StandardEngineValve.invoke(StandardEngineValve.java:74)
	at org.apache.catalina.connector.CoyoteAdapter.service(CoyoteAdapter.java:344)
	at org.apache.coyote.http11.Http11Processor.service(Http11Processor.java:398)
	at org.apache.coyote.AbstractProcessorLight.process(AbstractProcessorLight.java:63)
	at org.apache.coyote.AbstractProtocol$ConnectionHandler.process(AbstractProtocol.java:903)
	at org.apache.tomcat.util.net.NioEndpoint$SocketProcessor.doRun(NioEndpoint.java:1769)
	at org.apache.tomcat.util.net.SocketProcessorBase.run(SocketProcessorBase.java:52)
	at org.apache.tomcat.util.threads.ThreadPoolExecutor.runWorker(ThreadPoolExecutor.java:1189)
	at org.apache.tomcat.util.threads.ThreadPoolExecutor$Worker.run(ThreadPoolExecutor.java:658)
	at org.apache.tomcat.util.threads.TaskThread$WrappingRunnable.run(TaskThread.java:63)
	at java.base/java.lang.Thread.run(Thread.java:1447)
2026-06-30 16:47:24 [http-nio-8080-exec-5] WARN  o.s.w.s.m.m.a.ExceptionHandlerExceptionResolver - Resolved [org.springframework.web.servlet.resource.NoResourceFoundException: No static resource styleOscuroMenu.css.]
2026-06-30 16:47:24 [http-nio-8080-exec-5] TRACE o.s.web.servlet.DispatcherServlet - No view rendering, null ModelAndView returned.
2026-06-30 16:47:24 [http-nio-8080-exec-5] DEBUG o.s.web.servlet.DispatcherServlet - Completed 500 INTERNAL_SERVER_ERROR, headers={masked}
2026-06-30 16:47:24 [http-nio-8080-exec-8] TRACE o.s.web.servlet.DispatcherServlet - GET "/api/productos/por-categoria?categoriaId=2", parameters={masked}, headers={masked} in DispatcherServlet 'dispatcherServlet'
2026-06-30 16:47:24 [http-nio-8080-exec-8] TRACE o.s.w.s.m.m.a.RequestMappingHandlerMapping - Mapped to com.example.tienda_tech.controller.ProductoQueryController#porCategoria(Integer, Integer)
2026-06-30 16:47:24 [http-nio-8080-exec-8] TRACE o.s.web.servlet.DispatcherServlet - No view rendering, null ModelAndView returned.
2026-06-30 16:47:24 [http-nio-8080-exec-8] DEBUG o.s.web.servlet.DispatcherServlet - Completed 200 OK, headers={masked}
2026-06-30 16:47:39 [http-nio-8080-exec-3] TRACE o.s.web.servlet.DispatcherServlet - GET "/informacion_producto.html?id=34", parameters={masked}, headers={masked} in DispatcherServlet 'dispatcherServlet'
2026-06-30 16:47:39 [http-nio-8080-exec-3] TRACE o.s.web.servlet.DispatcherServlet - No view rendering, null ModelAndView returned.
2026-06-30 16:47:39 [http-nio-8080-exec-3] DEBUG o.s.web.servlet.DispatcherServlet - Completed 200 OK, headers={masked}
2026-06-30 16:47:39 [http-nio-8080-exec-1] TRACE o.s.web.servlet.DispatcherServlet - GET "/style2.css", parameters={}, headers={masked} in DispatcherServlet 'dispatcherServlet'
2026-06-30 16:47:39 [http-nio-8080-exec-2] TRACE o.s.web.servlet.DispatcherServlet - GET "/js/auth-menu.js?v=4", parameters={masked}, headers={masked} in DispatcherServlet 'dispatcherServlet'
2026-06-30 16:47:39 [http-nio-8080-exec-2] TRACE o.s.web.servlet.DispatcherServlet - No view rendering, null ModelAndView returned.
2026-06-30 16:47:39 [http-nio-8080-exec-1] ERROR c.e.tienda_tech.advice.ApiErrors - [GET /style2.css] Unhandled exception
org.springframework.web.servlet.resource.NoResourceFoundException: No static resource style2.css.
	at org.springframework.web.servlet.resource.ResourceHttpRequestHandler.handleRequest(ResourceHttpRequestHandler.java:585)
	at org.springframework.web.servlet.mvc.HttpRequestHandlerAdapter.handle(HttpRequestHandlerAdapter.java:52)
	at org.springframework.web.servlet.DispatcherServlet.doDispatch(DispatcherServlet.java:1089)
	at org.springframework.web.servlet.DispatcherServlet.doService(DispatcherServlet.java:979)
	at org.springframework.web.servlet.FrameworkServlet.processRequest(FrameworkServlet.java:1014)
	at org.springframework.web.servlet.FrameworkServlet.doGet(FrameworkServlet.java:903)
	at jakarta.servlet.http.HttpServlet.service(HttpServlet.java:564)
	at org.springframework.web.servlet.FrameworkServlet.service(FrameworkServlet.java:885)
	at jakarta.servlet.http.HttpServlet.service(HttpServlet.java:658)
	at org.apache.catalina.core.ApplicationFilterChain.internalDoFilter(ApplicationFilterChain.java:195)
	at org.apache.catalina.core.ApplicationFilterChain.doFilter(ApplicationFilterChain.java:140)
	at org.apache.tomcat.websocket.server.WsFilter.doFilter(WsFilter.java:51)
	at org.apache.catalina.core.ApplicationFilterChain.internalDoFilter(ApplicationFilterChain.java:164)
	at org.apache.catalina.core.ApplicationFilterChain.doFilter(ApplicationFilterChain.java:140)
	at org.springframework.web.filter.CompositeFilter$VirtualFilterChain.doFilter(CompositeFilter.java:108)
	at org.springframework.web.filter.CompositeFilter$VirtualFilterChain.doFilter(CompositeFilter.java:108)
	at org.springframework.security.web.FilterChainProxy.lambda$doFilterInternal$3(FilterChainProxy.java:231)
	at org.springframework.security.web.FilterChainProxy$VirtualFilterChain.doFilter(FilterChainProxy.java:365)
	at org.springframework.security.web.access.intercept.AuthorizationFilter.doFilter(AuthorizationFilter.java:101)
	at org.springframework.security.web.FilterChainProxy$VirtualFilterChain.doFilter(FilterChainProxy.java:374)
	at org.springframework.security.web.access.ExceptionTranslationFilter.doFilter(ExceptionTranslationFilter.java:125)
	at org.springframework.security.web.access.ExceptionTranslationFilter.doFilter(ExceptionTranslationFilter.java:119)
	at org.springframework.security.web.FilterChainProxy$VirtualFilterChain.doFilter(FilterChainProxy.java:374)
	at org.springframework.security.web.authentication.AnonymousAuthenticationFilter.doFilter(AnonymousAuthenticationFilter.java:100)
	at org.springframework.security.web.FilterChainProxy$VirtualFilterChain.doFilter(FilterChainProxy.java:374)
	at org.springframework.security.web.servletapi.SecurityContextHolderAwareRequestFilter.doFilter(SecurityContextHolderAwareRequestFilter.java:179)
	at org.springframework.security.web.FilterChainProxy$VirtualFilterChain.doFilter(FilterChainProxy.java:374)
	at org.springframework.security.web.savedrequest.RequestCacheAwareFilter.doFilter(RequestCacheAwareFilter.java:63)
	at org.springframework.security.web.FilterChainProxy$VirtualFilterChain.doFilter(FilterChainProxy.java:374)
	at org.springframework.security.web.authentication.logout.LogoutFilter.doFilter(LogoutFilter.java:107)
	at org.springframework.security.web.authentication.logout.LogoutFilter.doFilter(LogoutFilter.java:93)
	at org.springframework.security.web.FilterChainProxy$VirtualFilterChain.doFilter(FilterChainProxy.java:374)
	at org.springframework.web.filter.CorsFilter.doFilterInternal(CorsFilter.java:91)
	at org.springframework.web.filter.OncePerRequestFilter.doFilter(OncePerRequestFilter.java:116)
	at org.springframework.security.web.FilterChainProxy$VirtualFilterChain.doFilter(FilterChainProxy.java:374)
	at org.springframework.security.web.header.HeaderWriterFilter.doHeadersAfter(HeaderWriterFilter.java:90)
	at org.springframework.security.web.header.HeaderWriterFilter.doFilterInternal(HeaderWriterFilter.java:75)
	at org.springframework.web.filter.OncePerRequestFilter.doFilter(OncePerRequestFilter.java:116)
	at org.springframework.security.web.FilterChainProxy$VirtualFilterChain.doFilter(FilterChainProxy.java:374)
	at org.springframework.security.web.context.SecurityContextHolderFilter.doFilter(SecurityContextHolderFilter.java:82)
	at org.springframework.security.web.context.SecurityContextHolderFilter.doFilter(SecurityContextHolderFilter.java:69)
	at org.springframework.security.web.FilterChainProxy$VirtualFilterChain.doFilter(FilterChainProxy.java:374)
	at org.springframework.security.web.context.request.async.WebAsyncManagerIntegrationFilter.doFilterInternal(WebAsyncManagerIntegrationFilter.java:62)
	at org.springframework.web.filter.OncePerRequestFilter.doFilter(OncePerRequestFilter.java:116)
	at org.springframework.security.web.FilterChainProxy$VirtualFilterChain.doFilter(FilterChainProxy.java:374)
	at org.springframework.security.web.session.DisableEncodeUrlFilter.doFilterInternal(DisableEncodeUrlFilter.java:42)
	at org.springframework.web.filter.OncePerRequestFilter.doFilter(OncePerRequestFilter.java:116)
	at org.springframework.security.web.FilterChainProxy$VirtualFilterChain.doFilter(FilterChainProxy.java:374)
	at org.springframework.security.web.FilterChainProxy.doFilterInternal(FilterChainProxy.java:233)
	at org.springframework.security.web.FilterChainProxy.doFilter(FilterChainProxy.java:191)
	at org.springframework.web.filter.CompositeFilter$VirtualFilterChain.doFilter(CompositeFilter.java:113)
	at org.springframework.web.filter.ServletRequestPathFilter.doFilter(ServletRequestPathFilter.java:52)
	at org.springframework.web.filter.CompositeFilter$VirtualFilterChain.doFilter(CompositeFilter.java:113)
	at org.springframework.web.filter.CompositeFilter.doFilter(CompositeFilter.java:74)
	at org.springframework.security.config.annotation.web.configuration.WebSecurityConfiguration$CompositeFilterChainProxy.doFilter(WebSecurityConfiguration.java:319)
	at org.springframework.web.filter.CompositeFilter$VirtualFilterChain.doFilter(CompositeFilter.java:113)
	at org.springframework.web.servlet.handler.HandlerMappingIntrospector.lambda$createCacheFilter$4(HandlerMappingIntrospector.java:267)
	at org.springframework.web.filter.CompositeFilter$VirtualFilterChain.doFilter(CompositeFilter.java:113)
	at org.springframework.web.filter.CompositeFilter.doFilter(CompositeFilter.java:74)
	at org.springframework.security.config.annotation.web.configuration.WebMvcSecurityConfiguration$CompositeFilterChainProxy.doFilter(WebMvcSecurityConfiguration.java:240)
	at org.springframework.web.filter.DelegatingFilterProxy.invokeDelegate(DelegatingFilterProxy.java:362)
	at org.springframework.web.filter.DelegatingFilterProxy.doFilter(DelegatingFilterProxy.java:278)
	at org.apache.catalina.core.ApplicationFilterChain.internalDoFilter(ApplicationFilterChain.java:164)
	at org.apache.catalina.core.ApplicationFilterChain.doFilter(ApplicationFilterChain.java:140)
	at org.springframework.web.filter.RequestContextFilter.doFilterInternal(RequestContextFilter.java:100)
	at org.springframework.web.filter.OncePerRequestFilter.doFilter(OncePerRequestFilter.java:116)
	at org.apache.catalina.core.ApplicationFilterChain.internalDoFilter(ApplicationFilterChain.java:164)
	at org.apache.catalina.core.ApplicationFilterChain.doFilter(ApplicationFilterChain.java:140)
	at org.springframework.web.filter.FormContentFilter.doFilterInternal(FormContentFilter.java:93)
	at org.springframework.web.filter.OncePerRequestFilter.doFilter(OncePerRequestFilter.java:116)
	at org.apache.catalina.core.ApplicationFilterChain.internalDoFilter(ApplicationFilterChain.java:164)
	at org.apache.catalina.core.ApplicationFilterChain.doFilter(ApplicationFilterChain.java:140)
	at org.springframework.web.filter.CharacterEncodingFilter.doFilterInternal(CharacterEncodingFilter.java:201)
	at org.springframework.web.filter.OncePerRequestFilter.doFilter(OncePerRequestFilter.java:116)
	at org.apache.catalina.core.ApplicationFilterChain.internalDoFilter(ApplicationFilterChain.java:164)
	at org.apache.catalina.core.ApplicationFilterChain.doFilter(ApplicationFilterChain.java:140)
	at org.apache.catalina.core.StandardWrapperValve.invoke(StandardWrapperValve.java:167)
	at org.apache.catalina.core.StandardContextValve.invoke(StandardContextValve.java:90)
	at org.apache.catalina.authenticator.AuthenticatorBase.invoke(AuthenticatorBase.java:483)
	at org.apache.catalina.core.StandardHostValve.invoke(StandardHostValve.java:116)
	at org.apache.catalina.valves.ErrorReportValve.invoke(ErrorReportValve.java:93)
	at org.apache.catalina.core.StandardEngineValve.invoke(StandardEngineValve.java:74)
	at org.apache.catalina.connector.CoyoteAdapter.service(CoyoteAdapter.java:344)
	at org.apache.coyote.http11.Http11Processor.service(Http11Processor.java:398)
	at org.apache.coyote.AbstractProcessorLight.process(AbstractProcessorLight.java:63)
	at org.apache.coyote.AbstractProtocol$ConnectionHandler.process(AbstractProtocol.java:903)
	at org.apache.tomcat.util.net.NioEndpoint$SocketProcessor.doRun(NioEndpoint.java:1769)
	at org.apache.tomcat.util.net.SocketProcessorBase.run(SocketProcessorBase.java:52)
	at org.apache.tomcat.util.threads.ThreadPoolExecutor.runWorker(ThreadPoolExecutor.java:1189)
	at org.apache.tomcat.util.threads.ThreadPoolExecutor$Worker.run(ThreadPoolExecutor.java:658)
	at org.apache.tomcat.util.threads.TaskThread$WrappingRunnable.run(TaskThread.java:63)
	at java.base/java.lang.Thread.run(Thread.java:1447)
2026-06-30 16:47:39 [http-nio-8080-exec-2] DEBUG o.s.web.servlet.DispatcherServlet - Completed 200 OK, headers={masked}
2026-06-30 16:47:39 [http-nio-8080-exec-1] WARN  o.s.w.s.m.m.a.ExceptionHandlerExceptionResolver - Resolved [org.springframework.web.servlet.resource.NoResourceFoundException: No static resource style2.css.]
2026-06-30 16:47:39 [http-nio-8080-exec-1] TRACE o.s.web.servlet.DispatcherServlet - No view rendering, null ModelAndView returned.
2026-06-30 16:47:39 [http-nio-8080-exec-1] DEBUG o.s.web.servlet.DispatcherServlet - Completed 500 INTERNAL_SERVER_ERROR, headers={masked}
2026-06-30 16:47:39 [http-nio-8080-exec-10] TRACE o.s.web.servlet.DispatcherServlet - GET "/api/productos/34", parameters={}, headers={masked} in DispatcherServlet 'dispatcherServlet'
2026-06-30 16:47:39 [http-nio-8080-exec-10] TRACE o.s.w.s.m.m.a.RequestMappingHandlerMapping - Mapped to com.example.tienda_tech.controller.ProductoQueryController#detalle(Integer, Integer)
2026-06-30 16:47:39 [http-nio-8080-exec-10] TRACE o.s.web.servlet.DispatcherServlet - No view rendering, null ModelAndView returned.
2026-06-30 16:47:39 [http-nio-8080-exec-10] DEBUG o.s.web.servlet.DispatcherServlet - Completed 200 OK, headers={masked}
2026-06-30 16:47:39 [http-nio-8080-exec-6] TRACE o.s.web.servlet.DispatcherServlet - GET "/api/sp/productos/34/editar", parameters={}, headers={masked} in DispatcherServlet 'dispatcherServlet'
2026-06-30 16:47:39 [http-nio-8080-exec-6] TRACE o.s.w.s.m.m.a.RequestMappingHandlerMapping - Mapped to com.example.tienda_tech.controller.ProductoSpController#getDetalleEditar(Integer)
2026-06-30 16:47:39 [http-nio-8080-exec-6] TRACE o.s.web.servlet.DispatcherServlet - No view rendering, null ModelAndView returned.
2026-06-30 16:47:39 [http-nio-8080-exec-6] DEBUG o.s.web.servlet.DispatcherServlet - Completed 200 OK, headers={masked}
2026-06-30 16:47:40 [http-nio-8080-exec-7] TRACE o.s.web.servlet.DispatcherServlet - GET "/Busqueda.html?cat=2&nombre=CPU", parameters={masked}, headers={masked} in DispatcherServlet 'dispatcherServlet'
2026-06-30 16:47:40 [http-nio-8080-exec-7] TRACE o.s.web.servlet.DispatcherServlet - No view rendering, null ModelAndView returned.
2026-06-30 16:47:40 [http-nio-8080-exec-7] DEBUG o.s.web.servlet.DispatcherServlet - Completed 200 OK, headers={masked}
2026-06-30 16:47:40 [http-nio-8080-exec-4] TRACE o.s.web.servlet.DispatcherServlet - GET "/styleClaroMenu.css", parameters={}, headers={masked} in DispatcherServlet 'dispatcherServlet'
2026-06-30 16:47:40 [http-nio-8080-exec-9] TRACE o.s.web.servlet.DispatcherServlet - GET "/js/auth-menu.js?v=4", parameters={masked}, headers={masked} in DispatcherServlet 'dispatcherServlet'
2026-06-30 16:47:40 [http-nio-8080-exec-9] TRACE o.s.web.servlet.DispatcherServlet - No view rendering, null ModelAndView returned.
2026-06-30 16:47:40 [http-nio-8080-exec-9] DEBUG o.s.web.servlet.DispatcherServlet - Completed 200 OK, headers={masked}
2026-06-30 16:47:40 [http-nio-8080-exec-4] ERROR c.e.tienda_tech.advice.ApiErrors - [GET /styleClaroMenu.css] Unhandled exception
org.springframework.web.servlet.resource.NoResourceFoundException: No static resource styleClaroMenu.css.
	at org.springframework.web.servlet.resource.ResourceHttpRequestHandler.handleRequest(ResourceHttpRequestHandler.java:585)
	at org.springframework.web.servlet.mvc.HttpRequestHandlerAdapter.handle(HttpRequestHandlerAdapter.java:52)
	at org.springframework.web.servlet.DispatcherServlet.doDispatch(DispatcherServlet.java:1089)
	at org.springframework.web.servlet.DispatcherServlet.doService(DispatcherServlet.java:979)
	at org.springframework.web.servlet.FrameworkServlet.processRequest(FrameworkServlet.java:1014)
	at org.springframework.web.servlet.FrameworkServlet.doGet(FrameworkServlet.java:903)
	at jakarta.servlet.http.HttpServlet.service(HttpServlet.java:564)
	at org.springframework.web.servlet.FrameworkServlet.service(FrameworkServlet.java:885)
	at jakarta.servlet.http.HttpServlet.service(HttpServlet.java:658)
	at org.apache.catalina.core.ApplicationFilterChain.internalDoFilter(ApplicationFilterChain.java:195)
	at org.apache.catalina.core.ApplicationFilterChain.doFilter(ApplicationFilterChain.java:140)
	at org.apache.tomcat.websocket.server.WsFilter.doFilter(WsFilter.java:51)
	at org.apache.catalina.core.ApplicationFilterChain.internalDoFilter(ApplicationFilterChain.java:164)
	at org.apache.catalina.core.ApplicationFilterChain.doFilter(ApplicationFilterChain.java:140)
	at org.springframework.web.filter.CompositeFilter$VirtualFilterChain.doFilter(CompositeFilter.java:108)
	at org.springframework.web.filter.CompositeFilter$VirtualFilterChain.doFilter(CompositeFilter.java:108)
	at org.springframework.security.web.FilterChainProxy.lambda$doFilterInternal$3(FilterChainProxy.java:231)
	at org.springframework.security.web.FilterChainProxy$VirtualFilterChain.doFilter(FilterChainProxy.java:365)
	at org.springframework.security.web.access.intercept.AuthorizationFilter.doFilter(AuthorizationFilter.java:101)
	at org.springframework.security.web.FilterChainProxy$VirtualFilterChain.doFilter(FilterChainProxy.java:374)
	at org.springframework.security.web.access.ExceptionTranslationFilter.doFilter(ExceptionTranslationFilter.java:125)
	at org.springframework.security.web.access.ExceptionTranslationFilter.doFilter(ExceptionTranslationFilter.java:119)
	at org.springframework.security.web.FilterChainProxy$VirtualFilterChain.doFilter(FilterChainProxy.java:374)
	at org.springframework.security.web.authentication.AnonymousAuthenticationFilter.doFilter(AnonymousAuthenticationFilter.java:100)
	at org.springframework.security.web.FilterChainProxy$VirtualFilterChain.doFilter(FilterChainProxy.java:374)
	at org.springframework.security.web.servletapi.SecurityContextHolderAwareRequestFilter.doFilter(SecurityContextHolderAwareRequestFilter.java:179)
	at org.springframework.security.web.FilterChainProxy$VirtualFilterChain.doFilter(FilterChainProxy.java:374)
	at org.springframework.security.web.savedrequest.RequestCacheAwareFilter.doFilter(RequestCacheAwareFilter.java:63)
	at org.springframework.security.web.FilterChainProxy$VirtualFilterChain.doFilter(FilterChainProxy.java:374)
	at org.springframework.security.web.authentication.logout.LogoutFilter.doFilter(LogoutFilter.java:107)
	at org.springframework.security.web.authentication.logout.LogoutFilter.doFilter(LogoutFilter.java:93)
	at org.springframework.security.web.FilterChainProxy$VirtualFilterChain.doFilter(FilterChainProxy.java:374)
	at org.springframework.web.filter.CorsFilter.doFilterInternal(CorsFilter.java:91)
	at org.springframework.web.filter.OncePerRequestFilter.doFilter(OncePerRequestFilter.java:116)
	at org.springframework.security.web.FilterChainProxy$VirtualFilterChain.doFilter(FilterChainProxy.java:374)
	at org.springframework.security.web.header.HeaderWriterFilter.doHeadersAfter(HeaderWriterFilter.java:90)
	at org.springframework.security.web.header.HeaderWriterFilter.doFilterInternal(HeaderWriterFilter.java:75)
	at org.springframework.web.filter.OncePerRequestFilter.doFilter(OncePerRequestFilter.java:116)
	at org.springframework.security.web.FilterChainProxy$VirtualFilterChain.doFilter(FilterChainProxy.java:374)
	at org.springframework.security.web.context.SecurityContextHolderFilter.doFilter(SecurityContextHolderFilter.java:82)
	at org.springframework.security.web.context.SecurityContextHolderFilter.doFilter(SecurityContextHolderFilter.java:69)
	at org.springframework.security.web.FilterChainProxy$VirtualFilterChain.doFilter(FilterChainProxy.java:374)
	at org.springframework.security.web.context.request.async.WebAsyncManagerIntegrationFilter.doFilterInternal(WebAsyncManagerIntegrationFilter.java:62)
	at org.springframework.web.filter.OncePerRequestFilter.doFilter(OncePerRequestFilter.java:116)
	at org.springframework.security.web.FilterChainProxy$VirtualFilterChain.doFilter(FilterChainProxy.java:374)
	at org.springframework.security.web.session.DisableEncodeUrlFilter.doFilterInternal(DisableEncodeUrlFilter.java:42)
	at org.springframework.web.filter.OncePerRequestFilter.doFilter(OncePerRequestFilter.java:116)
	at org.springframework.security.web.FilterChainProxy$VirtualFilterChain.doFilter(FilterChainProxy.java:374)
	at org.springframework.security.web.FilterChainProxy.doFilterInternal(FilterChainProxy.java:233)
	at org.springframework.security.web.FilterChainProxy.doFilter(FilterChainProxy.java:191)
	at org.springframework.web.filter.CompositeFilter$VirtualFilterChain.doFilter(CompositeFilter.java:113)
	at org.springframework.web.filter.ServletRequestPathFilter.doFilter(ServletRequestPathFilter.java:52)
	at org.springframework.web.filter.CompositeFilter$VirtualFilterChain.doFilter(CompositeFilter.java:113)
	at org.springframework.web.filter.CompositeFilter.doFilter(CompositeFilter.java:74)
	at org.springframework.security.config.annotation.web.configuration.WebSecurityConfiguration$CompositeFilterChainProxy.doFilter(WebSecurityConfiguration.java:319)
	at org.springframework.web.filter.CompositeFilter$VirtualFilterChain.doFilter(CompositeFilter.java:113)
	at org.springframework.web.servlet.handler.HandlerMappingIntrospector.lambda$createCacheFilter$4(HandlerMappingIntrospector.java:267)
	at org.springframework.web.filter.CompositeFilter$VirtualFilterChain.doFilter(CompositeFilter.java:113)
	at org.springframework.web.filter.CompositeFilter.doFilter(CompositeFilter.java:74)
	at org.springframework.security.config.annotation.web.configuration.WebMvcSecurityConfiguration$CompositeFilterChainProxy.doFilter(WebMvcSecurityConfiguration.java:240)
	at org.springframework.web.filter.DelegatingFilterProxy.invokeDelegate(DelegatingFilterProxy.java:362)
	at org.springframework.web.filter.DelegatingFilterProxy.doFilter(DelegatingFilterProxy.java:278)
	at org.apache.catalina.core.ApplicationFilterChain.internalDoFilter(ApplicationFilterChain.java:164)
	at org.apache.catalina.core.ApplicationFilterChain.doFilter(ApplicationFilterChain.java:140)
	at org.springframework.web.filter.RequestContextFilter.doFilterInternal(RequestContextFilter.java:100)
	at org.springframework.web.filter.OncePerRequestFilter.doFilter(OncePerRequestFilter.java:116)
	at org.apache.catalina.core.ApplicationFilterChain.internalDoFilter(ApplicationFilterChain.java:164)
	at org.apache.catalina.core.ApplicationFilterChain.doFilter(ApplicationFilterChain.java:140)
	at org.springframework.web.filter.FormContentFilter.doFilterInternal(FormContentFilter.java:93)
	at org.springframework.web.filter.OncePerRequestFilter.doFilter(OncePerRequestFilter.java:116)
	at org.apache.catalina.core.ApplicationFilterChain.internalDoFilter(ApplicationFilterChain.java:164)
	at org.apache.catalina.core.ApplicationFilterChain.doFilter(ApplicationFilterChain.java:140)
	at org.springframework.web.filter.CharacterEncodingFilter.doFilterInternal(CharacterEncodingFilter.java:201)
	at org.springframework.web.filter.OncePerRequestFilter.doFilter(OncePerRequestFilter.java:116)
	at org.apache.catalina.core.ApplicationFilterChain.internalDoFilter(ApplicationFilterChain.java:164)
	at org.apache.catalina.core.ApplicationFilterChain.doFilter(ApplicationFilterChain.java:140)
	at org.apache.catalina.core.StandardWrapperValve.invoke(StandardWrapperValve.java:167)
	at org.apache.catalina.core.StandardContextValve.invoke(StandardContextValve.java:90)
	at org.apache.catalina.authenticator.AuthenticatorBase.invoke(AuthenticatorBase.java:483)
	at org.apache.catalina.core.StandardHostValve.invoke(StandardHostValve.java:116)
	at org.apache.catalina.valves.ErrorReportValve.invoke(ErrorReportValve.java:93)
	at org.apache.catalina.core.StandardEngineValve.invoke(StandardEngineValve.java:74)
	at org.apache.catalina.connector.CoyoteAdapter.service(CoyoteAdapter.java:344)
	at org.apache.coyote.http11.Http11Processor.service(Http11Processor.java:398)
	at org.apache.coyote.AbstractProcessorLight.process(AbstractProcessorLight.java:63)
	at org.apache.coyote.AbstractProtocol$ConnectionHandler.process(AbstractProtocol.java:903)
	at org.apache.tomcat.util.net.NioEndpoint$SocketProcessor.doRun(NioEndpoint.java:1769)
	at org.apache.tomcat.util.net.SocketProcessorBase.run(SocketProcessorBase.java:52)
	at org.apache.tomcat.util.threads.ThreadPoolExecutor.runWorker(ThreadPoolExecutor.java:1189)
	at org.apache.tomcat.util.threads.ThreadPoolExecutor$Worker.run(ThreadPoolExecutor.java:658)
	at org.apache.tomcat.util.threads.TaskThread$WrappingRunnable.run(TaskThread.java:63)
	at java.base/java.lang.Thread.run(Thread.java:1447)
2026-06-30 16:47:40 [http-nio-8080-exec-4] WARN  o.s.w.s.m.m.a.ExceptionHandlerExceptionResolver - Resolved [org.springframework.web.servlet.resource.NoResourceFoundException: No static resource styleClaroMenu.css.]
2026-06-30 16:47:40 [http-nio-8080-exec-4] TRACE o.s.web.servlet.DispatcherServlet - No view rendering, null ModelAndView returned.
2026-06-30 16:47:40 [http-nio-8080-exec-4] DEBUG o.s.web.servlet.DispatcherServlet - Completed 500 INTERNAL_SERVER_ERROR, headers={masked}
2026-06-30 16:47:40 [http-nio-8080-exec-5] TRACE o.s.web.servlet.DispatcherServlet - GET "/api/productos/por-categoria?categoriaId=2", parameters={masked}, headers={masked} in DispatcherServlet 'dispatcherServlet'
2026-06-30 16:47:40 [http-nio-8080-exec-5] TRACE o.s.w.s.m.m.a.RequestMappingHandlerMapping - Mapped to com.example.tienda_tech.controller.ProductoQueryController#porCategoria(Integer, Integer)
2026-06-30 16:47:40 [http-nio-8080-exec-8] TRACE o.s.web.servlet.DispatcherServlet - GET "/styleOscuroMenu.css", parameters={}, headers={masked} in DispatcherServlet 'dispatcherServlet'
2026-06-30 16:47:40 [http-nio-8080-exec-8] ERROR c.e.tienda_tech.advice.ApiErrors - [GET /styleOscuroMenu.css] Unhandled exception
org.springframework.web.servlet.resource.NoResourceFoundException: No static resource styleOscuroMenu.css.
	at org.springframework.web.servlet.resource.ResourceHttpRequestHandler.handleRequest(ResourceHttpRequestHandler.java:585)
	at org.springframework.web.servlet.mvc.HttpRequestHandlerAdapter.handle(HttpRequestHandlerAdapter.java:52)
	at org.springframework.web.servlet.DispatcherServlet.doDispatch(DispatcherServlet.java:1089)
	at org.springframework.web.servlet.DispatcherServlet.doService(DispatcherServlet.java:979)
	at org.springframework.web.servlet.FrameworkServlet.processRequest(FrameworkServlet.java:1014)
	at org.springframework.web.servlet.FrameworkServlet.doGet(FrameworkServlet.java:903)
	at jakarta.servlet.http.HttpServlet.service(HttpServlet.java:564)
	at org.springframework.web.servlet.FrameworkServlet.service(FrameworkServlet.java:885)
	at jakarta.servlet.http.HttpServlet.service(HttpServlet.java:658)
	at org.apache.catalina.core.ApplicationFilterChain.internalDoFilter(ApplicationFilterChain.java:195)
	at org.apache.catalina.core.ApplicationFilterChain.doFilter(ApplicationFilterChain.java:140)
	at org.apache.tomcat.websocket.server.WsFilter.doFilter(WsFilter.java:51)
	at org.apache.catalina.core.ApplicationFilterChain.internalDoFilter(ApplicationFilterChain.java:164)
	at org.apache.catalina.core.ApplicationFilterChain.doFilter(ApplicationFilterChain.java:140)
	at org.springframework.web.filter.CompositeFilter$VirtualFilterChain.doFilter(CompositeFilter.java:108)
	at org.springframework.web.filter.CompositeFilter$VirtualFilterChain.doFilter(CompositeFilter.java:108)
	at org.springframework.security.web.FilterChainProxy.lambda$doFilterInternal$3(FilterChainProxy.java:231)
	at org.springframework.security.web.FilterChainProxy$VirtualFilterChain.doFilter(FilterChainProxy.java:365)
	at org.springframework.security.web.access.intercept.AuthorizationFilter.doFilter(AuthorizationFilter.java:101)
	at org.springframework.security.web.FilterChainProxy$VirtualFilterChain.doFilter(FilterChainProxy.java:374)
	at org.springframework.security.web.access.ExceptionTranslationFilter.doFilter(ExceptionTranslationFilter.java:125)
	at org.springframework.security.web.access.ExceptionTranslationFilter.doFilter(ExceptionTranslationFilter.java:119)
	at org.springframework.security.web.FilterChainProxy$VirtualFilterChain.doFilter(FilterChainProxy.java:374)
	at org.springframework.security.web.authentication.AnonymousAuthenticationFilter.doFilter(AnonymousAuthenticationFilter.java:100)
	at org.springframework.security.web.FilterChainProxy$VirtualFilterChain.doFilter(FilterChainProxy.java:374)
	at org.springframework.security.web.servletapi.SecurityContextHolderAwareRequestFilter.doFilter(SecurityContextHolderAwareRequestFilter.java:179)
	at org.springframework.security.web.FilterChainProxy$VirtualFilterChain.doFilter(FilterChainProxy.java:374)
	at org.springframework.security.web.savedrequest.RequestCacheAwareFilter.doFilter(RequestCacheAwareFilter.java:63)
	at org.springframework.security.web.FilterChainProxy$VirtualFilterChain.doFilter(FilterChainProxy.java:374)
	at org.springframework.security.web.authentication.logout.LogoutFilter.doFilter(LogoutFilter.java:107)
	at org.springframework.security.web.authentication.logout.LogoutFilter.doFilter(LogoutFilter.java:93)
	at org.springframework.security.web.FilterChainProxy$VirtualFilterChain.doFilter(FilterChainProxy.java:374)
	at org.springframework.web.filter.CorsFilter.doFilterInternal(CorsFilter.java:91)
	at org.springframework.web.filter.OncePerRequestFilter.doFilter(OncePerRequestFilter.java:116)
	at org.springframework.security.web.FilterChainProxy$VirtualFilterChain.doFilter(FilterChainProxy.java:374)
	at org.springframework.security.web.header.HeaderWriterFilter.doHeadersAfter(HeaderWriterFilter.java:90)
	at org.springframework.security.web.header.HeaderWriterFilter.doFilterInternal(HeaderWriterFilter.java:75)
	at org.springframework.web.filter.OncePerRequestFilter.doFilter(OncePerRequestFilter.java:116)
	at org.springframework.security.web.FilterChainProxy$VirtualFilterChain.doFilter(FilterChainProxy.java:374)
	at org.springframework.security.web.context.SecurityContextHolderFilter.doFilter(SecurityContextHolderFilter.java:82)
	at org.springframework.security.web.context.SecurityContextHolderFilter.doFilter(SecurityContextHolderFilter.java:69)
	at org.springframework.security.web.FilterChainProxy$VirtualFilterChain.doFilter(FilterChainProxy.java:374)
	at org.springframework.security.web.context.request.async.WebAsyncManagerIntegrationFilter.doFilterInternal(WebAsyncManagerIntegrationFilter.java:62)
	at org.springframework.web.filter.OncePerRequestFilter.doFilter(OncePerRequestFilter.java:116)
	at org.springframework.security.web.FilterChainProxy$VirtualFilterChain.doFilter(FilterChainProxy.java:374)
	at org.springframework.security.web.session.DisableEncodeUrlFilter.doFilterInternal(DisableEncodeUrlFilter.java:42)
	at org.springframework.web.filter.OncePerRequestFilter.doFilter(OncePerRequestFilter.java:116)
	at org.springframework.security.web.FilterChainProxy$VirtualFilterChain.doFilter(FilterChainProxy.java:374)
	at org.springframework.security.web.FilterChainProxy.doFilterInternal(FilterChainProxy.java:233)
	at org.springframework.security.web.FilterChainProxy.doFilter(FilterChainProxy.java:191)
	at org.springframework.web.filter.CompositeFilter$VirtualFilterChain.doFilter(CompositeFilter.java:113)
	at org.springframework.web.filter.ServletRequestPathFilter.doFilter(ServletRequestPathFilter.java:52)
	at org.springframework.web.filter.CompositeFilter$VirtualFilterChain.doFilter(CompositeFilter.java:113)
	at org.springframework.web.filter.CompositeFilter.doFilter(CompositeFilter.java:74)
	at org.springframework.security.config.annotation.web.configuration.WebSecurityConfiguration$CompositeFilterChainProxy.doFilter(WebSecurityConfiguration.java:319)
	at org.springframework.web.filter.CompositeFilter$VirtualFilterChain.doFilter(CompositeFilter.java:113)
	at org.springframework.web.servlet.handler.HandlerMappingIntrospector.lambda$createCacheFilter$4(HandlerMappingIntrospector.java:267)
	at org.springframework.web.filter.CompositeFilter$VirtualFilterChain.doFilter(CompositeFilter.java:113)
	at org.springframework.web.filter.CompositeFilter.doFilter(CompositeFilter.java:74)
	at org.springframework.security.config.annotation.web.configuration.WebMvcSecurityConfiguration$CompositeFilterChainProxy.doFilter(WebMvcSecurityConfiguration.java:240)
	at org.springframework.web.filter.DelegatingFilterProxy.invokeDelegate(DelegatingFilterProxy.java:362)
	at org.springframework.web.filter.DelegatingFilterProxy.doFilter(DelegatingFilterProxy.java:278)
	at org.apache.catalina.core.ApplicationFilterChain.internalDoFilter(ApplicationFilterChain.java:164)
	at org.apache.catalina.core.ApplicationFilterChain.doFilter(ApplicationFilterChain.java:140)
	at org.springframework.web.filter.RequestContextFilter.doFilterInternal(RequestContextFilter.java:100)
	at org.springframework.web.filter.OncePerRequestFilter.doFilter(OncePerRequestFilter.java:116)
	at org.apache.catalina.core.ApplicationFilterChain.internalDoFilter(ApplicationFilterChain.java:164)
	at org.apache.catalina.core.ApplicationFilterChain.doFilter(ApplicationFilterChain.java:140)
	at org.springframework.web.filter.FormContentFilter.doFilterInternal(FormContentFilter.java:93)
	at org.springframework.web.filter.OncePerRequestFilter.doFilter(OncePerRequestFilter.java:116)
	at org.apache.catalina.core.ApplicationFilterChain.internalDoFilter(ApplicationFilterChain.java:164)
	at org.apache.catalina.core.ApplicationFilterChain.doFilter(ApplicationFilterChain.java:140)
	at org.springframework.web.filter.CharacterEncodingFilter.doFilterInternal(CharacterEncodingFilter.java:201)
	at org.springframework.web.filter.OncePerRequestFilter.doFilter(OncePerRequestFilter.java:116)
	at org.apache.catalina.core.ApplicationFilterChain.internalDoFilter(ApplicationFilterChain.java:164)
	at org.apache.catalina.core.ApplicationFilterChain.doFilter(ApplicationFilterChain.java:140)
	at org.apache.catalina.core.StandardWrapperValve.invoke(StandardWrapperValve.java:167)
	at org.apache.catalina.core.StandardContextValve.invoke(StandardContextValve.java:90)
	at org.apache.catalina.authenticator.AuthenticatorBase.invoke(AuthenticatorBase.java:483)
	at org.apache.catalina.core.StandardHostValve.invoke(StandardHostValve.java:116)
	at org.apache.catalina.valves.ErrorReportValve.invoke(ErrorReportValve.java:93)
	at org.apache.catalina.core.StandardEngineValve.invoke(StandardEngineValve.java:74)
	at org.apache.catalina.connector.CoyoteAdapter.service(CoyoteAdapter.java:344)
	at org.apache.coyote.http11.Http11Processor.service(Http11Processor.java:398)
	at org.apache.coyote.AbstractProcessorLight.process(AbstractProcessorLight.java:63)
	at org.apache.coyote.AbstractProtocol$ConnectionHandler.process(AbstractProtocol.java:903)
	at org.apache.tomcat.util.net.NioEndpoint$SocketProcessor.doRun(NioEndpoint.java:1769)
	at org.apache.tomcat.util.net.SocketProcessorBase.run(SocketProcessorBase.java:52)
	at org.apache.tomcat.util.threads.ThreadPoolExecutor.runWorker(ThreadPoolExecutor.java:1189)
	at org.apache.tomcat.util.threads.ThreadPoolExecutor$Worker.run(ThreadPoolExecutor.java:658)
	at org.apache.tomcat.util.threads.TaskThread$WrappingRunnable.run(TaskThread.java:63)
	at java.base/java.lang.Thread.run(Thread.java:1447)
2026-06-30 16:47:40 [http-nio-8080-exec-8] WARN  o.s.w.s.m.m.a.ExceptionHandlerExceptionResolver - Resolved [org.springframework.web.servlet.resource.NoResourceFoundException: No static resource styleOscuroMenu.css.]
2026-06-30 16:47:40 [http-nio-8080-exec-8] TRACE o.s.web.servlet.DispatcherServlet - No view rendering, null ModelAndView returned.
2026-06-30 16:47:40 [http-nio-8080-exec-8] DEBUG o.s.web.servlet.DispatcherServlet - Completed 500 INTERNAL_SERVER_ERROR, headers={masked}
2026-06-30 16:47:40 [http-nio-8080-exec-5] TRACE o.s.web.servlet.DispatcherServlet - No view rendering, null ModelAndView returned.
2026-06-30 16:47:40 [http-nio-8080-exec-5] DEBUG o.s.web.servlet.DispatcherServlet - Completed 200 OK, headers={masked}
2026-06-30 16:48:25 [http-nio-8080-exec-3] TRACE o.s.web.servlet.DispatcherServlet - GET "/informacion_producto.html?id=13", parameters={masked}, headers={masked} in DispatcherServlet 'dispatcherServlet'
2026-06-30 16:48:25 [http-nio-8080-exec-3] TRACE o.s.web.servlet.DispatcherServlet - No view rendering, null ModelAndView returned.
2026-06-30 16:48:25 [http-nio-8080-exec-3] DEBUG o.s.web.servlet.DispatcherServlet - Completed 200 OK, headers={masked}
2026-06-30 16:48:25 [http-nio-8080-exec-2] TRACE o.s.web.servlet.DispatcherServlet - GET "/style2.css", parameters={}, headers={masked} in DispatcherServlet 'dispatcherServlet'
2026-06-30 16:48:25 [http-nio-8080-exec-2] ERROR c.e.tienda_tech.advice.ApiErrors - [GET /style2.css] Unhandled exception
org.springframework.web.servlet.resource.NoResourceFoundException: No static resource style2.css.
	at org.springframework.web.servlet.resource.ResourceHttpRequestHandler.handleRequest(ResourceHttpRequestHandler.java:585)
	at org.springframework.web.servlet.mvc.HttpRequestHandlerAdapter.handle(HttpRequestHandlerAdapter.java:52)
	at org.springframework.web.servlet.DispatcherServlet.doDispatch(DispatcherServlet.java:1089)
	at org.springframework.web.servlet.DispatcherServlet.doService(DispatcherServlet.java:979)
	at org.springframework.web.servlet.FrameworkServlet.processRequest(FrameworkServlet.java:1014)
	at org.springframework.web.servlet.FrameworkServlet.doGet(FrameworkServlet.java:903)
	at jakarta.servlet.http.HttpServlet.service(HttpServlet.java:564)
	at org.springframework.web.servlet.FrameworkServlet.service(FrameworkServlet.java:885)
	at jakarta.servlet.http.HttpServlet.service(HttpServlet.java:658)
	at org.apache.catalina.core.ApplicationFilterChain.internalDoFilter(ApplicationFilterChain.java:195)
	at org.apache.catalina.core.ApplicationFilterChain.doFilter(ApplicationFilterChain.java:140)
	at org.apache.tomcat.websocket.server.WsFilter.doFilter(WsFilter.java:51)
	at org.apache.catalina.core.ApplicationFilterChain.internalDoFilter(ApplicationFilterChain.java:164)
	at org.apache.catalina.core.ApplicationFilterChain.doFilter(ApplicationFilterChain.java:140)
	at org.springframework.web.filter.CompositeFilter$VirtualFilterChain.doFilter(CompositeFilter.java:108)
	at org.springframework.web.filter.CompositeFilter$VirtualFilterChain.doFilter(CompositeFilter.java:108)
	at org.springframework.security.web.FilterChainProxy.lambda$doFilterInternal$3(FilterChainProxy.java:231)
	at org.springframework.security.web.FilterChainProxy$VirtualFilterChain.doFilter(FilterChainProxy.java:365)
	at org.springframework.security.web.access.intercept.AuthorizationFilter.doFilter(AuthorizationFilter.java:101)
	at org.springframework.security.web.FilterChainProxy$VirtualFilterChain.doFilter(FilterChainProxy.java:374)
	at org.springframework.security.web.access.ExceptionTranslationFilter.doFilter(ExceptionTranslationFilter.java:125)
	at org.springframework.security.web.access.ExceptionTranslationFilter.doFilter(ExceptionTranslationFilter.java:119)
	at org.springframework.security.web.FilterChainProxy$VirtualFilterChain.doFilter(FilterChainProxy.java:374)
	at org.springframework.security.web.authentication.AnonymousAuthenticationFilter.doFilter(AnonymousAuthenticationFilter.java:100)
	at org.springframework.security.web.FilterChainProxy$VirtualFilterChain.doFilter(FilterChainProxy.java:374)
	at org.springframework.security.web.servletapi.SecurityContextHolderAwareRequestFilter.doFilter(SecurityContextHolderAwareRequestFilter.java:179)
	at org.springframework.security.web.FilterChainProxy$VirtualFilterChain.doFilter(FilterChainProxy.java:374)
	at org.springframework.security.web.savedrequest.RequestCacheAwareFilter.doFilter(RequestCacheAwareFilter.java:63)
	at org.springframework.security.web.FilterChainProxy$VirtualFilterChain.doFilter(FilterChainProxy.java:374)
	at org.springframework.security.web.authentication.logout.LogoutFilter.doFilter(LogoutFilter.java:107)
	at org.springframework.security.web.authentication.logout.LogoutFilter.doFilter(LogoutFilter.java:93)
	at org.springframework.security.web.FilterChainProxy$VirtualFilterChain.doFilter(FilterChainProxy.java:374)
	at org.springframework.web.filter.CorsFilter.doFilterInternal(CorsFilter.java:91)
	at org.springframework.web.filter.OncePerRequestFilter.doFilter(OncePerRequestFilter.java:116)
	at org.springframework.security.web.FilterChainProxy$VirtualFilterChain.doFilter(FilterChainProxy.java:374)
	at org.springframework.security.web.header.HeaderWriterFilter.doHeadersAfter(HeaderWriterFilter.java:90)
	at org.springframework.security.web.header.HeaderWriterFilter.doFilterInternal(HeaderWriterFilter.java:75)
	at org.springframework.web.filter.OncePerRequestFilter.doFilter(OncePerRequestFilter.java:116)
	at org.springframework.security.web.FilterChainProxy$VirtualFilterChain.doFilter(FilterChainProxy.java:374)
	at org.springframework.security.web.context.SecurityContextHolderFilter.doFilter(SecurityContextHolderFilter.java:82)
	at org.springframework.security.web.context.SecurityContextHolderFilter.doFilter(SecurityContextHolderFilter.java:69)
	at org.springframework.security.web.FilterChainProxy$VirtualFilterChain.doFilter(FilterChainProxy.java:374)
	at org.springframework.security.web.context.request.async.WebAsyncManagerIntegrationFilter.doFilterInternal(WebAsyncManagerIntegrationFilter.java:62)
	at org.springframework.web.filter.OncePerRequestFilter.doFilter(OncePerRequestFilter.java:116)
	at org.springframework.security.web.FilterChainProxy$VirtualFilterChain.doFilter(FilterChainProxy.java:374)
	at org.springframework.security.web.session.DisableEncodeUrlFilter.doFilterInternal(DisableEncodeUrlFilter.java:42)
	at org.springframework.web.filter.OncePerRequestFilter.doFilter(OncePerRequestFilter.java:116)
	at org.springframework.security.web.FilterChainProxy$VirtualFilterChain.doFilter(FilterChainProxy.java:374)
	at org.springframework.security.web.FilterChainProxy.doFilterInternal(FilterChainProxy.java:233)
	at org.springframework.security.web.FilterChainProxy.doFilter(FilterChainProxy.java:191)
	at org.springframework.web.filter.CompositeFilter$VirtualFilterChain.doFilter(CompositeFilter.java:113)
	at org.springframework.web.filter.ServletRequestPathFilter.doFilter(ServletRequestPathFilter.java:52)
	at org.springframework.web.filter.CompositeFilter$VirtualFilterChain.doFilter(CompositeFilter.java:113)
	at org.springframework.web.filter.CompositeFilter.doFilter(CompositeFilter.java:74)
	at org.springframework.security.config.annotation.web.configuration.WebSecurityConfiguration$CompositeFilterChainProxy.doFilter(WebSecurityConfiguration.java:319)
	at org.springframework.web.filter.CompositeFilter$VirtualFilterChain.doFilter(CompositeFilter.java:113)
	at org.springframework.web.servlet.handler.HandlerMappingIntrospector.lambda$createCacheFilter$4(HandlerMappingIntrospector.java:267)
	at org.springframework.web.filter.CompositeFilter$VirtualFilterChain.doFilter(CompositeFilter.java:113)
	at org.springframework.web.filter.CompositeFilter.doFilter(CompositeFilter.java:74)
	at org.springframework.security.config.annotation.web.configuration.WebMvcSecurityConfiguration$CompositeFilterChainProxy.doFilter(WebMvcSecurityConfiguration.java:240)
	at org.springframework.web.filter.DelegatingFilterProxy.invokeDelegate(DelegatingFilterProxy.java:362)
	at org.springframework.web.filter.DelegatingFilterProxy.doFilter(DelegatingFilterProxy.java:278)
	at org.apache.catalina.core.ApplicationFilterChain.internalDoFilter(ApplicationFilterChain.java:164)
	at org.apache.catalina.core.ApplicationFilterChain.doFilter(ApplicationFilterChain.java:140)
	at org.springframework.web.filter.RequestContextFilter.doFilterInternal(RequestContextFilter.java:100)
	at org.springframework.web.filter.OncePerRequestFilter.doFilter(OncePerRequestFilter.java:116)
	at org.apache.catalina.core.ApplicationFilterChain.internalDoFilter(ApplicationFilterChain.java:164)
	at org.apache.catalina.core.ApplicationFilterChain.doFilter(ApplicationFilterChain.java:140)
	at org.springframework.web.filter.FormContentFilter.doFilterInternal(FormContentFilter.java:93)
	at org.springframework.web.filter.OncePerRequestFilter.doFilter(OncePerRequestFilter.java:116)
	at org.apache.catalina.core.ApplicationFilterChain.internalDoFilter(ApplicationFilterChain.java:164)
	at org.apache.catalina.core.ApplicationFilterChain.doFilter(ApplicationFilterChain.java:140)
	at org.springframework.web.filter.CharacterEncodingFilter.doFilterInternal(CharacterEncodingFilter.java:201)
	at org.springframework.web.filter.OncePerRequestFilter.doFilter(OncePerRequestFilter.java:116)
	at org.apache.catalina.core.ApplicationFilterChain.internalDoFilter(ApplicationFilterChain.java:164)
	at org.apache.catalina.core.ApplicationFilterChain.doFilter(ApplicationFilterChain.java:140)
	at org.apache.catalina.core.StandardWrapperValve.invoke(StandardWrapperValve.java:167)
	at org.apache.catalina.core.StandardContextValve.invoke(StandardContextValve.java:90)
	at org.apache.catalina.authenticator.AuthenticatorBase.invoke(AuthenticatorBase.java:483)
	at org.apache.catalina.core.StandardHostValve.invoke(StandardHostValve.java:116)
	at org.apache.catalina.valves.ErrorReportValve.invoke(ErrorReportValve.java:93)
	at org.apache.catalina.core.StandardEngineValve.invoke(StandardEngineValve.java:74)
	at org.apache.catalina.connector.CoyoteAdapter.service(CoyoteAdapter.java:344)
	at org.apache.coyote.http11.Http11Processor.service(Http11Processor.java:398)
	at org.apache.coyote.AbstractProcessorLight.process(AbstractProcessorLight.java:63)
	at org.apache.coyote.AbstractProtocol$ConnectionHandler.process(AbstractProtocol.java:903)
	at org.apache.tomcat.util.net.NioEndpoint$SocketProcessor.doRun(NioEndpoint.java:1769)
	at org.apache.tomcat.util.net.SocketProcessorBase.run(SocketProcessorBase.java:52)
	at org.apache.tomcat.util.threads.ThreadPoolExecutor.runWorker(ThreadPoolExecutor.java:1189)
	at org.apache.tomcat.util.threads.ThreadPoolExecutor$Worker.run(ThreadPoolExecutor.java:658)
	at org.apache.tomcat.util.threads.TaskThread$WrappingRunnable.run(TaskThread.java:63)
	at java.base/java.lang.Thread.run(Thread.java:1447)
2026-06-30 16:48:25 [http-nio-8080-exec-2] WARN  o.s.w.s.m.m.a.ExceptionHandlerExceptionResolver - Resolved [org.springframework.web.servlet.resource.NoResourceFoundException: No static resource style2.css.]
2026-06-30 16:48:25 [http-nio-8080-exec-2] TRACE o.s.web.servlet.DispatcherServlet - No view rendering, null ModelAndView returned.
2026-06-30 16:48:25 [http-nio-8080-exec-2] DEBUG o.s.web.servlet.DispatcherServlet - Completed 500 INTERNAL_SERVER_ERROR, headers={masked}
2026-06-30 16:48:25 [http-nio-8080-exec-2] TRACE o.s.web.servlet.DispatcherServlet - GET "/js/auth-menu.js?v=4", parameters={masked}, headers={masked} in DispatcherServlet 'dispatcherServlet'
2026-06-30 16:48:25 [http-nio-8080-exec-2] TRACE o.s.web.servlet.DispatcherServlet - No view rendering, null ModelAndView returned.
2026-06-30 16:48:25 [http-nio-8080-exec-2] DEBUG o.s.web.servlet.DispatcherServlet - Completed 200 OK, headers={masked}
2026-06-30 16:48:25 [http-nio-8080-exec-10] TRACE o.s.web.servlet.DispatcherServlet - GET "/api/productos/13", parameters={}, headers={masked} in DispatcherServlet 'dispatcherServlet'
2026-06-30 16:48:25 [http-nio-8080-exec-10] TRACE o.s.w.s.m.m.a.RequestMappingHandlerMapping - Mapped to com.example.tienda_tech.controller.ProductoQueryController#detalle(Integer, Integer)
2026-06-30 16:48:25 [http-nio-8080-exec-10] TRACE o.s.web.servlet.DispatcherServlet - No view rendering, null ModelAndView returned.
2026-06-30 16:48:25 [http-nio-8080-exec-10] DEBUG o.s.web.servlet.DispatcherServlet - Completed 200 OK, headers={masked}
2026-06-30 16:48:25 [http-nio-8080-exec-6] TRACE o.s.web.servlet.DispatcherServlet - GET "/api/sp/productos/13/editar", parameters={}, headers={masked} in DispatcherServlet 'dispatcherServlet'
2026-06-30 16:48:25 [http-nio-8080-exec-6] TRACE o.s.w.s.m.m.a.RequestMappingHandlerMapping - Mapped to com.example.tienda_tech.controller.ProductoSpController#getDetalleEditar(Integer)
2026-06-30 16:48:25 [http-nio-8080-exec-6] TRACE o.s.web.servlet.DispatcherServlet - No view rendering, null ModelAndView returned.
2026-06-30 16:48:25 [http-nio-8080-exec-6] DEBUG o.s.web.servlet.DispatcherServlet - Completed 200 OK, headers={masked}
2026-06-30 16:48:32 [http-nio-8080-exec-7] TRACE o.s.web.servlet.DispatcherServlet - GET "/Busqueda.html?cat=2&nombre=CPU", parameters={masked}, headers={masked} in DispatcherServlet 'dispatcherServlet'
2026-06-30 16:48:32 [http-nio-8080-exec-7] TRACE o.s.web.servlet.DispatcherServlet - No view rendering, null ModelAndView returned.
2026-06-30 16:48:32 [http-nio-8080-exec-7] DEBUG o.s.web.servlet.DispatcherServlet - Completed 200 OK, headers={masked}
2026-06-30 16:48:32 [http-nio-8080-exec-9] TRACE o.s.web.servlet.DispatcherServlet - GET "/js/auth-menu.js?v=4", parameters={masked}, headers={masked} in DispatcherServlet 'dispatcherServlet'
2026-06-30 16:48:32 [http-nio-8080-exec-4] TRACE o.s.web.servlet.DispatcherServlet - GET "/styleClaroMenu.css", parameters={}, headers={masked} in DispatcherServlet 'dispatcherServlet'
2026-06-30 16:48:32 [http-nio-8080-exec-9] TRACE o.s.web.servlet.DispatcherServlet - No view rendering, null ModelAndView returned.
2026-06-30 16:48:32 [http-nio-8080-exec-9] DEBUG o.s.web.servlet.DispatcherServlet - Completed 200 OK, headers={masked}
2026-06-30 16:48:32 [http-nio-8080-exec-4] ERROR c.e.tienda_tech.advice.ApiErrors - [GET /styleClaroMenu.css] Unhandled exception
org.springframework.web.servlet.resource.NoResourceFoundException: No static resource styleClaroMenu.css.
	at org.springframework.web.servlet.resource.ResourceHttpRequestHandler.handleRequest(ResourceHttpRequestHandler.java:585)
	at org.springframework.web.servlet.mvc.HttpRequestHandlerAdapter.handle(HttpRequestHandlerAdapter.java:52)
	at org.springframework.web.servlet.DispatcherServlet.doDispatch(DispatcherServlet.java:1089)
	at org.springframework.web.servlet.DispatcherServlet.doService(DispatcherServlet.java:979)
	at org.springframework.web.servlet.FrameworkServlet.processRequest(FrameworkServlet.java:1014)
	at org.springframework.web.servlet.FrameworkServlet.doGet(FrameworkServlet.java:903)
	at jakarta.servlet.http.HttpServlet.service(HttpServlet.java:564)
	at org.springframework.web.servlet.FrameworkServlet.service(FrameworkServlet.java:885)
	at jakarta.servlet.http.HttpServlet.service(HttpServlet.java:658)
	at org.apache.catalina.core.ApplicationFilterChain.internalDoFilter(ApplicationFilterChain.java:195)
	at org.apache.catalina.core.ApplicationFilterChain.doFilter(ApplicationFilterChain.java:140)
	at org.apache.tomcat.websocket.server.WsFilter.doFilter(WsFilter.java:51)
	at org.apache.catalina.core.ApplicationFilterChain.internalDoFilter(ApplicationFilterChain.java:164)
	at org.apache.catalina.core.ApplicationFilterChain.doFilter(ApplicationFilterChain.java:140)
	at org.springframework.web.filter.CompositeFilter$VirtualFilterChain.doFilter(CompositeFilter.java:108)
	at org.springframework.web.filter.CompositeFilter$VirtualFilterChain.doFilter(CompositeFilter.java:108)
	at org.springframework.security.web.FilterChainProxy.lambda$doFilterInternal$3(FilterChainProxy.java:231)
	at org.springframework.security.web.FilterChainProxy$VirtualFilterChain.doFilter(FilterChainProxy.java:365)
	at org.springframework.security.web.access.intercept.AuthorizationFilter.doFilter(AuthorizationFilter.java:101)
	at org.springframework.security.web.FilterChainProxy$VirtualFilterChain.doFilter(FilterChainProxy.java:374)
	at org.springframework.security.web.access.ExceptionTranslationFilter.doFilter(ExceptionTranslationFilter.java:125)
	at org.springframework.security.web.access.ExceptionTranslationFilter.doFilter(ExceptionTranslationFilter.java:119)
	at org.springframework.security.web.FilterChainProxy$VirtualFilterChain.doFilter(FilterChainProxy.java:374)
	at org.springframework.security.web.authentication.AnonymousAuthenticationFilter.doFilter(AnonymousAuthenticationFilter.java:100)
	at org.springframework.security.web.FilterChainProxy$VirtualFilterChain.doFilter(FilterChainProxy.java:374)
	at org.springframework.security.web.servletapi.SecurityContextHolderAwareRequestFilter.doFilter(SecurityContextHolderAwareRequestFilter.java:179)
	at org.springframework.security.web.FilterChainProxy$VirtualFilterChain.doFilter(FilterChainProxy.java:374)
	at org.springframework.security.web.savedrequest.RequestCacheAwareFilter.doFilter(RequestCacheAwareFilter.java:63)
	at org.springframework.security.web.FilterChainProxy$VirtualFilterChain.doFilter(FilterChainProxy.java:374)
	at org.springframework.security.web.authentication.logout.LogoutFilter.doFilter(LogoutFilter.java:107)
	at org.springframework.security.web.authentication.logout.LogoutFilter.doFilter(LogoutFilter.java:93)
	at org.springframework.security.web.FilterChainProxy$VirtualFilterChain.doFilter(FilterChainProxy.java:374)
	at org.springframework.web.filter.CorsFilter.doFilterInternal(CorsFilter.java:91)
	at org.springframework.web.filter.OncePerRequestFilter.doFilter(OncePerRequestFilter.java:116)
	at org.springframework.security.web.FilterChainProxy$VirtualFilterChain.doFilter(FilterChainProxy.java:374)
	at org.springframework.security.web.header.HeaderWriterFilter.doHeadersAfter(HeaderWriterFilter.java:90)
	at org.springframework.security.web.header.HeaderWriterFilter.doFilterInternal(HeaderWriterFilter.java:75)
	at org.springframework.web.filter.OncePerRequestFilter.doFilter(OncePerRequestFilter.java:116)
	at org.springframework.security.web.FilterChainProxy$VirtualFilterChain.doFilter(FilterChainProxy.java:374)
	at org.springframework.security.web.context.SecurityContextHolderFilter.doFilter(SecurityContextHolderFilter.java:82)
	at org.springframework.security.web.context.SecurityContextHolderFilter.doFilter(SecurityContextHolderFilter.java:69)
	at org.springframework.security.web.FilterChainProxy$VirtualFilterChain.doFilter(FilterChainProxy.java:374)
	at org.springframework.security.web.context.request.async.WebAsyncManagerIntegrationFilter.doFilterInternal(WebAsyncManagerIntegrationFilter.java:62)
	at org.springframework.web.filter.OncePerRequestFilter.doFilter(OncePerRequestFilter.java:116)
	at org.springframework.security.web.FilterChainProxy$VirtualFilterChain.doFilter(FilterChainProxy.java:374)
	at org.springframework.security.web.session.DisableEncodeUrlFilter.doFilterInternal(DisableEncodeUrlFilter.java:42)
	at org.springframework.web.filter.OncePerRequestFilter.doFilter(OncePerRequestFilter.java:116)
	at org.springframework.security.web.FilterChainProxy$VirtualFilterChain.doFilter(FilterChainProxy.java:374)
	at org.springframework.security.web.FilterChainProxy.doFilterInternal(FilterChainProxy.java:233)
	at org.springframework.security.web.FilterChainProxy.doFilter(FilterChainProxy.java:191)
	at org.springframework.web.filter.CompositeFilter$VirtualFilterChain.doFilter(CompositeFilter.java:113)
	at org.springframework.web.filter.ServletRequestPathFilter.doFilter(ServletRequestPathFilter.java:52)
	at org.springframework.web.filter.CompositeFilter$VirtualFilterChain.doFilter(CompositeFilter.java:113)
	at org.springframework.web.filter.CompositeFilter.doFilter(CompositeFilter.java:74)
	at org.springframework.security.config.annotation.web.configuration.WebSecurityConfiguration$CompositeFilterChainProxy.doFilter(WebSecurityConfiguration.java:319)
	at org.springframework.web.filter.CompositeFilter$VirtualFilterChain.doFilter(CompositeFilter.java:113)
	at org.springframework.web.servlet.handler.HandlerMappingIntrospector.lambda$createCacheFilter$4(HandlerMappingIntrospector.java:267)
	at org.springframework.web.filter.CompositeFilter$VirtualFilterChain.doFilter(CompositeFilter.java:113)
	at org.springframework.web.filter.CompositeFilter.doFilter(CompositeFilter.java:74)
	at org.springframework.security.config.annotation.web.configuration.WebMvcSecurityConfiguration$CompositeFilterChainProxy.doFilter(WebMvcSecurityConfiguration.java:240)
	at org.springframework.web.filter.DelegatingFilterProxy.invokeDelegate(DelegatingFilterProxy.java:362)
	at org.springframework.web.filter.DelegatingFilterProxy.doFilter(DelegatingFilterProxy.java:278)
	at org.apache.catalina.core.ApplicationFilterChain.internalDoFilter(ApplicationFilterChain.java:164)
	at org.apache.catalina.core.ApplicationFilterChain.doFilter(ApplicationFilterChain.java:140)
	at org.springframework.web.filter.RequestContextFilter.doFilterInternal(RequestContextFilter.java:100)
	at org.springframework.web.filter.OncePerRequestFilter.doFilter(OncePerRequestFilter.java:116)
	at org.apache.catalina.core.ApplicationFilterChain.internalDoFilter(ApplicationFilterChain.java:164)
	at org.apache.catalina.core.ApplicationFilterChain.doFilter(ApplicationFilterChain.java:140)
	at org.springframework.web.filter.FormContentFilter.doFilterInternal(FormContentFilter.java:93)
	at org.springframework.web.filter.OncePerRequestFilter.doFilter(OncePerRequestFilter.java:116)
	at org.apache.catalina.core.ApplicationFilterChain.internalDoFilter(ApplicationFilterChain.java:164)
	at org.apache.catalina.core.ApplicationFilterChain.doFilter(ApplicationFilterChain.java:140)
	at org.springframework.web.filter.CharacterEncodingFilter.doFilterInternal(CharacterEncodingFilter.java:201)
	at org.springframework.web.filter.OncePerRequestFilter.doFilter(OncePerRequestFilter.java:116)
	at org.apache.catalina.core.ApplicationFilterChain.internalDoFilter(ApplicationFilterChain.java:164)
	at org.apache.catalina.core.ApplicationFilterChain.doFilter(ApplicationFilterChain.java:140)
	at org.apache.catalina.core.StandardWrapperValve.invoke(StandardWrapperValve.java:167)
	at org.apache.catalina.core.StandardContextValve.invoke(StandardContextValve.java:90)
	at org.apache.catalina.authenticator.AuthenticatorBase.invoke(AuthenticatorBase.java:483)
	at org.apache.catalina.core.StandardHostValve.invoke(StandardHostValve.java:116)
	at org.apache.catalina.valves.ErrorReportValve.invoke(ErrorReportValve.java:93)
	at org.apache.catalina.core.StandardEngineValve.invoke(StandardEngineValve.java:74)
	at org.apache.catalina.connector.CoyoteAdapter.service(CoyoteAdapter.java:344)
	at org.apache.coyote.http11.Http11Processor.service(Http11Processor.java:398)
	at org.apache.coyote.AbstractProcessorLight.process(AbstractProcessorLight.java:63)
	at org.apache.coyote.AbstractProtocol$ConnectionHandler.process(AbstractProtocol.java:903)
	at org.apache.tomcat.util.net.NioEndpoint$SocketProcessor.doRun(NioEndpoint.java:1769)
	at org.apache.tomcat.util.net.SocketProcessorBase.run(SocketProcessorBase.java:52)
	at org.apache.tomcat.util.threads.ThreadPoolExecutor.runWorker(ThreadPoolExecutor.java:1189)
	at org.apache.tomcat.util.threads.ThreadPoolExecutor$Worker.run(ThreadPoolExecutor.java:658)
	at org.apache.tomcat.util.threads.TaskThread$WrappingRunnable.run(TaskThread.java:63)
	at java.base/java.lang.Thread.run(Thread.java:1447)
2026-06-30 16:48:32 [http-nio-8080-exec-4] WARN  o.s.w.s.m.m.a.ExceptionHandlerExceptionResolver - Resolved [org.springframework.web.servlet.resource.NoResourceFoundException: No static resource styleClaroMenu.css.]
2026-06-30 16:48:32 [http-nio-8080-exec-4] TRACE o.s.web.servlet.DispatcherServlet - No view rendering, null ModelAndView returned.
2026-06-30 16:48:32 [http-nio-8080-exec-4] DEBUG o.s.web.servlet.DispatcherServlet - Completed 500 INTERNAL_SERVER_ERROR, headers={masked}
2026-06-30 16:48:32 [http-nio-8080-exec-8] TRACE o.s.web.servlet.DispatcherServlet - GET "/styleOscuroMenu.css", parameters={}, headers={masked} in DispatcherServlet 'dispatcherServlet'
2026-06-30 16:48:32 [http-nio-8080-exec-8] ERROR c.e.tienda_tech.advice.ApiErrors - [GET /styleOscuroMenu.css] Unhandled exception
org.springframework.web.servlet.resource.NoResourceFoundException: No static resource styleOscuroMenu.css.
	at org.springframework.web.servlet.resource.ResourceHttpRequestHandler.handleRequest(ResourceHttpRequestHandler.java:585)
	at org.springframework.web.servlet.mvc.HttpRequestHandlerAdapter.handle(HttpRequestHandlerAdapter.java:52)
	at org.springframework.web.servlet.DispatcherServlet.doDispatch(DispatcherServlet.java:1089)
	at org.springframework.web.servlet.DispatcherServlet.doService(DispatcherServlet.java:979)
	at org.springframework.web.servlet.FrameworkServlet.processRequest(FrameworkServlet.java:1014)
	at org.springframework.web.servlet.FrameworkServlet.doGet(FrameworkServlet.java:903)
	at jakarta.servlet.http.HttpServlet.service(HttpServlet.java:564)
	at org.springframework.web.servlet.FrameworkServlet.service(FrameworkServlet.java:885)
	at jakarta.servlet.http.HttpServlet.service(HttpServlet.java:658)
	at org.apache.catalina.core.ApplicationFilterChain.internalDoFilter(ApplicationFilterChain.java:195)
	at org.apache.catalina.core.ApplicationFilterChain.doFilter(ApplicationFilterChain.java:140)
	at org.apache.tomcat.websocket.server.WsFilter.doFilter(WsFilter.java:51)
	at org.apache.catalina.core.ApplicationFilterChain.internalDoFilter(ApplicationFilterChain.java:164)
	at org.apache.catalina.core.ApplicationFilterChain.doFilter(ApplicationFilterChain.java:140)
	at org.springframework.web.filter.CompositeFilter$VirtualFilterChain.doFilter(CompositeFilter.java:108)
	at org.springframework.web.filter.CompositeFilter$VirtualFilterChain.doFilter(CompositeFilter.java:108)
	at org.springframework.security.web.FilterChainProxy.lambda$doFilterInternal$3(FilterChainProxy.java:231)
	at org.springframework.security.web.FilterChainProxy$VirtualFilterChain.doFilter(FilterChainProxy.java:365)
	at org.springframework.security.web.access.intercept.AuthorizationFilter.doFilter(AuthorizationFilter.java:101)
	at org.springframework.security.web.FilterChainProxy$VirtualFilterChain.doFilter(FilterChainProxy.java:374)
	at org.springframework.security.web.access.ExceptionTranslationFilter.doFilter(ExceptionTranslationFilter.java:125)
	at org.springframework.security.web.access.ExceptionTranslationFilter.doFilter(ExceptionTranslationFilter.java:119)
	at org.springframework.security.web.FilterChainProxy$VirtualFilterChain.doFilter(FilterChainProxy.java:374)
	at org.springframework.security.web.authentication.AnonymousAuthenticationFilter.doFilter(AnonymousAuthenticationFilter.java:100)
	at org.springframework.security.web.FilterChainProxy$VirtualFilterChain.doFilter(FilterChainProxy.java:374)
	at org.springframework.security.web.servletapi.SecurityContextHolderAwareRequestFilter.doFilter(SecurityContextHolderAwareRequestFilter.java:179)
	at org.springframework.security.web.FilterChainProxy$VirtualFilterChain.doFilter(FilterChainProxy.java:374)
	at org.springframework.security.web.savedrequest.RequestCacheAwareFilter.doFilter(RequestCacheAwareFilter.java:63)
	at org.springframework.security.web.FilterChainProxy$VirtualFilterChain.doFilter(FilterChainProxy.java:374)
	at org.springframework.security.web.authentication.logout.LogoutFilter.doFilter(LogoutFilter.java:107)
	at org.springframework.security.web.authentication.logout.LogoutFilter.doFilter(LogoutFilter.java:93)
	at org.springframework.security.web.FilterChainProxy$VirtualFilterChain.doFilter(FilterChainProxy.java:374)
	at org.springframework.web.filter.CorsFilter.doFilterInternal(CorsFilter.java:91)
	at org.springframework.web.filter.OncePerRequestFilter.doFilter(OncePerRequestFilter.java:116)
	at org.springframework.security.web.FilterChainProxy$VirtualFilterChain.doFilter(FilterChainProxy.java:374)
	at org.springframework.security.web.header.HeaderWriterFilter.doHeadersAfter(HeaderWriterFilter.java:90)
	at org.springframework.security.web.header.HeaderWriterFilter.doFilterInternal(HeaderWriterFilter.java:75)
	at org.springframework.web.filter.OncePerRequestFilter.doFilter(OncePerRequestFilter.java:116)
	at org.springframework.security.web.FilterChainProxy$VirtualFilterChain.doFilter(FilterChainProxy.java:374)
	at org.springframework.security.web.context.SecurityContextHolderFilter.doFilter(SecurityContextHolderFilter.java:82)
	at org.springframework.security.web.context.SecurityContextHolderFilter.doFilter(SecurityContextHolderFilter.java:69)
	at org.springframework.security.web.FilterChainProxy$VirtualFilterChain.doFilter(FilterChainProxy.java:374)
	at org.springframework.security.web.context.request.async.WebAsyncManagerIntegrationFilter.doFilterInternal(WebAsyncManagerIntegrationFilter.java:62)
	at org.springframework.web.filter.OncePerRequestFilter.doFilter(OncePerRequestFilter.java:116)
	at org.springframework.security.web.FilterChainProxy$VirtualFilterChain.doFilter(FilterChainProxy.java:374)
	at org.springframework.security.web.session.DisableEncodeUrlFilter.doFilterInternal(DisableEncodeUrlFilter.java:42)
	at org.springframework.web.filter.OncePerRequestFilter.doFilter(OncePerRequestFilter.java:116)
	at org.springframework.security.web.FilterChainProxy$VirtualFilterChain.doFilter(FilterChainProxy.java:374)
	at org.springframework.security.web.FilterChainProxy.doFilterInternal(FilterChainProxy.java:233)
	at org.springframework.security.web.FilterChainProxy.doFilter(FilterChainProxy.java:191)
	at org.springframework.web.filter.CompositeFilter$VirtualFilterChain.doFilter(CompositeFilter.java:113)
	at org.springframework.web.filter.ServletRequestPathFilter.doFilter(ServletRequestPathFilter.java:52)
	at org.springframework.web.filter.CompositeFilter$VirtualFilterChain.doFilter(CompositeFilter.java:113)
	at org.springframework.web.filter.CompositeFilter.doFilter(CompositeFilter.java:74)
	at org.springframework.security.config.annotation.web.configuration.WebSecurityConfiguration$CompositeFilterChainProxy.doFilter(WebSecurityConfiguration.java:319)
	at org.springframework.web.filter.CompositeFilter$VirtualFilterChain.doFilter(CompositeFilter.java:113)
	at org.springframework.web.servlet.handler.HandlerMappingIntrospector.lambda$createCacheFilter$4(HandlerMappingIntrospector.java:267)
	at org.springframework.web.filter.CompositeFilter$VirtualFilterChain.doFilter(CompositeFilter.java:113)
	at org.springframework.web.filter.CompositeFilter.doFilter(CompositeFilter.java:74)
	at org.springframework.security.config.annotation.web.configuration.WebMvcSecurityConfiguration$CompositeFilterChainProxy.doFilter(WebMvcSecurityConfiguration.java:240)
	at org.springframework.web.filter.DelegatingFilterProxy.invokeDelegate(DelegatingFilterProxy.java:362)
	at org.springframework.web.filter.DelegatingFilterProxy.doFilter(DelegatingFilterProxy.java:278)
	at org.apache.catalina.core.ApplicationFilterChain.internalDoFilter(ApplicationFilterChain.java:164)
	at org.apache.catalina.core.ApplicationFilterChain.doFilter(ApplicationFilterChain.java:140)
	at org.springframework.web.filter.RequestContextFilter.doFilterInternal(RequestContextFilter.java:100)
	at org.springframework.web.filter.OncePerRequestFilter.doFilter(OncePerRequestFilter.java:116)
	at org.apache.catalina.core.ApplicationFilterChain.internalDoFilter(ApplicationFilterChain.java:164)
	at org.apache.catalina.core.ApplicationFilterChain.doFilter(ApplicationFilterChain.java:140)
	at org.springframework.web.filter.FormContentFilter.doFilterInternal(FormContentFilter.java:93)
	at org.springframework.web.filter.OncePerRequestFilter.doFilter(OncePerRequestFilter.java:116)
	at org.apache.catalina.core.ApplicationFilterChain.internalDoFilter(ApplicationFilterChain.java:164)
	at org.apache.catalina.core.ApplicationFilterChain.doFilter(ApplicationFilterChain.java:140)
	at org.springframework.web.filter.CharacterEncodingFilter.doFilterInternal(CharacterEncodingFilter.java:201)
	at org.springframework.web.filter.OncePerRequestFilter.doFilter(OncePerRequestFilter.java:116)
	at org.apache.catalina.core.ApplicationFilterChain.internalDoFilter(ApplicationFilterChain.java:164)
	at org.apache.catalina.core.ApplicationFilterChain.doFilter(ApplicationFilterChain.java:140)
	at org.apache.catalina.core.StandardWrapperValve.invoke(StandardWrapperValve.java:167)
	at org.apache.catalina.core.StandardContextValve.invoke(StandardContextValve.java:90)
	at org.apache.catalina.authenticator.AuthenticatorBase.invoke(AuthenticatorBase.java:483)
	at org.apache.catalina.core.StandardHostValve.invoke(StandardHostValve.java:116)
	at org.apache.catalina.valves.ErrorReportValve.invoke(ErrorReportValve.java:93)
	at org.apache.catalina.core.StandardEngineValve.invoke(StandardEngineValve.java:74)
	at org.apache.catalina.connector.CoyoteAdapter.service(CoyoteAdapter.java:344)
	at org.apache.coyote.http11.Http11Processor.service(Http11Processor.java:398)
	at org.apache.coyote.AbstractProcessorLight.process(AbstractProcessorLight.java:63)
	at org.apache.coyote.AbstractProtocol$ConnectionHandler.process(AbstractProtocol.java:903)
	at org.apache.tomcat.util.net.NioEndpoint$SocketProcessor.doRun(NioEndpoint.java:1769)
	at org.apache.tomcat.util.net.SocketProcessorBase.run(SocketProcessorBase.java:52)
	at org.apache.tomcat.util.threads.ThreadPoolExecutor.runWorker(ThreadPoolExecutor.java:1189)
	at org.apache.tomcat.util.threads.ThreadPoolExecutor$Worker.run(ThreadPoolExecutor.java:658)
	at org.apache.tomcat.util.threads.TaskThread$WrappingRunnable.run(TaskThread.java:63)
	at java.base/java.lang.Thread.run(Thread.java:1447)
2026-06-30 16:48:32 [http-nio-8080-exec-8] WARN  o.s.w.s.m.m.a.ExceptionHandlerExceptionResolver - Resolved [org.springframework.web.servlet.resource.NoResourceFoundException: No static resource styleOscuroMenu.css.]
2026-06-30 16:48:32 [http-nio-8080-exec-8] TRACE o.s.web.servlet.DispatcherServlet - No view rendering, null ModelAndView returned.
2026-06-30 16:48:32 [http-nio-8080-exec-8] DEBUG o.s.web.servlet.DispatcherServlet - Completed 500 INTERNAL_SERVER_ERROR, headers={masked}
2026-06-30 16:48:32 [http-nio-8080-exec-5] TRACE o.s.web.servlet.DispatcherServlet - GET "/api/productos/por-categoria?categoriaId=2", parameters={masked}, headers={masked} in DispatcherServlet 'dispatcherServlet'
2026-06-30 16:48:32 [http-nio-8080-exec-5] TRACE o.s.w.s.m.m.a.RequestMappingHandlerMapping - Mapped to com.example.tienda_tech.controller.ProductoQueryController#porCategoria(Integer, Integer)
2026-06-30 16:48:32 [http-nio-8080-exec-5] TRACE o.s.web.servlet.DispatcherServlet - No view rendering, null ModelAndView returned.
2026-06-30 16:48:32 [http-nio-8080-exec-5] DEBUG o.s.web.servlet.DispatcherServlet - Completed 200 OK, headers={masked}
2026-06-30 16:48:37 [http-nio-8080-exec-3] TRACE o.s.web.servlet.DispatcherServlet - GET "/index.html", parameters={}, headers={masked} in DispatcherServlet 'dispatcherServlet'
2026-06-30 16:48:37 [http-nio-8080-exec-3] TRACE o.s.web.servlet.DispatcherServlet - No view rendering, null ModelAndView returned.
2026-06-30 16:48:37 [http-nio-8080-exec-3] DEBUG o.s.web.servlet.DispatcherServlet - Completed 200 OK, headers={masked}
2026-06-30 16:48:37 [http-nio-8080-exec-1] TRACE o.s.web.servlet.DispatcherServlet - GET "/css/styleClaroMenu.css", parameters={}, headers={masked} in DispatcherServlet 'dispatcherServlet'
2026-06-30 16:48:37 [http-nio-8080-exec-2] TRACE o.s.web.servlet.DispatcherServlet - GET "/js/auth-menu.js?v=4", parameters={masked}, headers={masked} in DispatcherServlet 'dispatcherServlet'
2026-06-30 16:48:37 [http-nio-8080-exec-1] TRACE o.s.web.servlet.DispatcherServlet - No view rendering, null ModelAndView returned.
2026-06-30 16:48:37 [http-nio-8080-exec-2] TRACE o.s.web.servlet.DispatcherServlet - No view rendering, null ModelAndView returned.
2026-06-30 16:48:37 [http-nio-8080-exec-1] DEBUG o.s.web.servlet.DispatcherServlet - Completed 200 OK, headers={masked}
2026-06-30 16:48:37 [http-nio-8080-exec-2] DEBUG o.s.web.servlet.DispatcherServlet - Completed 200 OK, headers={masked}
2026-06-30 16:48:37 [http-nio-8080-exec-10] TRACE o.s.web.servlet.DispatcherServlet - GET "/api/categorias", parameters={}, headers={masked} in DispatcherServlet 'dispatcherServlet'
2026-06-30 16:48:37 [http-nio-8080-exec-10] TRACE o.s.w.s.m.m.a.RequestMappingHandlerMapping - Mapped to com.example.tienda_tech.controller.CategoriaController#listar()
2026-06-30 16:48:37 [http-nio-8080-exec-6] TRACE o.s.web.servlet.DispatcherServlet - GET "/assets/menu/img1.jpg", parameters={}, headers={masked} in DispatcherServlet 'dispatcherServlet'
2026-06-30 16:48:37 [http-nio-8080-exec-7] TRACE o.s.web.servlet.DispatcherServlet - GET "/css/styleOscuroMenu.css", parameters={}, headers={masked} in DispatcherServlet 'dispatcherServlet'
2026-06-30 16:48:37 [http-nio-8080-exec-10] TRACE o.s.web.servlet.DispatcherServlet - No view rendering, null ModelAndView returned.
2026-06-30 16:48:37 [http-nio-8080-exec-10] DEBUG o.s.web.servlet.DispatcherServlet - Completed 200 OK, headers={masked}
2026-06-30 16:48:37 [http-nio-8080-exec-6] TRACE o.s.web.servlet.DispatcherServlet - No view rendering, null ModelAndView returned.
2026-06-30 16:48:37 [http-nio-8080-exec-7] TRACE o.s.web.servlet.DispatcherServlet - No view rendering, null ModelAndView returned.
2026-06-30 16:48:37 [http-nio-8080-exec-6] DEBUG o.s.web.servlet.DispatcherServlet - Completed 200 OK, headers={masked}
2026-06-30 16:48:37 [http-nio-8080-exec-7] DEBUG o.s.web.servlet.DispatcherServlet - Completed 200 OK, headers={masked}
2026-06-30 16:48:37 [http-nio-8080-exec-9] TRACE o.s.web.servlet.DispatcherServlet - GET "/api/productos/recientes-menu", parameters={}, headers={masked} in DispatcherServlet 'dispatcherServlet'
2026-06-30 16:48:37 [http-nio-8080-exec-4] TRACE o.s.web.servlet.DispatcherServlet - GET "/assets/menu/img3.jpg", parameters={}, headers={masked} in DispatcherServlet 'dispatcherServlet'
2026-06-30 16:48:37 [http-nio-8080-exec-9] TRACE o.s.w.s.m.m.a.RequestMappingHandlerMapping - Mapped to com.example.tienda_tech.controller.HomeController#recientesMenu(int)
2026-06-30 16:48:37 [http-nio-8080-exec-8] TRACE o.s.web.servlet.DispatcherServlet - GET "/assets/menu/img2.jpg", parameters={}, headers={masked} in DispatcherServlet 'dispatcherServlet'
2026-06-30 16:48:37 [http-nio-8080-exec-4] TRACE o.s.web.servlet.DispatcherServlet - No view rendering, null ModelAndView returned.
2026-06-30 16:48:37 [http-nio-8080-exec-4] DEBUG o.s.web.servlet.DispatcherServlet - Completed 200 OK, headers={masked}
2026-06-30 16:48:37 [http-nio-8080-exec-8] TRACE o.s.web.servlet.DispatcherServlet - No view rendering, null ModelAndView returned.
2026-06-30 16:48:37 [http-nio-8080-exec-8] DEBUG o.s.web.servlet.DispatcherServlet - Completed 200 OK, headers={masked}
2026-06-30 16:48:37 [http-nio-8080-exec-9] TRACE o.s.web.servlet.DispatcherServlet - No view rendering, null ModelAndView returned.
2026-06-30 16:48:37 [http-nio-8080-exec-9] DEBUG o.s.web.servlet.DispatcherServlet - Completed 200 OK, headers={masked}
2026-06-30 16:48:37 [http-nio-8080-exec-1] TRACE o.s.w.s.m.m.a.RequestMappingHandlerMapping - 2 matching mappings: [{HEAD [/api/galeria/{galeriaId}/contenido]}, {GET [/api/galeria/{galeriaId}/contenido]}]
2026-06-30 16:48:37 [http-nio-8080-exec-3] TRACE o.s.w.s.m.m.a.RequestMappingHandlerMapping - 2 matching mappings: [{HEAD [/api/galeria/{galeriaId}/contenido]}, {GET [/api/galeria/{galeriaId}/contenido]}]
2026-06-30 16:48:37 [http-nio-8080-exec-2] TRACE o.s.w.s.m.m.a.RequestMappingHandlerMapping - 2 matching mappings: [{HEAD [/api/galeria/{galeriaId}/contenido]}, {GET [/api/galeria/{galeriaId}/contenido]}]
2026-06-30 16:48:37 [http-nio-8080-exec-5] TRACE o.s.w.s.m.m.a.RequestMappingHandlerMapping - 2 matching mappings: [{HEAD [/api/galeria/{galeriaId}/contenido]}, {GET [/api/galeria/{galeriaId}/contenido]}]
2026-06-30 16:48:37 [http-nio-8080-exec-3] TRACE o.s.web.servlet.DispatcherServlet - HEAD "/api/galeria/303/contenido", parameters={}, headers={masked} in DispatcherServlet 'dispatcherServlet'
2026-06-30 16:48:37 [http-nio-8080-exec-5] TRACE o.s.web.servlet.DispatcherServlet - HEAD "/api/galeria/312/contenido", parameters={}, headers={masked} in DispatcherServlet 'dispatcherServlet'
2026-06-30 16:48:37 [http-nio-8080-exec-1] TRACE o.s.web.servlet.DispatcherServlet - HEAD "/api/galeria/292/contenido", parameters={}, headers={masked} in DispatcherServlet 'dispatcherServlet'
2026-06-30 16:48:37 [http-nio-8080-exec-2] TRACE o.s.web.servlet.DispatcherServlet - HEAD "/api/galeria/264/contenido", parameters={}, headers={masked} in DispatcherServlet 'dispatcherServlet'
2026-06-30 16:48:37 [http-nio-8080-exec-3] TRACE o.s.w.s.m.m.a.RequestMappingHandlerMapping - 2 matching mappings: [{HEAD [/api/galeria/{galeriaId}/contenido]}, {GET [/api/galeria/{galeriaId}/contenido]}]
2026-06-30 16:48:37 [http-nio-8080-exec-3] TRACE o.s.w.s.m.m.a.RequestMappingHandlerMapping - Mapped to com.example.tienda_tech.controller.GaleriaCompatController#headLegacy(Integer)
2026-06-30 16:48:37 [http-nio-8080-exec-2] TRACE o.s.w.s.m.m.a.RequestMappingHandlerMapping - 2 matching mappings: [{HEAD [/api/galeria/{galeriaId}/contenido]}, {GET [/api/galeria/{galeriaId}/contenido]}]
2026-06-30 16:48:37 [http-nio-8080-exec-10] TRACE o.s.w.s.m.m.a.RequestMappingHandlerMapping - 2 matching mappings: [{HEAD [/api/galeria/{galeriaId}/contenido]}, {GET [/api/galeria/{galeriaId}/contenido]}]
2026-06-30 16:48:37 [http-nio-8080-exec-2] TRACE o.s.w.s.m.m.a.RequestMappingHandlerMapping - Mapped to com.example.tienda_tech.controller.GaleriaCompatController#headLegacy(Integer)
2026-06-30 16:48:37 [http-nio-8080-exec-1] TRACE o.s.w.s.m.m.a.RequestMappingHandlerMapping - 2 matching mappings: [{HEAD [/api/galeria/{galeriaId}/contenido]}, {GET [/api/galeria/{galeriaId}/contenido]}]
2026-06-30 16:48:37 [http-nio-8080-exec-5] TRACE o.s.w.s.m.m.a.RequestMappingHandlerMapping - 2 matching mappings: [{HEAD [/api/galeria/{galeriaId}/contenido]}, {GET [/api/galeria/{galeriaId}/contenido]}]
2026-06-30 16:48:37 [http-nio-8080-exec-10] TRACE o.s.web.servlet.DispatcherServlet - HEAD "/api/galeria/244/contenido", parameters={}, headers={masked} in DispatcherServlet 'dispatcherServlet'
2026-06-30 16:48:37 [http-nio-8080-exec-1] TRACE o.s.w.s.m.m.a.RequestMappingHandlerMapping - Mapped to com.example.tienda_tech.controller.GaleriaCompatController#headLegacy(Integer)
2026-06-30 16:48:37 [http-nio-8080-exec-5] TRACE o.s.w.s.m.m.a.RequestMappingHandlerMapping - Mapped to com.example.tienda_tech.controller.GaleriaCompatController#headLegacy(Integer)
2026-06-30 16:48:37 [http-nio-8080-exec-10] TRACE o.s.w.s.m.m.a.RequestMappingHandlerMapping - 2 matching mappings: [{HEAD [/api/galeria/{galeriaId}/contenido]}, {GET [/api/galeria/{galeriaId}/contenido]}]
2026-06-30 16:48:37 [http-nio-8080-exec-10] TRACE o.s.w.s.m.m.a.RequestMappingHandlerMapping - Mapped to com.example.tienda_tech.controller.GaleriaCompatController#headLegacy(Integer)
2026-06-30 16:48:37 [http-nio-8080-exec-2] TRACE o.s.web.servlet.DispatcherServlet - No view rendering, null ModelAndView returned.
2026-06-30 16:48:37 [http-nio-8080-exec-3] TRACE o.s.web.servlet.DispatcherServlet - No view rendering, null ModelAndView returned.
2026-06-30 16:48:37 [http-nio-8080-exec-5] TRACE o.s.web.servlet.DispatcherServlet - No view rendering, null ModelAndView returned.
2026-06-30 16:48:37 [http-nio-8080-exec-5] DEBUG o.s.web.servlet.DispatcherServlet - Completed 200 OK, headers={masked}
2026-06-30 16:48:37 [http-nio-8080-exec-3] DEBUG o.s.web.servlet.DispatcherServlet - Completed 200 OK, headers={masked}
2026-06-30 16:48:37 [http-nio-8080-exec-2] DEBUG o.s.web.servlet.DispatcherServlet - Completed 200 OK, headers={masked}
2026-06-30 16:48:37 [http-nio-8080-exec-10] TRACE o.s.web.servlet.DispatcherServlet - No view rendering, null ModelAndView returned.
2026-06-30 16:48:37 [http-nio-8080-exec-10] DEBUG o.s.web.servlet.DispatcherServlet - Completed 200 OK, headers={masked}
2026-06-30 16:48:37 [http-nio-8080-exec-1] TRACE o.s.web.servlet.DispatcherServlet - No view rendering, null ModelAndView returned.
2026-06-30 16:48:37 [http-nio-8080-exec-1] DEBUG o.s.web.servlet.DispatcherServlet - Completed 200 OK, headers={masked}
2026-06-30 16:48:37 [http-nio-8080-exec-6] TRACE o.s.web.servlet.DispatcherServlet - GET "/api/galeria/312/contenido", parameters={}, headers={masked} in DispatcherServlet 'dispatcherServlet'
2026-06-30 16:48:37 [http-nio-8080-exec-6] TRACE o.s.w.s.m.m.a.RequestMappingHandlerMapping - Mapped to com.example.tienda_tech.controller.GaleriaCompatController#contenidoLegacy(Integer)
2026-06-30 16:48:37 [http-nio-8080-exec-7] TRACE o.s.web.servlet.DispatcherServlet - GET "/api/galeria/303/contenido", parameters={}, headers={masked} in DispatcherServlet 'dispatcherServlet'
2026-06-30 16:48:37 [http-nio-8080-exec-7] TRACE o.s.w.s.m.m.a.RequestMappingHandlerMapping - Mapped to com.example.tienda_tech.controller.GaleriaCompatController#contenidoLegacy(Integer)
2026-06-30 16:48:37 [http-nio-8080-exec-6] TRACE o.s.web.servlet.DispatcherServlet - No view rendering, null ModelAndView returned.
2026-06-30 16:48:37 [http-nio-8080-exec-7] TRACE o.s.web.servlet.DispatcherServlet - No view rendering, null ModelAndView returned.
2026-06-30 16:48:37 [http-nio-8080-exec-6] DEBUG o.s.web.servlet.DispatcherServlet - Completed 200 OK, headers={masked}
2026-06-30 16:48:37 [http-nio-8080-exec-7] DEBUG o.s.web.servlet.DispatcherServlet - Completed 200 OK, headers={masked}
2026-06-30 16:48:39 [http-nio-8080-exec-4] TRACE o.s.web.servlet.DispatcherServlet - GET "/Armado.html", parameters={}, headers={masked} in DispatcherServlet 'dispatcherServlet'
2026-06-30 16:48:39 [http-nio-8080-exec-4] TRACE o.s.web.servlet.DispatcherServlet - No view rendering, null ModelAndView returned.
2026-06-30 16:48:39 [http-nio-8080-exec-4] DEBUG o.s.web.servlet.DispatcherServlet - Completed 200 OK, headers={masked}
2026-06-30 16:48:39 [http-nio-8080-exec-8] TRACE o.s.web.servlet.DispatcherServlet - GET "/css/styleClaroMenu.css", parameters={}, headers={masked} in DispatcherServlet 'dispatcherServlet'
2026-06-30 16:48:39 [http-nio-8080-exec-9] TRACE o.s.web.servlet.DispatcherServlet - GET "/js/auth-menu.js?v=4", parameters={masked}, headers={masked} in DispatcherServlet 'dispatcherServlet'
2026-06-30 16:48:39 [http-nio-8080-exec-8] TRACE o.s.web.servlet.DispatcherServlet - No view rendering, null ModelAndView returned.
2026-06-30 16:48:39 [http-nio-8080-exec-8] DEBUG o.s.web.servlet.DispatcherServlet - Completed 200 OK, headers={masked}
2026-06-30 16:48:39 [http-nio-8080-exec-9] TRACE o.s.web.servlet.DispatcherServlet - No view rendering, null ModelAndView returned.
2026-06-30 16:48:39 [http-nio-8080-exec-9] DEBUG o.s.web.servlet.DispatcherServlet - Completed 200 OK, headers={masked}
2026-06-30 16:48:39 [http-nio-8080-exec-5] TRACE o.s.web.servlet.DispatcherServlet - GET "/assets/Iconos/chit.png", parameters={}, headers={masked} in DispatcherServlet 'dispatcherServlet'
2026-06-30 16:48:39 [http-nio-8080-exec-3] TRACE o.s.web.servlet.DispatcherServlet - GET "/assets/Iconos/Ventilador.png", parameters={}, headers={masked} in DispatcherServlet 'dispatcherServlet'
2026-06-30 16:48:39 [http-nio-8080-exec-2] TRACE o.s.web.servlet.DispatcherServlet - GET "/assets/Iconos/TarjetaGrafica.png", parameters={}, headers={masked} in DispatcherServlet 'dispatcherServlet'
2026-06-30 16:48:39 [http-nio-8080-exec-10] TRACE o.s.web.servlet.DispatcherServlet - GET "/assets/Iconos/Ram.png", parameters={}, headers={masked} in DispatcherServlet 'dispatcherServlet'
2026-06-30 16:48:39 [http-nio-8080-exec-6] TRACE o.s.web.servlet.DispatcherServlet - GET "/assets/Iconos/Motherboard.png", parameters={}, headers={masked} in DispatcherServlet 'dispatcherServlet'
2026-06-30 16:48:39 [http-nio-8080-exec-1] TRACE o.s.web.servlet.DispatcherServlet - GET "/assets/Iconos/Case.png", parameters={}, headers={masked} in DispatcherServlet 'dispatcherServlet'
2026-06-30 16:48:39 [http-nio-8080-exec-2] TRACE o.s.web.servlet.DispatcherServlet - No view rendering, null ModelAndView returned.
2026-06-30 16:48:39 [http-nio-8080-exec-3] TRACE o.s.web.servlet.DispatcherServlet - No view rendering, null ModelAndView returned.
2026-06-30 16:48:39 [http-nio-8080-exec-3] DEBUG o.s.web.servlet.DispatcherServlet - Completed 200 OK, headers={masked}
2026-06-30 16:48:39 [http-nio-8080-exec-2] DEBUG o.s.web.servlet.DispatcherServlet - Completed 200 OK, headers={masked}
2026-06-30 16:48:39 [http-nio-8080-exec-5] TRACE o.s.web.servlet.DispatcherServlet - No view rendering, null ModelAndView returned.
2026-06-30 16:48:39 [http-nio-8080-exec-10] TRACE o.s.web.servlet.DispatcherServlet - No view rendering, null ModelAndView returned.
2026-06-30 16:48:39 [http-nio-8080-exec-5] DEBUG o.s.web.servlet.DispatcherServlet - Completed 200 OK, headers={masked}
2026-06-30 16:48:39 [http-nio-8080-exec-10] DEBUG o.s.web.servlet.DispatcherServlet - Completed 200 OK, headers={masked}
2026-06-30 16:48:39 [http-nio-8080-exec-10] TRACE o.s.web.servlet.DispatcherServlet - GET "/assets/Iconos/Perifericos.png", parameters={}, headers={masked} in DispatcherServlet 'dispatcherServlet'
2026-06-30 16:48:39 [http-nio-8080-exec-2] TRACE o.s.web.servlet.DispatcherServlet - GET "/assets/Iconos/FuenteDePoder.png", parameters={}, headers={masked} in DispatcherServlet 'dispatcherServlet'
2026-06-30 16:48:39 [http-nio-8080-exec-7] TRACE o.s.web.servlet.DispatcherServlet - GET "/assets/Iconos/Almacenamiento.png", parameters={}, headers={masked} in DispatcherServlet 'dispatcherServlet'
2026-06-30 16:48:39 [http-nio-8080-exec-6] TRACE o.s.web.servlet.DispatcherServlet - No view rendering, null ModelAndView returned.
2026-06-30 16:48:39 [http-nio-8080-exec-6] DEBUG o.s.web.servlet.DispatcherServlet - Completed 200 OK, headers={masked}
2026-06-30 16:48:39 [http-nio-8080-exec-1] TRACE o.s.web.servlet.DispatcherServlet - No view rendering, null ModelAndView returned.
2026-06-30 16:48:39 [http-nio-8080-exec-1] DEBUG o.s.web.servlet.DispatcherServlet - Completed 200 OK, headers={masked}
2026-06-30 16:48:39 [http-nio-8080-exec-7] TRACE o.s.web.servlet.DispatcherServlet - No view rendering, null ModelAndView returned.
2026-06-30 16:48:39 [http-nio-8080-exec-2] TRACE o.s.web.servlet.DispatcherServlet - No view rendering, null ModelAndView returned.
2026-06-30 16:48:39 [http-nio-8080-exec-10] TRACE o.s.web.servlet.DispatcherServlet - No view rendering, null ModelAndView returned.
2026-06-30 16:48:39 [http-nio-8080-exec-7] DEBUG o.s.web.servlet.DispatcherServlet - Completed 200 OK, headers={masked}
2026-06-30 16:48:39 [http-nio-8080-exec-2] DEBUG o.s.web.servlet.DispatcherServlet - Completed 200 OK, headers={masked}
2026-06-30 16:48:39 [http-nio-8080-exec-10] DEBUG o.s.web.servlet.DispatcherServlet - Completed 200 OK, headers={masked}
2026-06-30 16:48:39 [http-nio-8080-exec-8] TRACE o.s.web.servlet.DispatcherServlet - GET "/css/styleOscuroMenu.css", parameters={}, headers={masked} in DispatcherServlet 'dispatcherServlet'
2026-06-30 16:48:39 [http-nio-8080-exec-8] TRACE o.s.web.servlet.DispatcherServlet - No view rendering, null ModelAndView returned.
2026-06-30 16:48:39 [http-nio-8080-exec-8] DEBUG o.s.web.servlet.DispatcherServlet - Completed 200 OK, headers={masked}
2026-06-30 16:48:43 [http-nio-8080-exec-9] TRACE o.s.web.servlet.DispatcherServlet - GET "/index.html", parameters={}, headers={masked} in DispatcherServlet 'dispatcherServlet'
2026-06-30 16:48:43 [http-nio-8080-exec-9] TRACE o.s.web.servlet.DispatcherServlet - No view rendering, null ModelAndView returned.
2026-06-30 16:48:43 [http-nio-8080-exec-9] DEBUG o.s.web.servlet.DispatcherServlet - Completed 200 OK, headers={masked}
2026-06-30 16:48:43 [http-nio-8080-exec-3] TRACE o.s.web.servlet.DispatcherServlet - GET "/css/styleClaroMenu.css", parameters={}, headers={masked} in DispatcherServlet 'dispatcherServlet'
2026-06-30 16:48:43 [http-nio-8080-exec-5] TRACE o.s.web.servlet.DispatcherServlet - GET "/js/auth-menu.js?v=4", parameters={masked}, headers={masked} in DispatcherServlet 'dispatcherServlet'
2026-06-30 16:48:43 [http-nio-8080-exec-5] TRACE o.s.web.servlet.DispatcherServlet - No view rendering, null ModelAndView returned.
2026-06-30 16:48:43 [http-nio-8080-exec-3] TRACE o.s.web.servlet.DispatcherServlet - No view rendering, null ModelAndView returned.
2026-06-30 16:48:43 [http-nio-8080-exec-5] DEBUG o.s.web.servlet.DispatcherServlet - Completed 200 OK, headers={masked}
2026-06-30 16:48:43 [http-nio-8080-exec-3] DEBUG o.s.web.servlet.DispatcherServlet - Completed 200 OK, headers={masked}
2026-06-30 16:48:43 [http-nio-8080-exec-4] TRACE o.s.web.servlet.DispatcherServlet - GET "/api/categorias", parameters={}, headers={masked} in DispatcherServlet 'dispatcherServlet'
2026-06-30 16:48:43 [http-nio-8080-exec-4] TRACE o.s.w.s.m.m.a.RequestMappingHandlerMapping - Mapped to com.example.tienda_tech.controller.CategoriaController#listar()
2026-06-30 16:48:43 [http-nio-8080-exec-1] TRACE o.s.web.servlet.DispatcherServlet - GET "/assets/menu/img2.jpg", parameters={}, headers={masked} in DispatcherServlet 'dispatcherServlet'
2026-06-30 16:48:43 [http-nio-8080-exec-6] TRACE o.s.web.servlet.DispatcherServlet - GET "/assets/menu/img1.jpg", parameters={}, headers={masked} in DispatcherServlet 'dispatcherServlet'
2026-06-30 16:48:43 [http-nio-8080-exec-10] TRACE o.s.web.servlet.DispatcherServlet - GET "/assets/menu/img3.jpg", parameters={}, headers={masked} in DispatcherServlet 'dispatcherServlet'
2026-06-30 16:48:43 [http-nio-8080-exec-4] TRACE o.s.web.servlet.DispatcherServlet - No view rendering, null ModelAndView returned.
2026-06-30 16:48:43 [http-nio-8080-exec-4] DEBUG o.s.web.servlet.DispatcherServlet - Completed 200 OK, headers={masked}
2026-06-30 16:48:43 [http-nio-8080-exec-10] TRACE o.s.web.servlet.DispatcherServlet - No view rendering, null ModelAndView returned.
2026-06-30 16:48:43 [http-nio-8080-exec-10] DEBUG o.s.web.servlet.DispatcherServlet - Completed 200 OK, headers={masked}
2026-06-30 16:48:43 [http-nio-8080-exec-1] TRACE o.s.web.servlet.DispatcherServlet - No view rendering, null ModelAndView returned.
2026-06-30 16:48:43 [http-nio-8080-exec-1] DEBUG o.s.web.servlet.DispatcherServlet - Completed 200 OK, headers={masked}
2026-06-30 16:48:43 [http-nio-8080-exec-6] TRACE o.s.web.servlet.DispatcherServlet - No view rendering, null ModelAndView returned.
2026-06-30 16:48:43 [http-nio-8080-exec-6] DEBUG o.s.web.servlet.DispatcherServlet - Completed 200 OK, headers={masked}
2026-06-30 16:48:43 [http-nio-8080-exec-10] TRACE o.s.web.servlet.DispatcherServlet - GET "/api/productos/recientes-menu", parameters={}, headers={masked} in DispatcherServlet 'dispatcherServlet'
2026-06-30 16:48:43 [http-nio-8080-exec-10] TRACE o.s.w.s.m.m.a.RequestMappingHandlerMapping - Mapped to com.example.tienda_tech.controller.HomeController#recientesMenu(int)
2026-06-30 16:48:43 [http-nio-8080-exec-10] TRACE o.s.web.servlet.DispatcherServlet - No view rendering, null ModelAndView returned.
2026-06-30 16:48:43 [http-nio-8080-exec-10] DEBUG o.s.web.servlet.DispatcherServlet - Completed 200 OK, headers={masked}
2026-06-30 16:48:43 [http-nio-8080-exec-9] TRACE o.s.w.s.m.m.a.RequestMappingHandlerMapping - 2 matching mappings: [{HEAD [/api/galeria/{galeriaId}/contenido]}, {GET [/api/galeria/{galeriaId}/contenido]}]
2026-06-30 16:48:43 [http-nio-8080-exec-2] TRACE o.s.w.s.m.m.a.RequestMappingHandlerMapping - 2 matching mappings: [{HEAD [/api/galeria/{galeriaId}/contenido]}, {GET [/api/galeria/{galeriaId}/contenido]}]
2026-06-30 16:48:43 [http-nio-8080-exec-3] TRACE o.s.w.s.m.m.a.RequestMappingHandlerMapping - 2 matching mappings: [{HEAD [/api/galeria/{galeriaId}/contenido]}, {GET [/api/galeria/{galeriaId}/contenido]}]
2026-06-30 16:48:43 [http-nio-8080-exec-8] TRACE o.s.w.s.m.m.a.RequestMappingHandlerMapping - 2 matching mappings: [{HEAD [/api/galeria/{galeriaId}/contenido]}, {GET [/api/galeria/{galeriaId}/contenido]}]
2026-06-30 16:48:43 [http-nio-8080-exec-5] TRACE o.s.w.s.m.m.a.RequestMappingHandlerMapping - 2 matching mappings: [{HEAD [/api/galeria/{galeriaId}/contenido]}, {GET [/api/galeria/{galeriaId}/contenido]}]
2026-06-30 16:48:43 [http-nio-8080-exec-3] TRACE o.s.web.servlet.DispatcherServlet - HEAD "/api/galeria/264/contenido", parameters={}, headers={masked} in DispatcherServlet 'dispatcherServlet'
2026-06-30 16:48:43 [http-nio-8080-exec-9] TRACE o.s.web.servlet.DispatcherServlet - HEAD "/api/galeria/292/contenido", parameters={}, headers={masked} in DispatcherServlet 'dispatcherServlet'
2026-06-30 16:48:43 [http-nio-8080-exec-5] TRACE o.s.web.servlet.DispatcherServlet - HEAD "/api/galeria/244/contenido", parameters={}, headers={masked} in DispatcherServlet 'dispatcherServlet'
2026-06-30 16:48:43 [http-nio-8080-exec-2] TRACE o.s.web.servlet.DispatcherServlet - HEAD "/api/galeria/312/contenido", parameters={}, headers={masked} in DispatcherServlet 'dispatcherServlet'
2026-06-30 16:48:43 [http-nio-8080-exec-8] TRACE o.s.web.servlet.DispatcherServlet - HEAD "/api/galeria/303/contenido", parameters={}, headers={masked} in DispatcherServlet 'dispatcherServlet'
2026-06-30 16:48:43 [http-nio-8080-exec-9] TRACE o.s.w.s.m.m.a.RequestMappingHandlerMapping - 2 matching mappings: [{HEAD [/api/galeria/{galeriaId}/contenido]}, {GET [/api/galeria/{galeriaId}/contenido]}]
2026-06-30 16:48:43 [http-nio-8080-exec-3] TRACE o.s.w.s.m.m.a.RequestMappingHandlerMapping - 2 matching mappings: [{HEAD [/api/galeria/{galeriaId}/contenido]}, {GET [/api/galeria/{galeriaId}/contenido]}]
2026-06-30 16:48:43 [http-nio-8080-exec-2] TRACE o.s.w.s.m.m.a.RequestMappingHandlerMapping - 2 matching mappings: [{HEAD [/api/galeria/{galeriaId}/contenido]}, {GET [/api/galeria/{galeriaId}/contenido]}]
2026-06-30 16:48:43 [http-nio-8080-exec-8] TRACE o.s.w.s.m.m.a.RequestMappingHandlerMapping - 2 matching mappings: [{HEAD [/api/galeria/{galeriaId}/contenido]}, {GET [/api/galeria/{galeriaId}/contenido]}]
2026-06-30 16:48:43 [http-nio-8080-exec-9] TRACE o.s.w.s.m.m.a.RequestMappingHandlerMapping - Mapped to com.example.tienda_tech.controller.GaleriaCompatController#headLegacy(Integer)
2026-06-30 16:48:43 [http-nio-8080-exec-5] TRACE o.s.w.s.m.m.a.RequestMappingHandlerMapping - 2 matching mappings: [{HEAD [/api/galeria/{galeriaId}/contenido]}, {GET [/api/galeria/{galeriaId}/contenido]}]
2026-06-30 16:48:43 [http-nio-8080-exec-3] TRACE o.s.w.s.m.m.a.RequestMappingHandlerMapping - Mapped to com.example.tienda_tech.controller.GaleriaCompatController#headLegacy(Integer)
2026-06-30 16:48:43 [http-nio-8080-exec-8] TRACE o.s.w.s.m.m.a.RequestMappingHandlerMapping - Mapped to com.example.tienda_tech.controller.GaleriaCompatController#headLegacy(Integer)
2026-06-30 16:48:43 [http-nio-8080-exec-5] TRACE o.s.w.s.m.m.a.RequestMappingHandlerMapping - Mapped to com.example.tienda_tech.controller.GaleriaCompatController#headLegacy(Integer)
2026-06-30 16:48:43 [http-nio-8080-exec-2] TRACE o.s.w.s.m.m.a.RequestMappingHandlerMapping - Mapped to com.example.tienda_tech.controller.GaleriaCompatController#headLegacy(Integer)
2026-06-30 16:48:43 [http-nio-8080-exec-8] TRACE o.s.web.servlet.DispatcherServlet - No view rendering, null ModelAndView returned.
2026-06-30 16:48:43 [http-nio-8080-exec-3] TRACE o.s.web.servlet.DispatcherServlet - No view rendering, null ModelAndView returned.
2026-06-30 16:48:43 [http-nio-8080-exec-5] TRACE o.s.web.servlet.DispatcherServlet - No view rendering, null ModelAndView returned.
2026-06-30 16:48:43 [http-nio-8080-exec-9] TRACE o.s.web.servlet.DispatcherServlet - No view rendering, null ModelAndView returned.
2026-06-30 16:48:43 [http-nio-8080-exec-2] TRACE o.s.web.servlet.DispatcherServlet - No view rendering, null ModelAndView returned.
2026-06-30 16:48:43 [http-nio-8080-exec-9] DEBUG o.s.web.servlet.DispatcherServlet - Completed 200 OK, headers={masked}
2026-06-30 16:48:43 [http-nio-8080-exec-2] DEBUG o.s.web.servlet.DispatcherServlet - Completed 200 OK, headers={masked}
2026-06-30 16:48:43 [http-nio-8080-exec-8] DEBUG o.s.web.servlet.DispatcherServlet - Completed 200 OK, headers={masked}
2026-06-30 16:48:43 [http-nio-8080-exec-3] DEBUG o.s.web.servlet.DispatcherServlet - Completed 200 OK, headers={masked}
2026-06-30 16:48:43 [http-nio-8080-exec-5] DEBUG o.s.web.servlet.DispatcherServlet - Completed 200 OK, headers={masked}
2026-06-30 16:48:43 [http-nio-8080-exec-7] TRACE o.s.web.servlet.DispatcherServlet - GET "/api/galeria/303/contenido", parameters={}, headers={masked} in DispatcherServlet 'dispatcherServlet'
2026-06-30 16:48:43 [http-nio-8080-exec-4] TRACE o.s.web.servlet.DispatcherServlet - GET "/api/galeria/312/contenido", parameters={}, headers={masked} in DispatcherServlet 'dispatcherServlet'
2026-06-30 16:48:43 [http-nio-8080-exec-7] TRACE o.s.w.s.m.m.a.RequestMappingHandlerMapping - Mapped to com.example.tienda_tech.controller.GaleriaCompatController#contenidoLegacy(Integer)
2026-06-30 16:48:43 [http-nio-8080-exec-4] TRACE o.s.w.s.m.m.a.RequestMappingHandlerMapping - Mapped to com.example.tienda_tech.controller.GaleriaCompatController#contenidoLegacy(Integer)
2026-06-30 16:48:43 [http-nio-8080-exec-7] TRACE o.s.web.servlet.DispatcherServlet - No view rendering, null ModelAndView returned.
2026-06-30 16:48:43 [http-nio-8080-exec-4] TRACE o.s.web.servlet.DispatcherServlet - No view rendering, null ModelAndView returned.
2026-06-30 16:48:43 [http-nio-8080-exec-7] DEBUG o.s.web.servlet.DispatcherServlet - Completed 200 OK, headers={masked}
2026-06-30 16:48:43 [http-nio-8080-exec-4] DEBUG o.s.web.servlet.DispatcherServlet - Completed 200 OK, headers={masked}
2026-06-30 16:52:52 [SpringApplicationShutdownHook] INFO  o.s.b.w.e.tomcat.GracefulShutdown - Commencing graceful shutdown. Waiting for active requests to complete
2026-06-30 16:52:52 [tomcat-shutdown] INFO  o.s.b.w.e.tomcat.GracefulShutdown - Graceful shutdown complete
2026-06-30 16:52:52 [SpringApplicationShutdownHook] INFO  o.s.o.j.LocalContainerEntityManagerFactoryBean - Closing JPA EntityManagerFactory for persistence unit 'default'
2026-06-30 16:52:52 [SpringApplicationShutdownHook] INFO  com.zaxxer.hikari.HikariDataSource - HikariPool-1 - Shutdown initiated...
2026-06-30 16:52:52 [SpringApplicationShutdownHook] INFO  com.zaxxer.hikari.HikariDataSource - HikariPool-1 - Shutdown completed.
2026-06-30 16:52:54 [background-preinit] INFO  o.h.validator.internal.util.Version - HV000001: Hibernate Validator 8.0.3.Final
2026-06-30 16:52:54 [restartedMain] INFO  c.e.t.TiendaTechApplication - Starting TiendaTechApplication using Java 24.0.2 with PID 35468 (D:\Programas\Cybersecurity\Tienda_Tech\target\classes started by usuario in D:\Programas\Cybersecurity\Tienda_Tech)
2026-06-30 16:52:54 [restartedMain] INFO  c.e.t.TiendaTechApplication - No active profile set, falling back to 1 default profile: "default"
2026-06-30 16:52:54 [restartedMain] INFO  o.s.b.d.e.DevToolsPropertyDefaultsPostProcessor - Devtools property defaults active! Set 'spring.devtools.add-properties' to 'false' to disable
2026-06-30 16:52:54 [restartedMain] INFO  o.s.b.d.e.DevToolsPropertyDefaultsPostProcessor - For additional web related logging consider setting the 'logging.level.web' property to 'DEBUG'
2026-06-30 16:52:55 [restartedMain] INFO  o.s.d.r.c.RepositoryConfigurationDelegate - Bootstrapping Spring Data JPA repositories in DEFAULT mode.
2026-06-30 16:52:55 [restartedMain] INFO  o.s.d.r.c.RepositoryConfigurationDelegate - Finished Spring Data repository scanning in 69 ms. Found 17 JPA repository interfaces.
2026-06-30 16:52:55 [restartedMain] INFO  o.s.b.w.e.tomcat.TomcatWebServer - Tomcat initialized with port 8080 (http)
2026-06-30 16:52:55 [restartedMain] INFO  o.a.coyote.http11.Http11NioProtocol - Initializing ProtocolHandler ["http-nio-8080"]
2026-06-30 16:52:55 [restartedMain] INFO  o.a.catalina.core.StandardService - Starting service [Tomcat]
2026-06-30 16:52:55 [restartedMain] INFO  o.a.catalina.core.StandardEngine - Starting Servlet engine: [Apache Tomcat/10.1.44]
2026-06-30 16:52:55 [restartedMain] INFO  o.a.c.c.C.[Tomcat].[localhost].[/] - Initializing Spring embedded WebApplicationContext
2026-06-30 16:52:55 [restartedMain] INFO  o.s.b.w.s.c.ServletWebServerApplicationContext - Root WebApplicationContext: initialization completed in 1002 ms
2026-06-30 16:52:55 [restartedMain] INFO  o.h.jpa.internal.util.LogHelper - HHH000204: Processing PersistenceUnitInfo [name: default]
2026-06-30 16:52:55 [restartedMain] INFO  org.hibernate.Version - HHH000412: Hibernate ORM core version 6.6.26.Final
2026-06-30 16:52:55 [restartedMain] INFO  o.h.c.i.RegionFactoryInitiator - HHH000026: Second-level cache disabled
2026-06-30 16:52:55 [restartedMain] INFO  o.s.o.j.p.SpringPersistenceUnitInfo - No LoadTimeWeaver setup: ignoring JPA class transformer
2026-06-30 16:52:55 [restartedMain] INFO  com.zaxxer.hikari.HikariDataSource - HikariPool-1 - Starting...
2026-06-30 16:52:56 [restartedMain] INFO  com.zaxxer.hikari.pool.HikariPool - HikariPool-1 - Added connection org.postgresql.jdbc.PgConnection@212471a
2026-06-30 16:52:56 [restartedMain] INFO  com.zaxxer.hikari.HikariDataSource - HikariPool-1 - Start completed.
2026-06-30 16:52:56 [restartedMain] INFO  o.hibernate.orm.connections.pooling - HHH10001005: Database info:
	Database JDBC URL [Connecting through datasource 'HikariDataSource (HikariPool-1)']
	Database driver: undefined/unknown
	Database version: 18.1
	Autocommit mode: undefined/unknown
	Isolation level: undefined/unknown
	Minimum pool size: undefined/unknown
	Maximum pool size: undefined/unknown
2026-06-30 16:52:56 [restartedMain] INFO  o.h.e.t.j.p.i.JtaPlatformInitiator - HHH000489: No JTA platform available (set 'hibernate.transaction.jta.platform' to enable JTA platform integration)
2026-06-30 16:52:56 [restartedMain] INFO  o.s.o.j.LocalContainerEntityManagerFactoryBean - Initialized JPA EntityManagerFactory for persistence unit 'default'
2026-06-30 16:52:57 [restartedMain] INFO  o.s.d.j.r.query.QueryEnhancerFactory - Hibernate is in classpath; If applicable, HQL parser will be used.
2026-06-30 16:52:57 [restartedMain] INFO  c.e.tienda_tech.security.JwtConfig - JWT secret cargada (88 chars).
2026-06-30 16:52:57 [restartedMain] WARN  o.s.b.a.o.j.JpaBaseConfiguration$JpaWebConfiguration - spring.jpa.open-in-view is enabled by default. Therefore, database queries may be performed during view rendering. Explicitly configure spring.jpa.open-in-view to disable this warning
2026-06-30 16:52:57 [restartedMain] INFO  o.s.b.a.w.s.WelcomePageHandlerMapping - Adding welcome page: class path resource [static/index.html]
2026-06-30 16:52:57 [restartedMain] TRACE o.s.w.s.m.m.a.RequestMappingHandlerMapping - 
	c.e.t.c.AlmacenamientoController:
	{POST [/api/productos/almacenamientos]}: crear(AlmacenamientoCreateRequest)
2026-06-30 16:52:57 [restartedMain] TRACE o.s.w.s.m.m.a.RequestMappingHandlerMapping - 
	c.e.t.c.a.AuditoriaController:
	{GET [/api/auditorias/usuarios]}: listarUsuarios()
	{GET [/api/auditorias/movimientos]}: movimientos(String,Integer,LocalDate,LocalDate)
	{GET [/api/auditorias/productos]}: productos(String,Integer,LocalDate,LocalDate)
	{GET [/api/auditorias/usuario]}: porUsuario(String,LocalDate,LocalDate)
2026-06-30 16:52:57 [restartedMain] TRACE o.s.w.s.m.m.a.RequestMappingHandlerMapping - 
	c.e.t.c.a.AuditoriaLoginController:
	{GET [/api/auditoria/usuariosL]}: usuariosAuditoria()
	{GET [/api/auditoria/logins]}: logins(String,LocalDate,LocalDate)
2026-06-30 16:52:57 [restartedMain] TRACE o.s.w.s.m.m.a.RequestMappingHandlerMapping - 
	c.e.t.c.a.AuthController:
	{POST [/auth/refresh]}: refresh(String,HttpServletResponse)
	{POST [/auth/logout]}: logout(String,HttpServletResponse)
	{POST [/auth/login]}: login(Map,HttpServletResponse)
	{POST [/auth/keepalive]}: keepalive(String,HttpServletResponse)
2026-06-30 16:52:57 [restartedMain] TRACE o.s.w.s.m.m.a.RequestMappingHandlerMapping - 
	c.e.t.c.AvatarController:
	{DELETE [/api/usuarios/{id}/avatar]}: removeAvatar(Integer)
	{POST [/api/usuarios/{id}/avatar], consumes [multipart/form-data]}: uploadAvatar(Integer,MultipartFile)
2026-06-30 16:52:57 [restartedMain] TRACE o.s.w.s.m.m.a.RequestMappingHandlerMapping - 
	c.e.t.c.BusquedaController:
	{GET [/api/busqueda/categoria/{categoriaId}]}: porCategoria(Integer,Integer)
2026-06-30 16:52:57 [restartedMain] TRACE o.s.w.s.m.m.a.RequestMappingHandlerMapping - 
	c.e.t.c.CarritoController:
	{DELETE [/api/carrito/items/{productoId}]}: remove(Integer,Integer)
	{GET [/api/carrito/items]}: list(Integer)
	{POST [/api/carrito/agregar]}: addItemAlias(Integer,CarritoAddReq)
	{GET [/api/carrito/resumen]}: summary(Integer)
	{POST [/api/carrito/items]}: addItem(Integer,CarritoAddReq)
	{PATCH [/api/carrito/items/{productoId}]}: setQty(Integer,Integer,Map)
2026-06-30 16:52:57 [restartedMain] TRACE o.s.w.s.m.m.a.RequestMappingHandlerMapping - 
	c.e.t.c.CategoriaController:
	{GET [/api/categorias]}: listar()
2026-06-30 16:52:57 [restartedMain] TRACE o.s.w.s.m.m.a.RequestMappingHandlerMapping - 
	c.e.t.c.CiudadController:
	{POST [/api/ciudades]}: crear(CiudadDTO)
	{PUT [/api/ciudades/{id}]}: actualizar(Short,CiudadDTO)
	{DELETE [/api/ciudades/{id}]}: eliminar(Short)
	{GET [/api/ciudades]}: listar()
2026-06-30 16:52:57 [restartedMain] TRACE o.s.w.s.m.m.a.RequestMappingHandlerMapping - 
	c.e.t.c.DireccionController:
	{POST [/api/usuarios/{usuarioId}/direcciones], consumes [application/json]}: crear(Integer,DireccionDTO)
	{PUT [/api/usuarios/{usuarioId}/direcciones/{direccionId}], consumes [application/json]}: actualizar(Integer,Short,DireccionDTO)
	{DELETE [/api/usuarios/{usuarioId}/direcciones/{direccionId}]}: eliminar(Integer,Short)
	{GET [/api/usuarios/{usuarioId}/direcciones]}: listar(Integer,String)
2026-06-30 16:52:57 [restartedMain] TRACE o.s.w.s.m.m.a.RequestMappingHandlerMapping - 
	c.e.t.c.EncuestaAdminController:
	{GET [/api/encuesta]}: get()
	{PUT [/api/encuesta]}: update(EncuestaUpdate)
	{POST [/api/encuesta/reglas]}: upsertRegla(ReglaUpsert)
	{DELETE [/api/encuesta/opciones/{key}/{valor}]}: deleteOpcion(String,String)
	{DELETE [/api/encuesta/reglas/{key}/{valor}/{categoria}]}: deleteRegla(String,String,String)
	{DELETE [/api/encuesta/preguntas/{key}]}: deletePregunta(String)
	{POST [/api/encuesta/opciones]}: upsertOpcion(OpcionUpsert)
	{POST [/api/encuesta/preguntas]}: upsertPregunta(PreguntaUpsert)
2026-06-30 16:52:57 [restartedMain] TRACE o.s.w.s.m.m.a.RequestMappingHandlerMapping - 
	c.e.t.c.FacturaController:
	{GET [/api/facturas/{id}]}: get(Integer)
	{GET [/api/facturas/{id}/pdf], produces [application/pdf]}: pdf(Integer)
2026-06-30 16:52:57 [restartedMain] TRACE o.s.w.s.m.m.a.RequestMappingHandlerMapping - 
	c.e.t.c.FaviconController:
	{ [/favicon.ico]}: favicon()
2026-06-30 16:52:57 [restartedMain] TRACE o.s.w.s.m.m.a.RequestMappingHandlerMapping - 
	c.e.t.c.GaleriaBatchFlagsController:
	{PATCH [/api/galeria/flags]}: flags(List)
2026-06-30 16:52:57 [restartedMain] TRACE o.s.w.s.m.m.a.RequestMappingHandlerMapping - 
	c.e.t.c.GaleriaCompatController:
	{GET [/api/galeria/{galeriaId}/contenido]}: contenidoLegacy(Integer)
	{HEAD [/api/galeria/{galeriaId}/contenido]}: headLegacy(Integer)
2026-06-30 16:52:57 [restartedMain] TRACE o.s.w.s.m.m.a.RequestMappingHandlerMapping - 
	c.e.t.c.GaleriaCompatProductosV2Controller:
	{GET [/api/productos/{productoId}/galeria/lista]}: listar(int,String)
	{POST [/api/productos/{productoId}/galeria/{galeriaId}/portada]}: portada(int,int)
	{POST [/api/productos/{productoId}/galeria], consumes [application/json]}: subirJson(int,List)
	{POST [/api/productos/{productoId}/galeria/reordenar]}: reordenar(int,ReordenarVistaReq)
2026-06-30 16:52:57 [restartedMain] TRACE o.s.w.s.m.m.a.RequestMappingHandlerMapping - 
	c.e.t.c.GaleriaImageController:
	{GET [/api/galeria/img/{galeriaId}]}: img(int)
2026-06-30 16:52:57 [restartedMain] TRACE o.s.w.s.m.m.a.RequestMappingHandlerMapping - 
	c.e.t.c.GaleriaMediaController:
	{GET [/api/galeria/{galeriaId}/media]}: media(int)
2026-06-30 16:52:57 [restartedMain] TRACE o.s.w.s.m.m.a.RequestMappingHandlerMapping - 
	c.e.t.c.GaleriaMenuController:
	{GET [/api/galeria/api/galeria-menu/{id}/contenido]}: contenidoMenu(Long)
2026-06-30 16:52:57 [restartedMain] TRACE o.s.w.s.m.m.a.RequestMappingHandlerMapping - 
	c.e.t.c.GaleriaV2Controller:
	{PATCH [/api/galeria_v2/{galeriaId}/flags]}: flags(Integer,FlagsDto)
	{GET [/api/galeria_v2/img/{galeriaId}]}: obtenerImagen(Integer)
	{POST [/api/galeria_v2], consumes [multipart/form-data]}: agregar(Integer,MultipartFile,String,Boolean,Boolean,Boolean,Integer,Integer,Integer,Integer)
	{DELETE [/api/galeria_v2/{galeriaId}]}: eliminar(Integer)
	{GET [/api/galeria_v2/producto/{productoId}]}: listar(Integer,String)
	{PUT [/api/galeria_v2/{galeriaId}/portada]}: portada(Integer,PortadaReq)
	{HEAD [/api/galeria_v2/img/{galeriaId}]}: headImagen(Integer)
	{PUT [/api/galeria_v2/{productoId}/reordenar]}: reordenar(Integer,String,ReordenarReq)
2026-06-30 16:52:57 [restartedMain] TRACE o.s.w.s.m.m.a.RequestMappingHandlerMapping - 
	c.e.t.c.HomeController:
	{GET [/api/productos/recientes-menu], produces [application/json]}: recientesMenu(int)
2026-06-30 16:52:57 [restartedMain] TRACE o.s.w.s.m.m.a.RequestMappingHandlerMapping - 
	c.e.t.c.LoginController:
	{POST [/api/login]}: login(Map)
	{POST [/api/login/mfa]}: verificarMfa(Map)
2026-06-30 16:52:57 [restartedMain] TRACE o.s.w.s.m.m.a.RequestMappingHandlerMapping - 
	c.e.t.c.MetodoPagoController:
	{POST [/api/mis-metodos-pago]}: crear(MetodoPagoDTO,HttpServletRequest)
	{DELETE [/api/mis-metodos-pago/{metodoId}]}: eliminar(Integer,HttpServletRequest)
	{GET [/api/mis-metodos-pago]}: listar(HttpServletRequest)
	{GET [/api/tipo_metodopago]}: tipos()
2026-06-30 16:52:57 [restartedMain] TRACE o.s.w.s.m.m.a.RequestMappingHandlerMapping - 
	c.e.t.c.MovimientoInventarioController:
	{GET [/api/movimientos]}: listar()
2026-06-30 16:52:57 [restartedMain] TRACE o.s.w.s.m.m.a.RequestMappingHandlerMapping - 
	c.e.t.c.OtpController:
	{POST [/api/otp/recuperar-password]}: recuperarPassword(Map)
	{POST [/api/otp]}: manejar(Map)
2026-06-30 16:52:57 [restartedMain] TRACE o.s.w.s.m.m.a.RequestMappingHandlerMapping - 
	c.e.t.c.PaypalController:
	{POST [/api/pagos/paypal/create-order]}: createOrder(Integer)
	{POST [/api/pagos/paypal/capture]}: captureBody(Integer,CaptureReq)
	{POST [/api/pagos/paypal/capture/{orderId}]}: capturePath(Integer,String,CaptureReq)
2026-06-30 16:52:57 [restartedMain] TRACE o.s.w.s.m.m.a.RequestMappingHandlerMapping - 
	c.e.t.c.ProductoBusquedaController:
	{POST [/api/productos/buscar]}: buscar(Map)
2026-06-30 16:52:57 [restartedMain] TRACE o.s.w.s.m.m.a.RequestMappingHandlerMapping - 
	c.e.t.c.ProductoController:
	{GET [/api/productos/mas-vendidos]}: masVendidos(int)
	{GET [/api/productos]}: listar(Pageable)
2026-06-30 16:52:57 [restartedMain] TRACE o.s.w.s.m.m.a.RequestMappingHandlerMapping - 
	c.e.t.c.ProductoQueryController:
	{GET [/api/productos/por-categoria]}: porCategoria(Integer,Integer)
	{GET [/api/productos/{id}]}: detalle(Integer,Integer)
2026-06-30 16:52:57 [restartedMain] TRACE o.s.w.s.m.m.a.RequestMappingHandlerMapping - 
	c.e.t.c.ProductoSpController:
	{GET [/api/sp/productos/{id}/editar]}: getDetalleEditar(Integer)
	{POST [/api/sp/fuentes]}: crearFuente(FuenteCreateRequest,String)
	{DELETE [/api/sp/productos/{id}]}: eliminarProducto(Integer,String)
	{PUT [/api/sp/productos/{id}/basico]}: actualizarBasico(Integer,ProductoUpdateBasicoRequest,String)
	{POST [/api/sp/cpu-cooler]}: crearCpuCooler(CpuCoolerCreateRequest,String)
	{POST [/api/sp/motherboards]}: crearMotherboard(MotherboardCreateRequest,String)
	{POST [/api/sp/cubiertas]}: crearCubierta(CubiertaCreateRequest,String)
	{POST [/api/sp/perifericos]}: crearPeriferico(PerifericoCreateRequest,String)
	{POST [/api/sp/almacenamientos]}: crearAlmacenamiento(AlmacenamientoCreateRequest,String)
	{POST [/api/sp/cpu]}: crearCpu(CpuCreateRequest,String)
	{POST [/api/sp/gpu]}: crearGpu(GpuCreateRequest,String)
	{GET [/api/sp/ivas]}: getIvas()
	{POST [/api/sp/ram]}: crearRam(RamCreateRequest,String)
2026-06-30 16:52:57 [restartedMain] TRACE o.s.w.s.m.m.a.RequestMappingHandlerMapping - 
	c.e.t.c.ProvinciaController:
	{POST [/api/provincias]}: crear(ProvinciaDTO)
	{PUT [/api/provincias/{id}]}: actualizar(Long,ProvinciaDTO)
	{DELETE [/api/provincias/{id}]}: eliminar(Long)
	{GET [/api/provincias]}: listar()
2026-06-30 16:52:57 [restartedMain] TRACE o.s.w.s.m.m.a.RequestMappingHandlerMapping - 
	c.e.t.c.RecuperarPasswordController:
	{POST [/api/usuarios/recuperar-password]}: recuperar(Map)
2026-06-30 16:52:57 [restartedMain] TRACE o.s.w.s.m.m.a.RequestMappingHandlerMapping - 
	c.e.t.c.SeguridadController:
	{POST [/api/seguridad/cambiar-password]}: cambiarPassword(HttpServletRequest,ChangePwdReq)
	{POST [/api/seguridad/cambiar-password-token]}: cambiarPasswordToken(ChangePwdTokenReq)
2026-06-30 16:52:57 [restartedMain] TRACE o.s.w.s.m.m.a.RequestMappingHandlerMapping - 
	c.e.t.c.SiemController:
	{GET [/api/siem/events]}: getEvents()
	{POST [/api/siem/clear]}: clearEvents()
2026-06-30 16:52:57 [restartedMain] TRACE o.s.w.s.m.m.a.RequestMappingHandlerMapping - 
	c.e.t.c.SpMovimientoController:
	{POST [/api/sp/movimiento-inventario]}: movimientoInventario(Object,String)
2026-06-30 16:52:57 [restartedMain] TRACE o.s.w.s.m.m.a.RequestMappingHandlerMapping - 
	c.e.t.c.SubtipoMovimientoController:
	{GET [/api/subtipos-movimiento]}: listar(Integer)
2026-06-30 16:52:57 [restartedMain] TRACE o.s.w.s.m.m.a.RequestMappingHandlerMapping - 
	c.e.t.c.SugerenciaController:
	{POST [/api/sugerencias/generar]}: generar(Map)
2026-06-30 16:52:57 [restartedMain] TRACE o.s.w.s.m.m.a.RequestMappingHandlerMapping - 
	c.e.t.c.SugerenciasController:
	{GET [/api/sugerencias/{id}]}: get(Integer)
	{GET [/api/usuarios/{usuarioId}/sugerencias/ultima]}: last(Integer)
	{GET [/api/usuarios/{usuarioId}/sugerencias]}: list(Integer,Integer,Integer)
	{DELETE [/api/sugerencias/{id}]}: delete(Integer)
	{POST [/api/sugerencias]}: crear(SugerenciaCreate)
	{PUT [/api/sugerencias/{id}]}: actualizar(Integer,SugerenciaUpdate)
	{POST [/api/sugerencias/full]}: crearFull(Map)
	{POST [/api/sugerencias/{id}:toggle]}: toggle(Integer,ToggleBody)
2026-06-30 16:52:57 [restartedMain] TRACE o.s.w.s.m.m.a.RequestMappingHandlerMapping - 
	c.e.t.c.UsuarioController:
	{GET [/api/usuarios/api/usuarios/me]}: me(HttpServletRequest)
	{POST [/api/usuarios/crear-usuarioAdmin]}: crearAdminOTrabajador(UsuarioDTO)
	{GET [/api/usuarios/buscar]}: buscarPorUsuario(String,Integer,int)
	{POST [/api/usuarios/crear]}: crearCliente(UsuarioDTO)
	{PUT [/api/usuarios/cliente/{id}]}: actualizarCliente(Integer,ClienteUpdateRequest)
	{PUT [/api/usuarios/admin/{id}]}: actualizarAdmin(Integer,Integer,ClienteUpdateRequest)
	{DELETE [/api/usuarios/admin/{id}]}: deshabilitarAdmin(Integer,Integer)
	{POST [/api/usuarios/crear-usuario || /api/usuarios/crear_usuario]}: crearUsuario(UsuarioDTO)
	{GET [/api/usuarios/buscar-min]}: buscarMin(String,Integer,int)
2026-06-30 16:52:57 [restartedMain] TRACE o.s.w.s.m.m.a.RequestMappingHandlerMapping - 
	c.e.t.r.c.ReportController:
	{GET [/api/report/ventas-producto/pdf], produces [application/pdf]}: salesByProductPdf(String,String,boolean)
	{GET [/api/report/metodos-pago/pdf], produces [application/pdf]}: paymentMethodsPdf(boolean)
	{GET [/api/report/general/pdf-range], produces [application/pdf]}: generalByDate(String,String,boolean)
	{GET [/api/report/productos/pdf], produces [application/pdf]}: productsPdf(boolean)
	{GET [/api/report/provincias/pdf], produces [application/pdf]}: provincesPdf(boolean)
	{GET [/api/report/stock-bajo/pdf], produces [application/pdf]}: lowStockPdf(int,boolean)
	{GET [/api/report/kardex/pdf], produces [application/pdf]}: kardexPdf(String,String,Integer,boolean)
	{GET [/api/report/usuarios/pdf], produces [application/pdf]}: usersPdf(boolean)
	{GET [/api/report/ciudades/pdf], produces [application/pdf]}: citiesPdf(boolean)
	{GET [/api/report/ordenes/pdf], produces [application/pdf]}: ordersPdf(String,String,boolean)
	{GET [/api/report/general/pdf], produces [application/pdf]}: generalAll(boolean)
	{GET [/api/report/roles/pdf], produces [application/pdf]}: rolesPdf(boolean)
	{GET [/api/report/admin/pdf], produces [application/pdf]}: adminPdf(String,String,boolean)
2026-06-30 16:52:57 [restartedMain] TRACE o.s.w.s.m.m.a.RequestMappingHandlerMapping - 
	o.s.b.a.w.s.e.BasicErrorController:
	{ [/error]}: error(HttpServletRequest)
	{ [/error], produces [text/html]}: errorHtml(HttpServletRequest,HttpServletResponse)
2026-06-30 16:52:57 [restartedMain] DEBUG o.s.w.s.m.m.a.RequestMappingHandlerMapping - 133 mappings in 'requestMappingHandlerMapping'
2026-06-30 16:52:58 [restartedMain] WARN  o.s.b.a.s.s.UserDetailsServiceAutoConfiguration - 

Using generated security password: d511307d-3aeb-46e2-9db2-297de32f51b6

This generated password is for development use only. Your security configuration must be updated before running your application in production.

2026-06-30 16:52:58 [restartedMain] INFO  o.s.s.c.a.a.c.InitializeUserDetailsBeanManagerConfigurer$InitializeUserDetailsManagerConfigurer - Global AuthenticationManager configured with UserDetailsService bean with name inMemoryUserDetailsManager
2026-06-30 16:52:58 [restartedMain] INFO  o.s.b.d.a.OptionalLiveReloadServer - LiveReload server is running on port 35729
2026-06-30 16:52:58 [restartedMain] INFO  o.a.coyote.http11.Http11NioProtocol - Starting ProtocolHandler ["http-nio-8080"]
2026-06-30 16:52:58 [restartedMain] INFO  o.s.b.w.e.tomcat.TomcatWebServer - Tomcat started on port 8080 (http) with context path '/'
2026-06-30 16:52:58 [restartedMain] INFO  c.e.t.TiendaTechApplication - Started TiendaTechApplication in 4.159 seconds (process running for 4.678)
2026-06-30 16:53:10 [http-nio-8080-exec-1] INFO  o.a.c.c.C.[Tomcat].[localhost].[/] - Initializing Spring DispatcherServlet 'dispatcherServlet'
2026-06-30 16:53:10 [http-nio-8080-exec-1] INFO  o.s.web.servlet.DispatcherServlet - Initializing Servlet 'dispatcherServlet'
2026-06-30 16:53:10 [http-nio-8080-exec-1] TRACE o.s.web.servlet.DispatcherServlet - Detected org.springframework.web.multipart.support.StandardServletMultipartResolver@6022861c
2026-06-30 16:53:10 [http-nio-8080-exec-1] TRACE o.s.web.servlet.DispatcherServlet - Detected org.springframework.web.servlet.i18n.AcceptHeaderLocaleResolver@6bb8a126
2026-06-30 16:53:10 [http-nio-8080-exec-1] TRACE o.s.web.servlet.DispatcherServlet - Detected org.springframework.web.servlet.theme.FixedThemeResolver@116be7d8
2026-06-30 16:53:10 [http-nio-8080-exec-1] TRACE o.s.web.servlet.DispatcherServlet - Detected DefaultRequestToViewNameTranslator
2026-06-30 16:53:10 [http-nio-8080-exec-1] TRACE o.s.web.servlet.DispatcherServlet - Detected SessionFlashMapManager
2026-06-30 16:53:10 [http-nio-8080-exec-1] DEBUG o.s.web.servlet.DispatcherServlet - enableLoggingRequestDetails='false': request parameters and headers will be masked to prevent unsafe logging of potentially sensitive data
2026-06-30 16:53:10 [http-nio-8080-exec-1] INFO  o.s.web.servlet.DispatcherServlet - Completed initialization in 1 ms
2026-06-30 16:53:10 [http-nio-8080-exec-1] TRACE o.s.web.servlet.DispatcherServlet - GET "/Busqueda.html?cat=4&nombre=Cubierta", parameters={masked}, headers={masked} in DispatcherServlet 'dispatcherServlet'
2026-06-30 16:53:10 [http-nio-8080-exec-1] TRACE o.s.web.servlet.DispatcherServlet - No view rendering, null ModelAndView returned.
2026-06-30 16:53:10 [http-nio-8080-exec-1] DEBUG o.s.web.servlet.DispatcherServlet - Completed 200 OK, headers={masked}
2026-06-30 16:53:10 [http-nio-8080-exec-3] TRACE o.s.web.servlet.DispatcherServlet - GET "/styleClaroMenu.css", parameters={}, headers={masked} in DispatcherServlet 'dispatcherServlet'
2026-06-30 16:53:10 [http-nio-8080-exec-2] TRACE o.s.web.servlet.DispatcherServlet - GET "/js/auth-menu.js?v=4", parameters={masked}, headers={masked} in DispatcherServlet 'dispatcherServlet'
2026-06-30 16:53:10 [http-nio-8080-exec-2] TRACE o.s.web.servlet.DispatcherServlet - No view rendering, null ModelAndView returned.
2026-06-30 16:53:10 [http-nio-8080-exec-2] DEBUG o.s.web.servlet.DispatcherServlet - Completed 200 OK, headers={masked}
2026-06-30 16:53:10 [http-nio-8080-exec-3] ERROR c.e.tienda_tech.advice.ApiErrors - [GET /styleClaroMenu.css] Unhandled exception
org.springframework.web.servlet.resource.NoResourceFoundException: No static resource styleClaroMenu.css.
	at org.springframework.web.servlet.resource.ResourceHttpRequestHandler.handleRequest(ResourceHttpRequestHandler.java:585)
	at org.springframework.web.servlet.mvc.HttpRequestHandlerAdapter.handle(HttpRequestHandlerAdapter.java:52)
	at org.springframework.web.servlet.DispatcherServlet.doDispatch(DispatcherServlet.java:1089)
	at org.springframework.web.servlet.DispatcherServlet.doService(DispatcherServlet.java:979)
	at org.springframework.web.servlet.FrameworkServlet.processRequest(FrameworkServlet.java:1014)
	at org.springframework.web.servlet.FrameworkServlet.doGet(FrameworkServlet.java:903)
	at jakarta.servlet.http.HttpServlet.service(HttpServlet.java:564)
	at org.springframework.web.servlet.FrameworkServlet.service(FrameworkServlet.java:885)
	at jakarta.servlet.http.HttpServlet.service(HttpServlet.java:658)
	at org.apache.catalina.core.ApplicationFilterChain.internalDoFilter(ApplicationFilterChain.java:195)
	at org.apache.catalina.core.ApplicationFilterChain.doFilter(ApplicationFilterChain.java:140)
	at org.apache.tomcat.websocket.server.WsFilter.doFilter(WsFilter.java:51)
	at org.apache.catalina.core.ApplicationFilterChain.internalDoFilter(ApplicationFilterChain.java:164)
	at org.apache.catalina.core.ApplicationFilterChain.doFilter(ApplicationFilterChain.java:140)
	at org.springframework.web.filter.CompositeFilter$VirtualFilterChain.doFilter(CompositeFilter.java:108)
	at org.springframework.web.filter.CompositeFilter$VirtualFilterChain.doFilter(CompositeFilter.java:108)
	at org.springframework.security.web.FilterChainProxy.lambda$doFilterInternal$3(FilterChainProxy.java:231)
	at org.springframework.security.web.FilterChainProxy$VirtualFilterChain.doFilter(FilterChainProxy.java:365)
	at org.springframework.security.web.access.intercept.AuthorizationFilter.doFilter(AuthorizationFilter.java:101)
	at org.springframework.security.web.FilterChainProxy$VirtualFilterChain.doFilter(FilterChainProxy.java:374)
	at org.springframework.security.web.access.ExceptionTranslationFilter.doFilter(ExceptionTranslationFilter.java:125)
	at org.springframework.security.web.access.ExceptionTranslationFilter.doFilter(ExceptionTranslationFilter.java:119)
	at org.springframework.security.web.FilterChainProxy$VirtualFilterChain.doFilter(FilterChainProxy.java:374)
	at org.springframework.security.web.authentication.AnonymousAuthenticationFilter.doFilter(AnonymousAuthenticationFilter.java:100)
	at org.springframework.security.web.FilterChainProxy$VirtualFilterChain.doFilter(FilterChainProxy.java:374)
	at org.springframework.security.web.servletapi.SecurityContextHolderAwareRequestFilter.doFilter(SecurityContextHolderAwareRequestFilter.java:179)
	at org.springframework.security.web.FilterChainProxy$VirtualFilterChain.doFilter(FilterChainProxy.java:374)
	at org.springframework.security.web.savedrequest.RequestCacheAwareFilter.doFilter(RequestCacheAwareFilter.java:63)
	at org.springframework.security.web.FilterChainProxy$VirtualFilterChain.doFilter(FilterChainProxy.java:374)
	at org.springframework.security.web.authentication.logout.LogoutFilter.doFilter(LogoutFilter.java:107)
	at org.springframework.security.web.authentication.logout.LogoutFilter.doFilter(LogoutFilter.java:93)
	at org.springframework.security.web.FilterChainProxy$VirtualFilterChain.doFilter(FilterChainProxy.java:374)
	at org.springframework.web.filter.CorsFilter.doFilterInternal(CorsFilter.java:91)
	at org.springframework.web.filter.OncePerRequestFilter.doFilter(OncePerRequestFilter.java:116)
	at org.springframework.security.web.FilterChainProxy$VirtualFilterChain.doFilter(FilterChainProxy.java:374)
	at org.springframework.security.web.header.HeaderWriterFilter.doHeadersAfter(HeaderWriterFilter.java:90)
	at org.springframework.security.web.header.HeaderWriterFilter.doFilterInternal(HeaderWriterFilter.java:75)
	at org.springframework.web.filter.OncePerRequestFilter.doFilter(OncePerRequestFilter.java:116)
	at org.springframework.security.web.FilterChainProxy$VirtualFilterChain.doFilter(FilterChainProxy.java:374)
	at org.springframework.security.web.context.SecurityContextHolderFilter.doFilter(SecurityContextHolderFilter.java:82)
	at org.springframework.security.web.context.SecurityContextHolderFilter.doFilter(SecurityContextHolderFilter.java:69)
	at org.springframework.security.web.FilterChainProxy$VirtualFilterChain.doFilter(FilterChainProxy.java:374)
	at org.springframework.security.web.context.request.async.WebAsyncManagerIntegrationFilter.doFilterInternal(WebAsyncManagerIntegrationFilter.java:62)
	at org.springframework.web.filter.OncePerRequestFilter.doFilter(OncePerRequestFilter.java:116)
	at org.springframework.security.web.FilterChainProxy$VirtualFilterChain.doFilter(FilterChainProxy.java:374)
	at org.springframework.security.web.session.DisableEncodeUrlFilter.doFilterInternal(DisableEncodeUrlFilter.java:42)
	at org.springframework.web.filter.OncePerRequestFilter.doFilter(OncePerRequestFilter.java:116)
	at org.springframework.security.web.FilterChainProxy$VirtualFilterChain.doFilter(FilterChainProxy.java:374)
	at org.springframework.security.web.FilterChainProxy.doFilterInternal(FilterChainProxy.java:233)
	at org.springframework.security.web.FilterChainProxy.doFilter(FilterChainProxy.java:191)
	at org.springframework.web.filter.CompositeFilter$VirtualFilterChain.doFilter(CompositeFilter.java:113)
	at org.springframework.web.filter.ServletRequestPathFilter.doFilter(ServletRequestPathFilter.java:52)
	at org.springframework.web.filter.CompositeFilter$VirtualFilterChain.doFilter(CompositeFilter.java:113)
	at org.springframework.web.filter.CompositeFilter.doFilter(CompositeFilter.java:74)
	at org.springframework.security.config.annotation.web.configuration.WebSecurityConfiguration$CompositeFilterChainProxy.doFilter(WebSecurityConfiguration.java:319)
	at org.springframework.web.filter.CompositeFilter$VirtualFilterChain.doFilter(CompositeFilter.java:113)
	at org.springframework.web.servlet.handler.HandlerMappingIntrospector.lambda$createCacheFilter$4(HandlerMappingIntrospector.java:267)
	at org.springframework.web.filter.CompositeFilter$VirtualFilterChain.doFilter(CompositeFilter.java:113)
	at org.springframework.web.filter.CompositeFilter.doFilter(CompositeFilter.java:74)
	at org.springframework.security.config.annotation.web.configuration.WebMvcSecurityConfiguration$CompositeFilterChainProxy.doFilter(WebMvcSecurityConfiguration.java:240)
	at org.springframework.web.filter.DelegatingFilterProxy.invokeDelegate(DelegatingFilterProxy.java:362)
	at org.springframework.web.filter.DelegatingFilterProxy.doFilter(DelegatingFilterProxy.java:278)
	at org.apache.catalina.core.ApplicationFilterChain.internalDoFilter(ApplicationFilterChain.java:164)
	at org.apache.catalina.core.ApplicationFilterChain.doFilter(ApplicationFilterChain.java:140)
	at org.springframework.web.filter.RequestContextFilter.doFilterInternal(RequestContextFilter.java:100)
	at org.springframework.web.filter.OncePerRequestFilter.doFilter(OncePerRequestFilter.java:116)
	at org.apache.catalina.core.ApplicationFilterChain.internalDoFilter(ApplicationFilterChain.java:164)
	at org.apache.catalina.core.ApplicationFilterChain.doFilter(ApplicationFilterChain.java:140)
	at org.springframework.web.filter.FormContentFilter.doFilterInternal(FormContentFilter.java:93)
	at org.springframework.web.filter.OncePerRequestFilter.doFilter(OncePerRequestFilter.java:116)
	at org.apache.catalina.core.ApplicationFilterChain.internalDoFilter(ApplicationFilterChain.java:164)
	at org.apache.catalina.core.ApplicationFilterChain.doFilter(ApplicationFilterChain.java:140)
	at org.springframework.web.filter.CharacterEncodingFilter.doFilterInternal(CharacterEncodingFilter.java:201)
	at org.springframework.web.filter.OncePerRequestFilter.doFilter(OncePerRequestFilter.java:116)
	at org.apache.catalina.core.ApplicationFilterChain.internalDoFilter(ApplicationFilterChain.java:164)
	at org.apache.catalina.core.ApplicationFilterChain.doFilter(ApplicationFilterChain.java:140)
	at org.apache.catalina.core.StandardWrapperValve.invoke(StandardWrapperValve.java:167)
	at org.apache.catalina.core.StandardContextValve.invoke(StandardContextValve.java:90)
	at org.apache.catalina.authenticator.AuthenticatorBase.invoke(AuthenticatorBase.java:483)
	at org.apache.catalina.core.StandardHostValve.invoke(StandardHostValve.java:116)
	at org.apache.catalina.valves.ErrorReportValve.invoke(ErrorReportValve.java:93)
	at org.apache.catalina.core.StandardEngineValve.invoke(StandardEngineValve.java:74)
	at org.apache.catalina.connector.CoyoteAdapter.service(CoyoteAdapter.java:344)
	at org.apache.coyote.http11.Http11Processor.service(Http11Processor.java:398)
	at org.apache.coyote.AbstractProcessorLight.process(AbstractProcessorLight.java:63)
	at org.apache.coyote.AbstractProtocol$ConnectionHandler.process(AbstractProtocol.java:903)
	at org.apache.tomcat.util.net.NioEndpoint$SocketProcessor.doRun(NioEndpoint.java:1769)
	at org.apache.tomcat.util.net.SocketProcessorBase.run(SocketProcessorBase.java:52)
	at org.apache.tomcat.util.threads.ThreadPoolExecutor.runWorker(ThreadPoolExecutor.java:1189)
	at org.apache.tomcat.util.threads.ThreadPoolExecutor$Worker.run(ThreadPoolExecutor.java:658)
	at org.apache.tomcat.util.threads.TaskThread$WrappingRunnable.run(TaskThread.java:63)
	at java.base/java.lang.Thread.run(Thread.java:1447)
2026-06-30 16:53:10 [http-nio-8080-exec-3] WARN  o.s.w.s.m.m.a.ExceptionHandlerExceptionResolver - Resolved [org.springframework.web.servlet.resource.NoResourceFoundException: No static resource styleClaroMenu.css.]
2026-06-30 16:53:10 [http-nio-8080-exec-3] TRACE o.s.web.servlet.DispatcherServlet - No view rendering, null ModelAndView returned.
2026-06-30 16:53:10 [http-nio-8080-exec-3] DEBUG o.s.web.servlet.DispatcherServlet - Completed 500 INTERNAL_SERVER_ERROR, headers={masked}
2026-06-30 16:53:10 [http-nio-8080-exec-4] TRACE o.s.web.servlet.DispatcherServlet - GET "/api/productos/por-categoria?categoriaId=4", parameters={masked}, headers={masked} in DispatcherServlet 'dispatcherServlet'
2026-06-30 16:53:10 [http-nio-8080-exec-4] TRACE o.s.w.s.m.m.a.RequestMappingHandlerMapping - Mapped to com.example.tienda_tech.controller.ProductoQueryController#porCategoria(Integer, Integer)
2026-06-30 16:53:10 [http-nio-8080-exec-4] TRACE o.s.web.servlet.DispatcherServlet - No view rendering, null ModelAndView returned.
2026-06-30 16:53:10 [http-nio-8080-exec-4] DEBUG o.s.web.servlet.DispatcherServlet - Completed 200 OK, headers={masked}
2026-06-30 16:53:10 [http-nio-8080-exec-5] TRACE o.s.web.servlet.DispatcherServlet - GET "/api/galeria_v2/img/196", parameters={}, headers={masked} in DispatcherServlet 'dispatcherServlet'
2026-06-30 16:53:10 [http-nio-8080-exec-5] TRACE o.s.w.s.m.m.a.RequestMappingHandlerMapping - Mapped to com.example.tienda_tech.controller.GaleriaV2Controller#obtenerImagen(Integer)
2026-06-30 16:53:10 [http-nio-8080-exec-6] TRACE o.s.web.servlet.DispatcherServlet - GET "/api/galeria_v2/img/180", parameters={}, headers={masked} in DispatcherServlet 'dispatcherServlet'
2026-06-30 16:53:10 [http-nio-8080-exec-6] TRACE o.s.w.s.m.m.a.RequestMappingHandlerMapping - Mapped to com.example.tienda_tech.controller.GaleriaV2Controller#obtenerImagen(Integer)
2026-06-30 16:53:10 [http-nio-8080-exec-7] TRACE o.s.web.servlet.DispatcherServlet - GET "/api/galeria_v2/img/189", parameters={}, headers={masked} in DispatcherServlet 'dispatcherServlet'
2026-06-30 16:53:10 [http-nio-8080-exec-7] TRACE o.s.w.s.m.m.a.RequestMappingHandlerMapping - Mapped to com.example.tienda_tech.controller.GaleriaV2Controller#obtenerImagen(Integer)
2026-06-30 16:53:10 [http-nio-8080-exec-7] TRACE o.s.web.servlet.DispatcherServlet - No view rendering, null ModelAndView returned.
2026-06-30 16:53:10 [http-nio-8080-exec-5] TRACE o.s.web.servlet.DispatcherServlet - No view rendering, null ModelAndView returned.
2026-06-30 16:53:10 [http-nio-8080-exec-7] DEBUG o.s.web.servlet.DispatcherServlet - Completed 200 OK, headers={masked}
2026-06-30 16:53:10 [http-nio-8080-exec-6] TRACE o.s.web.servlet.DispatcherServlet - No view rendering, null ModelAndView returned.
2026-06-30 16:53:10 [http-nio-8080-exec-5] DEBUG o.s.web.servlet.DispatcherServlet - Completed 200 OK, headers={masked}
2026-06-30 16:53:10 [http-nio-8080-exec-6] DEBUG o.s.web.servlet.DispatcherServlet - Completed 200 OK, headers={masked}
2026-06-30 16:53:17 [http-nio-8080-exec-8] TRACE o.s.web.servlet.DispatcherServlet - GET "/informacion_producto.html?id=22", parameters={masked}, headers={masked} in DispatcherServlet 'dispatcherServlet'
2026-06-30 16:53:17 [http-nio-8080-exec-8] TRACE o.s.web.servlet.DispatcherServlet - No view rendering, null ModelAndView returned.
2026-06-30 16:53:17 [http-nio-8080-exec-8] DEBUG o.s.web.servlet.DispatcherServlet - Completed 200 OK, headers={masked}
2026-06-30 16:53:17 [http-nio-8080-exec-9] TRACE o.s.web.servlet.DispatcherServlet - GET "/css/style2.css", parameters={}, headers={masked} in DispatcherServlet 'dispatcherServlet'
2026-06-30 16:53:17 [http-nio-8080-exec-10] TRACE o.s.web.servlet.DispatcherServlet - GET "/js/auth-menu.js?v=4", parameters={masked}, headers={masked} in DispatcherServlet 'dispatcherServlet'
2026-06-30 16:53:17 [http-nio-8080-exec-9] TRACE o.s.web.servlet.DispatcherServlet - No view rendering, null ModelAndView returned.
2026-06-30 16:53:17 [http-nio-8080-exec-10] TRACE o.s.web.servlet.DispatcherServlet - No view rendering, null ModelAndView returned.
2026-06-30 16:53:17 [http-nio-8080-exec-10] DEBUG o.s.web.servlet.DispatcherServlet - Completed 200 OK, headers={masked}
2026-06-30 16:53:17 [http-nio-8080-exec-9] DEBUG o.s.web.servlet.DispatcherServlet - Completed 200 OK, headers={masked}
2026-06-30 16:53:17 [http-nio-8080-exec-1] TRACE o.s.web.servlet.DispatcherServlet - GET "/api/productos/22", parameters={}, headers={masked} in DispatcherServlet 'dispatcherServlet'
2026-06-30 16:53:17 [http-nio-8080-exec-1] TRACE o.s.w.s.m.m.a.RequestMappingHandlerMapping - Mapped to com.example.tienda_tech.controller.ProductoQueryController#detalle(Integer, Integer)
2026-06-30 16:53:17 [http-nio-8080-exec-1] TRACE o.s.web.servlet.DispatcherServlet - No view rendering, null ModelAndView returned.
2026-06-30 16:53:17 [http-nio-8080-exec-1] DEBUG o.s.web.servlet.DispatcherServlet - Completed 200 OK, headers={masked}
2026-06-30 16:53:17 [http-nio-8080-exec-2] TRACE o.s.web.servlet.DispatcherServlet - GET "/api/sp/productos/22/editar", parameters={}, headers={masked} in DispatcherServlet 'dispatcherServlet'
2026-06-30 16:53:17 [http-nio-8080-exec-2] TRACE o.s.w.s.m.m.a.RequestMappingHandlerMapping - Mapped to com.example.tienda_tech.controller.ProductoSpController#getDetalleEditar(Integer)
2026-06-30 16:53:17 [http-nio-8080-exec-2] TRACE o.s.web.servlet.DispatcherServlet - No view rendering, null ModelAndView returned.
2026-06-30 16:53:17 [http-nio-8080-exec-2] DEBUG o.s.web.servlet.DispatcherServlet - Completed 200 OK, headers={masked}
2026-06-30 16:53:17 [http-nio-8080-exec-3] TRACE o.s.web.servlet.DispatcherServlet - GET "/api/galeria_v2/img/197", parameters={}, headers={masked} in DispatcherServlet 'dispatcherServlet'
2026-06-30 16:53:17 [http-nio-8080-exec-4] TRACE o.s.web.servlet.DispatcherServlet - GET "/api/galeria_v2/img/195", parameters={}, headers={masked} in DispatcherServlet 'dispatcherServlet'
2026-06-30 16:53:17 [http-nio-8080-exec-7] TRACE o.s.web.servlet.DispatcherServlet - GET "/api/galeria_v2/img/194", parameters={}, headers={masked} in DispatcherServlet 'dispatcherServlet'
2026-06-30 16:53:17 [http-nio-8080-exec-3] TRACE o.s.w.s.m.m.a.RequestMappingHandlerMapping - Mapped to com.example.tienda_tech.controller.GaleriaV2Controller#obtenerImagen(Integer)
2026-06-30 16:53:17 [http-nio-8080-exec-4] TRACE o.s.w.s.m.m.a.RequestMappingHandlerMapping - Mapped to com.example.tienda_tech.controller.GaleriaV2Controller#obtenerImagen(Integer)
2026-06-30 16:53:17 [http-nio-8080-exec-7] TRACE o.s.w.s.m.m.a.RequestMappingHandlerMapping - Mapped to com.example.tienda_tech.controller.GaleriaV2Controller#obtenerImagen(Integer)
2026-06-30 16:53:17 [http-nio-8080-exec-5] TRACE o.s.web.servlet.DispatcherServlet - GET "/api/galeria_v2/img/193", parameters={}, headers={masked} in DispatcherServlet 'dispatcherServlet'
2026-06-30 16:53:17 [http-nio-8080-exec-6] TRACE o.s.web.servlet.DispatcherServlet - GET "/api/galeria_v2/img/192", parameters={}, headers={masked} in DispatcherServlet 'dispatcherServlet'
2026-06-30 16:53:17 [http-nio-8080-exec-5] TRACE o.s.w.s.m.m.a.RequestMappingHandlerMapping - Mapped to com.example.tienda_tech.controller.GaleriaV2Controller#obtenerImagen(Integer)
2026-06-30 16:53:17 [http-nio-8080-exec-6] TRACE o.s.w.s.m.m.a.RequestMappingHandlerMapping - Mapped to com.example.tienda_tech.controller.GaleriaV2Controller#obtenerImagen(Integer)
2026-06-30 16:53:17 [http-nio-8080-exec-7] TRACE o.s.web.servlet.DispatcherServlet - No view rendering, null ModelAndView returned.
2026-06-30 16:53:17 [http-nio-8080-exec-3] TRACE o.s.web.servlet.DispatcherServlet - No view rendering, null ModelAndView returned.
2026-06-30 16:53:17 [http-nio-8080-exec-7] DEBUG o.s.web.servlet.DispatcherServlet - Completed 200 OK, headers={masked}
2026-06-30 16:53:17 [http-nio-8080-exec-3] DEBUG o.s.web.servlet.DispatcherServlet - Completed 200 OK, headers={masked}
2026-06-30 16:53:17 [http-nio-8080-exec-8] TRACE o.s.web.servlet.DispatcherServlet - GET "/api/galeria_v2/img/191", parameters={}, headers={masked} in DispatcherServlet 'dispatcherServlet'
2026-06-30 16:53:17 [http-nio-8080-exec-8] TRACE o.s.w.s.m.m.a.RequestMappingHandlerMapping - Mapped to com.example.tienda_tech.controller.GaleriaV2Controller#obtenerImagen(Integer)
2026-06-30 16:53:17 [http-nio-8080-exec-4] TRACE o.s.web.servlet.DispatcherServlet - No view rendering, null ModelAndView returned.
2026-06-30 16:53:17 [http-nio-8080-exec-4] DEBUG o.s.web.servlet.DispatcherServlet - Completed 200 OK, headers={masked}
2026-06-30 16:53:17 [http-nio-8080-exec-6] TRACE o.s.web.servlet.DispatcherServlet - No view rendering, null ModelAndView returned.
2026-06-30 16:53:17 [http-nio-8080-exec-6] DEBUG o.s.web.servlet.DispatcherServlet - Completed 200 OK, headers={masked}
2026-06-30 16:53:17 [http-nio-8080-exec-5] TRACE o.s.web.servlet.DispatcherServlet - No view rendering, null ModelAndView returned.
2026-06-30 16:53:17 [http-nio-8080-exec-5] DEBUG o.s.web.servlet.DispatcherServlet - Completed 200 OK, headers={masked}
2026-06-30 16:53:17 [http-nio-8080-exec-8] TRACE o.s.web.servlet.DispatcherServlet - No view rendering, null ModelAndView returned.
2026-06-30 16:53:17 [http-nio-8080-exec-8] DEBUG o.s.web.servlet.DispatcherServlet - Completed 200 OK, headers={masked}
2026-06-30 16:54:20 [http-nio-8080-exec-6] TRACE o.s.web.servlet.DispatcherServlet - GET "/index.html", parameters={}, headers={masked} in DispatcherServlet 'dispatcherServlet'
2026-06-30 16:54:20 [http-nio-8080-exec-6] TRACE o.s.web.servlet.DispatcherServlet - No view rendering, null ModelAndView returned.
2026-06-30 16:54:20 [http-nio-8080-exec-6] DEBUG o.s.web.servlet.DispatcherServlet - Completed 200 OK, headers={masked}
2026-06-30 16:54:20 [http-nio-8080-exec-4] TRACE o.s.web.servlet.DispatcherServlet - GET "/css/styleClaroMenu.css", parameters={}, headers={masked} in DispatcherServlet 'dispatcherServlet'
2026-06-30 16:54:20 [http-nio-8080-exec-4] TRACE o.s.web.servlet.DispatcherServlet - No view rendering, null ModelAndView returned.
2026-06-30 16:54:20 [http-nio-8080-exec-4] DEBUG o.s.web.servlet.DispatcherServlet - Completed 200 OK, headers={masked}
2026-06-30 16:54:20 [http-nio-8080-exec-5] TRACE o.s.web.servlet.DispatcherServlet - GET "/js/auth-menu.js?v=4", parameters={masked}, headers={masked} in DispatcherServlet 'dispatcherServlet'
2026-06-30 16:54:20 [http-nio-8080-exec-5] TRACE o.s.web.servlet.DispatcherServlet - No view rendering, null ModelAndView returned.
2026-06-30 16:54:20 [http-nio-8080-exec-5] DEBUG o.s.web.servlet.DispatcherServlet - Completed 200 OK, headers={masked}
2026-06-30 16:54:20 [http-nio-8080-exec-8] TRACE o.s.web.servlet.DispatcherServlet - GET "/api/categorias", parameters={}, headers={masked} in DispatcherServlet 'dispatcherServlet'
2026-06-30 16:54:20 [http-nio-8080-exec-8] TRACE o.s.w.s.m.m.a.RequestMappingHandlerMapping - Mapped to com.example.tienda_tech.controller.CategoriaController#listar()
2026-06-30 16:54:20 [http-nio-8080-exec-10] TRACE o.s.web.servlet.DispatcherServlet - GET "/assets/menu/img1.jpg", parameters={}, headers={masked} in DispatcherServlet 'dispatcherServlet'
2026-06-30 16:54:20 [http-nio-8080-exec-7] TRACE o.s.web.servlet.DispatcherServlet - GET "/assets/menu/img2.jpg", parameters={}, headers={masked} in DispatcherServlet 'dispatcherServlet'
2026-06-30 16:54:20 [http-nio-8080-exec-1] TRACE o.s.web.servlet.DispatcherServlet - GET "/assets/menu/img3.jpg", parameters={}, headers={masked} in DispatcherServlet 'dispatcherServlet'
2026-06-30 16:54:20 [http-nio-8080-exec-3] TRACE o.s.web.servlet.DispatcherServlet - GET "/api/productos/recientes-menu", parameters={}, headers={masked} in DispatcherServlet 'dispatcherServlet'
2026-06-30 16:54:20 [http-nio-8080-exec-3] TRACE o.s.w.s.m.m.a.RequestMappingHandlerMapping - Mapped to com.example.tienda_tech.controller.HomeController#recientesMenu(int)
2026-06-30 16:54:20 [http-nio-8080-exec-1] TRACE o.s.web.servlet.DispatcherServlet - No view rendering, null ModelAndView returned.
2026-06-30 16:54:20 [http-nio-8080-exec-1] DEBUG o.s.web.servlet.DispatcherServlet - Completed 200 OK, headers={masked}
2026-06-30 16:54:20 [http-nio-8080-exec-8] TRACE o.s.web.servlet.DispatcherServlet - No view rendering, null ModelAndView returned.
2026-06-30 16:54:20 [http-nio-8080-exec-8] DEBUG o.s.web.servlet.DispatcherServlet - Completed 200 OK, headers={masked}
2026-06-30 16:54:20 [http-nio-8080-exec-7] TRACE o.s.web.servlet.DispatcherServlet - No view rendering, null ModelAndView returned.
2026-06-30 16:54:20 [http-nio-8080-exec-7] DEBUG o.s.web.servlet.DispatcherServlet - Completed 200 OK, headers={masked}
2026-06-30 16:54:20 [http-nio-8080-exec-10] TRACE o.s.web.servlet.DispatcherServlet - No view rendering, null ModelAndView returned.
2026-06-30 16:54:20 [http-nio-8080-exec-10] DEBUG o.s.web.servlet.DispatcherServlet - Completed 200 OK, headers={masked}
2026-06-30 16:54:20 [http-nio-8080-exec-3] TRACE o.s.web.servlet.DispatcherServlet - No view rendering, null ModelAndView returned.
2026-06-30 16:54:20 [http-nio-8080-exec-3] DEBUG o.s.web.servlet.DispatcherServlet - Completed 200 OK, headers={masked}
2026-06-30 16:54:20 [http-nio-8080-exec-6] TRACE o.s.w.s.m.m.a.RequestMappingHandlerMapping - 2 matching mappings: [{HEAD [/api/galeria/{galeriaId}/contenido]}, {GET [/api/galeria/{galeriaId}/contenido]}]
2026-06-30 16:54:20 [http-nio-8080-exec-2] TRACE o.s.w.s.m.m.a.RequestMappingHandlerMapping - 2 matching mappings: [{HEAD [/api/galeria/{galeriaId}/contenido]}, {GET [/api/galeria/{galeriaId}/contenido]}]
2026-06-30 16:54:20 [http-nio-8080-exec-9] TRACE o.s.w.s.m.m.a.RequestMappingHandlerMapping - 2 matching mappings: [{HEAD [/api/galeria/{galeriaId}/contenido]}, {GET [/api/galeria/{galeriaId}/contenido]}]
2026-06-30 16:54:20 [http-nio-8080-exec-2] TRACE o.s.web.servlet.DispatcherServlet - HEAD "/api/galeria/303/contenido", parameters={}, headers={masked} in DispatcherServlet 'dispatcherServlet'
2026-06-30 16:54:20 [http-nio-8080-exec-9] TRACE o.s.web.servlet.DispatcherServlet - HEAD "/api/galeria/312/contenido", parameters={}, headers={masked} in DispatcherServlet 'dispatcherServlet'
2026-06-30 16:54:20 [http-nio-8080-exec-6] TRACE o.s.web.servlet.DispatcherServlet - HEAD "/api/galeria/292/contenido", parameters={}, headers={masked} in DispatcherServlet 'dispatcherServlet'
2026-06-30 16:54:20 [http-nio-8080-exec-2] TRACE o.s.w.s.m.m.a.RequestMappingHandlerMapping - 2 matching mappings: [{HEAD [/api/galeria/{galeriaId}/contenido]}, {GET [/api/galeria/{galeriaId}/contenido]}]
2026-06-30 16:54:20 [http-nio-8080-exec-9] TRACE o.s.w.s.m.m.a.RequestMappingHandlerMapping - 2 matching mappings: [{HEAD [/api/galeria/{galeriaId}/contenido]}, {GET [/api/galeria/{galeriaId}/contenido]}]
2026-06-30 16:54:20 [http-nio-8080-exec-6] TRACE o.s.w.s.m.m.a.RequestMappingHandlerMapping - 2 matching mappings: [{HEAD [/api/galeria/{galeriaId}/contenido]}, {GET [/api/galeria/{galeriaId}/contenido]}]
2026-06-30 16:54:20 [http-nio-8080-exec-2] TRACE o.s.w.s.m.m.a.RequestMappingHandlerMapping - Mapped to com.example.tienda_tech.controller.GaleriaCompatController#headLegacy(Integer)
2026-06-30 16:54:20 [http-nio-8080-exec-9] TRACE o.s.w.s.m.m.a.RequestMappingHandlerMapping - Mapped to com.example.tienda_tech.controller.GaleriaCompatController#headLegacy(Integer)
2026-06-30 16:54:20 [http-nio-8080-exec-6] TRACE o.s.w.s.m.m.a.RequestMappingHandlerMapping - Mapped to com.example.tienda_tech.controller.GaleriaCompatController#headLegacy(Integer)
2026-06-30 16:54:20 [http-nio-8080-exec-6] TRACE o.s.web.servlet.DispatcherServlet - No view rendering, null ModelAndView returned.
2026-06-30 16:54:20 [http-nio-8080-exec-9] TRACE o.s.web.servlet.DispatcherServlet - No view rendering, null ModelAndView returned.
2026-06-30 16:54:20 [http-nio-8080-exec-2] TRACE o.s.web.servlet.DispatcherServlet - No view rendering, null ModelAndView returned.
2026-06-30 16:54:20 [http-nio-8080-exec-6] DEBUG o.s.web.servlet.DispatcherServlet - Completed 200 OK, headers={masked}
2026-06-30 16:54:20 [http-nio-8080-exec-2] DEBUG o.s.web.servlet.DispatcherServlet - Completed 200 OK, headers={masked}
2026-06-30 16:54:20 [http-nio-8080-exec-9] DEBUG o.s.web.servlet.DispatcherServlet - Completed 200 OK, headers={masked}
2026-06-30 16:54:20 [http-nio-8080-exec-4] TRACE o.s.w.s.m.m.a.RequestMappingHandlerMapping - 2 matching mappings: [{HEAD [/api/galeria/{galeriaId}/contenido]}, {GET [/api/galeria/{galeriaId}/contenido]}]
2026-06-30 16:54:20 [http-nio-8080-exec-4] TRACE o.s.web.servlet.DispatcherServlet - HEAD "/api/galeria/264/contenido", parameters={}, headers={masked} in DispatcherServlet 'dispatcherServlet'
2026-06-30 16:54:20 [http-nio-8080-exec-4] TRACE o.s.w.s.m.m.a.RequestMappingHandlerMapping - 2 matching mappings: [{HEAD [/api/galeria/{galeriaId}/contenido]}, {GET [/api/galeria/{galeriaId}/contenido]}]
2026-06-30 16:54:20 [http-nio-8080-exec-4] TRACE o.s.w.s.m.m.a.RequestMappingHandlerMapping - Mapped to com.example.tienda_tech.controller.GaleriaCompatController#headLegacy(Integer)
2026-06-30 16:54:20 [http-nio-8080-exec-4] TRACE o.s.web.servlet.DispatcherServlet - No view rendering, null ModelAndView returned.
2026-06-30 16:54:20 [http-nio-8080-exec-4] DEBUG o.s.web.servlet.DispatcherServlet - Completed 200 OK, headers={masked}
2026-06-30 16:54:20 [http-nio-8080-exec-5] TRACE o.s.w.s.m.m.a.RequestMappingHandlerMapping - 2 matching mappings: [{HEAD [/api/galeria/{galeriaId}/contenido]}, {GET [/api/galeria/{galeriaId}/contenido]}]
2026-06-30 16:54:20 [http-nio-8080-exec-5] TRACE o.s.web.servlet.DispatcherServlet - HEAD "/api/galeria/244/contenido", parameters={}, headers={masked} in DispatcherServlet 'dispatcherServlet'
2026-06-30 16:54:20 [http-nio-8080-exec-5] TRACE o.s.w.s.m.m.a.RequestMappingHandlerMapping - 2 matching mappings: [{HEAD [/api/galeria/{galeriaId}/contenido]}, {GET [/api/galeria/{galeriaId}/contenido]}]
2026-06-30 16:54:20 [http-nio-8080-exec-5] TRACE o.s.w.s.m.m.a.RequestMappingHandlerMapping - Mapped to com.example.tienda_tech.controller.GaleriaCompatController#headLegacy(Integer)
2026-06-30 16:54:20 [http-nio-8080-exec-5] TRACE o.s.web.servlet.DispatcherServlet - No view rendering, null ModelAndView returned.
2026-06-30 16:54:20 [http-nio-8080-exec-5] DEBUG o.s.web.servlet.DispatcherServlet - Completed 200 OK, headers={masked}
2026-06-30 16:54:20 [http-nio-8080-exec-1] TRACE o.s.web.servlet.DispatcherServlet - GET "/api/galeria/312/contenido", parameters={}, headers={masked} in DispatcherServlet 'dispatcherServlet'
2026-06-30 16:54:20 [http-nio-8080-exec-1] TRACE o.s.w.s.m.m.a.RequestMappingHandlerMapping - Mapped to com.example.tienda_tech.controller.GaleriaCompatController#contenidoLegacy(Integer)
2026-06-30 16:54:20 [http-nio-8080-exec-1] TRACE o.s.web.servlet.DispatcherServlet - No view rendering, null ModelAndView returned.
2026-06-30 16:54:20 [http-nio-8080-exec-1] DEBUG o.s.web.servlet.DispatcherServlet - Completed 200 OK, headers={masked}
2026-06-30 16:54:20 [http-nio-8080-exec-8] TRACE o.s.web.servlet.DispatcherServlet - GET "/api/galeria/303/contenido", parameters={}, headers={masked} in DispatcherServlet 'dispatcherServlet'
2026-06-30 16:54:20 [http-nio-8080-exec-8] TRACE o.s.w.s.m.m.a.RequestMappingHandlerMapping - Mapped to com.example.tienda_tech.controller.GaleriaCompatController#contenidoLegacy(Integer)
2026-06-30 16:54:20 [http-nio-8080-exec-8] TRACE o.s.web.servlet.DispatcherServlet - No view rendering, null ModelAndView returned.
2026-06-30 16:54:20 [http-nio-8080-exec-8] DEBUG o.s.web.servlet.DispatcherServlet - Completed 200 OK, headers={masked}
2026-06-30 16:54:23 [http-nio-8080-exec-7] TRACE o.s.web.servlet.DispatcherServlet - GET "/Busqueda.html?cat=4&nombre=Cubierta", parameters={masked}, headers={masked} in DispatcherServlet 'dispatcherServlet'
2026-06-30 16:54:23 [http-nio-8080-exec-7] TRACE o.s.web.servlet.DispatcherServlet - No view rendering, null ModelAndView returned.
2026-06-30 16:54:23 [http-nio-8080-exec-7] DEBUG o.s.web.servlet.DispatcherServlet - Completed 200 OK, headers={masked}
2026-06-30 16:54:23 [http-nio-8080-exec-10] TRACE o.s.web.servlet.DispatcherServlet - GET "/js/auth-menu.js?v=4", parameters={masked}, headers={masked} in DispatcherServlet 'dispatcherServlet'
2026-06-30 16:54:23 [http-nio-8080-exec-3] TRACE o.s.web.servlet.DispatcherServlet - GET "/styleClaroMenu.css", parameters={}, headers={masked} in DispatcherServlet 'dispatcherServlet'
2026-06-30 16:54:23 [http-nio-8080-exec-10] TRACE o.s.web.servlet.DispatcherServlet - No view rendering, null ModelAndView returned.
2026-06-30 16:54:23 [http-nio-8080-exec-10] DEBUG o.s.web.servlet.DispatcherServlet - Completed 200 OK, headers={masked}
2026-06-30 16:54:23 [http-nio-8080-exec-3] ERROR c.e.tienda_tech.advice.ApiErrors - [GET /styleClaroMenu.css] Unhandled exception
org.springframework.web.servlet.resource.NoResourceFoundException: No static resource styleClaroMenu.css.
	at org.springframework.web.servlet.resource.ResourceHttpRequestHandler.handleRequest(ResourceHttpRequestHandler.java:585)
	at org.springframework.web.servlet.mvc.HttpRequestHandlerAdapter.handle(HttpRequestHandlerAdapter.java:52)
	at org.springframework.web.servlet.DispatcherServlet.doDispatch(DispatcherServlet.java:1089)
	at org.springframework.web.servlet.DispatcherServlet.doService(DispatcherServlet.java:979)
	at org.springframework.web.servlet.FrameworkServlet.processRequest(FrameworkServlet.java:1014)
	at org.springframework.web.servlet.FrameworkServlet.doGet(FrameworkServlet.java:903)
	at jakarta.servlet.http.HttpServlet.service(HttpServlet.java:564)
	at org.springframework.web.servlet.FrameworkServlet.service(FrameworkServlet.java:885)
	at jakarta.servlet.http.HttpServlet.service(HttpServlet.java:658)
	at org.apache.catalina.core.ApplicationFilterChain.internalDoFilter(ApplicationFilterChain.java:195)
	at org.apache.catalina.core.ApplicationFilterChain.doFilter(ApplicationFilterChain.java:140)
	at org.apache.tomcat.websocket.server.WsFilter.doFilter(WsFilter.java:51)
	at org.apache.catalina.core.ApplicationFilterChain.internalDoFilter(ApplicationFilterChain.java:164)
	at org.apache.catalina.core.ApplicationFilterChain.doFilter(ApplicationFilterChain.java:140)
	at org.springframework.web.filter.CompositeFilter$VirtualFilterChain.doFilter(CompositeFilter.java:108)
	at org.springframework.web.filter.CompositeFilter$VirtualFilterChain.doFilter(CompositeFilter.java:108)
	at org.springframework.security.web.FilterChainProxy.lambda$doFilterInternal$3(FilterChainProxy.java:231)
	at org.springframework.security.web.FilterChainProxy$VirtualFilterChain.doFilter(FilterChainProxy.java:365)
	at org.springframework.security.web.access.intercept.AuthorizationFilter.doFilter(AuthorizationFilter.java:101)
	at org.springframework.security.web.FilterChainProxy$VirtualFilterChain.doFilter(FilterChainProxy.java:374)
	at org.springframework.security.web.access.ExceptionTranslationFilter.doFilter(ExceptionTranslationFilter.java:125)
	at org.springframework.security.web.access.ExceptionTranslationFilter.doFilter(ExceptionTranslationFilter.java:119)
	at org.springframework.security.web.FilterChainProxy$VirtualFilterChain.doFilter(FilterChainProxy.java:374)
	at org.springframework.security.web.authentication.AnonymousAuthenticationFilter.doFilter(AnonymousAuthenticationFilter.java:100)
	at org.springframework.security.web.FilterChainProxy$VirtualFilterChain.doFilter(FilterChainProxy.java:374)
	at org.springframework.security.web.servletapi.SecurityContextHolderAwareRequestFilter.doFilter(SecurityContextHolderAwareRequestFilter.java:179)
	at org.springframework.security.web.FilterChainProxy$VirtualFilterChain.doFilter(FilterChainProxy.java:374)
	at org.springframework.security.web.savedrequest.RequestCacheAwareFilter.doFilter(RequestCacheAwareFilter.java:63)
	at org.springframework.security.web.FilterChainProxy$VirtualFilterChain.doFilter(FilterChainProxy.java:374)
	at org.springframework.security.web.authentication.logout.LogoutFilter.doFilter(LogoutFilter.java:107)
	at org.springframework.security.web.authentication.logout.LogoutFilter.doFilter(LogoutFilter.java:93)
	at org.springframework.security.web.FilterChainProxy$VirtualFilterChain.doFilter(FilterChainProxy.java:374)
	at org.springframework.web.filter.CorsFilter.doFilterInternal(CorsFilter.java:91)
	at org.springframework.web.filter.OncePerRequestFilter.doFilter(OncePerRequestFilter.java:116)
	at org.springframework.security.web.FilterChainProxy$VirtualFilterChain.doFilter(FilterChainProxy.java:374)
	at org.springframework.security.web.header.HeaderWriterFilter.doHeadersAfter(HeaderWriterFilter.java:90)
	at org.springframework.security.web.header.HeaderWriterFilter.doFilterInternal(HeaderWriterFilter.java:75)
	at org.springframework.web.filter.OncePerRequestFilter.doFilter(OncePerRequestFilter.java:116)
	at org.springframework.security.web.FilterChainProxy$VirtualFilterChain.doFilter(FilterChainProxy.java:374)
	at org.springframework.security.web.context.SecurityContextHolderFilter.doFilter(SecurityContextHolderFilter.java:82)
	at org.springframework.security.web.context.SecurityContextHolderFilter.doFilter(SecurityContextHolderFilter.java:69)
	at org.springframework.security.web.FilterChainProxy$VirtualFilterChain.doFilter(FilterChainProxy.java:374)
	at org.springframework.security.web.context.request.async.WebAsyncManagerIntegrationFilter.doFilterInternal(WebAsyncManagerIntegrationFilter.java:62)
	at org.springframework.web.filter.OncePerRequestFilter.doFilter(OncePerRequestFilter.java:116)
	at org.springframework.security.web.FilterChainProxy$VirtualFilterChain.doFilter(FilterChainProxy.java:374)
	at org.springframework.security.web.session.DisableEncodeUrlFilter.doFilterInternal(DisableEncodeUrlFilter.java:42)
	at org.springframework.web.filter.OncePerRequestFilter.doFilter(OncePerRequestFilter.java:116)
	at org.springframework.security.web.FilterChainProxy$VirtualFilterChain.doFilter(FilterChainProxy.java:374)
	at org.springframework.security.web.FilterChainProxy.doFilterInternal(FilterChainProxy.java:233)
	at org.springframework.security.web.FilterChainProxy.doFilter(FilterChainProxy.java:191)
	at org.springframework.web.filter.CompositeFilter$VirtualFilterChain.doFilter(CompositeFilter.java:113)
	at org.springframework.web.filter.ServletRequestPathFilter.doFilter(ServletRequestPathFilter.java:52)
	at org.springframework.web.filter.CompositeFilter$VirtualFilterChain.doFilter(CompositeFilter.java:113)
	at org.springframework.web.filter.CompositeFilter.doFilter(CompositeFilter.java:74)
	at org.springframework.security.config.annotation.web.configuration.WebSecurityConfiguration$CompositeFilterChainProxy.doFilter(WebSecurityConfiguration.java:319)
	at org.springframework.web.filter.CompositeFilter$VirtualFilterChain.doFilter(CompositeFilter.java:113)
	at org.springframework.web.servlet.handler.HandlerMappingIntrospector.lambda$createCacheFilter$4(HandlerMappingIntrospector.java:267)
	at org.springframework.web.filter.CompositeFilter$VirtualFilterChain.doFilter(CompositeFilter.java:113)
	at org.springframework.web.filter.CompositeFilter.doFilter(CompositeFilter.java:74)
	at org.springframework.security.config.annotation.web.configuration.WebMvcSecurityConfiguration$CompositeFilterChainProxy.doFilter(WebMvcSecurityConfiguration.java:240)
	at org.springframework.web.filter.DelegatingFilterProxy.invokeDelegate(DelegatingFilterProxy.java:362)
	at org.springframework.web.filter.DelegatingFilterProxy.doFilter(DelegatingFilterProxy.java:278)
	at org.apache.catalina.core.ApplicationFilterChain.internalDoFilter(ApplicationFilterChain.java:164)
	at org.apache.catalina.core.ApplicationFilterChain.doFilter(ApplicationFilterChain.java:140)
	at org.springframework.web.filter.RequestContextFilter.doFilterInternal(RequestContextFilter.java:100)
	at org.springframework.web.filter.OncePerRequestFilter.doFilter(OncePerRequestFilter.java:116)
	at org.apache.catalina.core.ApplicationFilterChain.internalDoFilter(ApplicationFilterChain.java:164)
	at org.apache.catalina.core.ApplicationFilterChain.doFilter(ApplicationFilterChain.java:140)
	at org.springframework.web.filter.FormContentFilter.doFilterInternal(FormContentFilter.java:93)
	at org.springframework.web.filter.OncePerRequestFilter.doFilter(OncePerRequestFilter.java:116)
	at org.apache.catalina.core.ApplicationFilterChain.internalDoFilter(ApplicationFilterChain.java:164)
	at org.apache.catalina.core.ApplicationFilterChain.doFilter(ApplicationFilterChain.java:140)
	at org.springframework.web.filter.CharacterEncodingFilter.doFilterInternal(CharacterEncodingFilter.java:201)
	at org.springframework.web.filter.OncePerRequestFilter.doFilter(OncePerRequestFilter.java:116)
	at org.apache.catalina.core.ApplicationFilterChain.internalDoFilter(ApplicationFilterChain.java:164)
	at org.apache.catalina.core.ApplicationFilterChain.doFilter(ApplicationFilterChain.java:140)
	at org.apache.catalina.core.StandardWrapperValve.invoke(StandardWrapperValve.java:167)
	at org.apache.catalina.core.StandardContextValve.invoke(StandardContextValve.java:90)
	at org.apache.catalina.authenticator.AuthenticatorBase.invoke(AuthenticatorBase.java:483)
	at org.apache.catalina.core.StandardHostValve.invoke(StandardHostValve.java:116)
	at org.apache.catalina.valves.ErrorReportValve.invoke(ErrorReportValve.java:93)
	at org.apache.catalina.core.StandardEngineValve.invoke(StandardEngineValve.java:74)
	at org.apache.catalina.connector.CoyoteAdapter.service(CoyoteAdapter.java:344)
	at org.apache.coyote.http11.Http11Processor.service(Http11Processor.java:398)
	at org.apache.coyote.AbstractProcessorLight.process(AbstractProcessorLight.java:63)
	at org.apache.coyote.AbstractProtocol$ConnectionHandler.process(AbstractProtocol.java:903)
	at org.apache.tomcat.util.net.NioEndpoint$SocketProcessor.doRun(NioEndpoint.java:1769)
	at org.apache.tomcat.util.net.SocketProcessorBase.run(SocketProcessorBase.java:52)
	at org.apache.tomcat.util.threads.ThreadPoolExecutor.runWorker(ThreadPoolExecutor.java:1189)
	at org.apache.tomcat.util.threads.ThreadPoolExecutor$Worker.run(ThreadPoolExecutor.java:658)
	at org.apache.tomcat.util.threads.TaskThread$WrappingRunnable.run(TaskThread.java:63)
	at java.base/java.lang.Thread.run(Thread.java:1447)
2026-06-30 16:54:23 [http-nio-8080-exec-3] WARN  o.s.w.s.m.m.a.ExceptionHandlerExceptionResolver - Resolved [org.springframework.web.servlet.resource.NoResourceFoundException: No static resource styleClaroMenu.css.]
2026-06-30 16:54:23 [http-nio-8080-exec-3] TRACE o.s.web.servlet.DispatcherServlet - No view rendering, null ModelAndView returned.
2026-06-30 16:54:23 [http-nio-8080-exec-3] DEBUG o.s.web.servlet.DispatcherServlet - Completed 500 INTERNAL_SERVER_ERROR, headers={masked}
2026-06-30 16:54:23 [http-nio-8080-exec-6] TRACE o.s.web.servlet.DispatcherServlet - GET "/api/productos/por-categoria?categoriaId=4", parameters={masked}, headers={masked} in DispatcherServlet 'dispatcherServlet'
2026-06-30 16:54:23 [http-nio-8080-exec-6] TRACE o.s.w.s.m.m.a.RequestMappingHandlerMapping - Mapped to com.example.tienda_tech.controller.ProductoQueryController#porCategoria(Integer, Integer)
2026-06-30 16:54:23 [http-nio-8080-exec-6] TRACE o.s.web.servlet.DispatcherServlet - No view rendering, null ModelAndView returned.
2026-06-30 16:54:23 [http-nio-8080-exec-6] DEBUG o.s.web.servlet.DispatcherServlet - Completed 200 OK, headers={masked}
2026-06-30 16:54:26 [http-nio-8080-exec-2] TRACE o.s.web.servlet.DispatcherServlet - GET "/informacion_producto.html?id=21", parameters={masked}, headers={masked} in DispatcherServlet 'dispatcherServlet'
2026-06-30 16:54:26 [http-nio-8080-exec-2] TRACE o.s.web.servlet.DispatcherServlet - No view rendering, null ModelAndView returned.
2026-06-30 16:54:26 [http-nio-8080-exec-2] DEBUG o.s.web.servlet.DispatcherServlet - Completed 200 OK, headers={masked}
2026-06-30 16:54:26 [http-nio-8080-exec-9] TRACE o.s.web.servlet.DispatcherServlet - GET "/css/style2.css", parameters={}, headers={masked} in DispatcherServlet 'dispatcherServlet'
2026-06-30 16:54:26 [http-nio-8080-exec-4] TRACE o.s.web.servlet.DispatcherServlet - GET "/js/auth-menu.js?v=4", parameters={masked}, headers={masked} in DispatcherServlet 'dispatcherServlet'
2026-06-30 16:54:26 [http-nio-8080-exec-4] TRACE o.s.web.servlet.DispatcherServlet - No view rendering, null ModelAndView returned.
2026-06-30 16:54:26 [http-nio-8080-exec-9] TRACE o.s.web.servlet.DispatcherServlet - No view rendering, null ModelAndView returned.
2026-06-30 16:54:26 [http-nio-8080-exec-4] DEBUG o.s.web.servlet.DispatcherServlet - Completed 200 OK, headers={masked}
2026-06-30 16:54:26 [http-nio-8080-exec-9] DEBUG o.s.web.servlet.DispatcherServlet - Completed 200 OK, headers={masked}
2026-06-30 16:54:26 [http-nio-8080-exec-5] TRACE o.s.web.servlet.DispatcherServlet - GET "/api/productos/21", parameters={}, headers={masked} in DispatcherServlet 'dispatcherServlet'
2026-06-30 16:54:26 [http-nio-8080-exec-5] TRACE o.s.w.s.m.m.a.RequestMappingHandlerMapping - Mapped to com.example.tienda_tech.controller.ProductoQueryController#detalle(Integer, Integer)
2026-06-30 16:54:26 [http-nio-8080-exec-5] TRACE o.s.web.servlet.DispatcherServlet - No view rendering, null ModelAndView returned.
2026-06-30 16:54:26 [http-nio-8080-exec-5] DEBUG o.s.web.servlet.DispatcherServlet - Completed 200 OK, headers={masked}
2026-06-30 16:54:26 [http-nio-8080-exec-1] TRACE o.s.web.servlet.DispatcherServlet - GET "/api/sp/productos/21/editar", parameters={}, headers={masked} in DispatcherServlet 'dispatcherServlet'
2026-06-30 16:54:26 [http-nio-8080-exec-1] TRACE o.s.w.s.m.m.a.RequestMappingHandlerMapping - Mapped to com.example.tienda_tech.controller.ProductoSpController#getDetalleEditar(Integer)
2026-06-30 16:54:26 [http-nio-8080-exec-1] TRACE o.s.web.servlet.DispatcherServlet - No view rendering, null ModelAndView returned.
2026-06-30 16:54:26 [http-nio-8080-exec-1] DEBUG o.s.web.servlet.DispatcherServlet - Completed 200 OK, headers={masked}
2026-06-30 16:54:26 [http-nio-8080-exec-8] TRACE o.s.web.servlet.DispatcherServlet - GET "/api/galeria_v2/img/190", parameters={}, headers={masked} in DispatcherServlet 'dispatcherServlet'
2026-06-30 16:54:26 [http-nio-8080-exec-7] TRACE o.s.web.servlet.DispatcherServlet - GET "/api/galeria_v2/img/188", parameters={}, headers={masked} in DispatcherServlet 'dispatcherServlet'
2026-06-30 16:54:26 [http-nio-8080-exec-10] TRACE o.s.web.servlet.DispatcherServlet - GET "/api/galeria_v2/img/187", parameters={}, headers={masked} in DispatcherServlet 'dispatcherServlet'
2026-06-30 16:54:26 [http-nio-8080-exec-8] TRACE o.s.w.s.m.m.a.RequestMappingHandlerMapping - Mapped to com.example.tienda_tech.controller.GaleriaV2Controller#obtenerImagen(Integer)
2026-06-30 16:54:26 [http-nio-8080-exec-7] TRACE o.s.w.s.m.m.a.RequestMappingHandlerMapping - Mapped to com.example.tienda_tech.controller.GaleriaV2Controller#obtenerImagen(Integer)
2026-06-30 16:54:26 [http-nio-8080-exec-3] TRACE o.s.web.servlet.DispatcherServlet - GET "/api/galeria_v2/img/186", parameters={}, headers={masked} in DispatcherServlet 'dispatcherServlet'
2026-06-30 16:54:26 [http-nio-8080-exec-10] TRACE o.s.w.s.m.m.a.RequestMappingHandlerMapping - Mapped to com.example.tienda_tech.controller.GaleriaV2Controller#obtenerImagen(Integer)
2026-06-30 16:54:26 [http-nio-8080-exec-3] TRACE o.s.w.s.m.m.a.RequestMappingHandlerMapping - Mapped to com.example.tienda_tech.controller.GaleriaV2Controller#obtenerImagen(Integer)
2026-06-30 16:54:26 [http-nio-8080-exec-2] TRACE o.s.web.servlet.DispatcherServlet - GET "/api/galeria_v2/img/184", parameters={}, headers={masked} in DispatcherServlet 'dispatcherServlet'
2026-06-30 16:54:26 [http-nio-8080-exec-6] TRACE o.s.web.servlet.DispatcherServlet - GET "/api/galeria_v2/img/185", parameters={}, headers={masked} in DispatcherServlet 'dispatcherServlet'
2026-06-30 16:54:26 [http-nio-8080-exec-2] TRACE o.s.w.s.m.m.a.RequestMappingHandlerMapping - Mapped to com.example.tienda_tech.controller.GaleriaV2Controller#obtenerImagen(Integer)
2026-06-30 16:54:26 [http-nio-8080-exec-6] TRACE o.s.w.s.m.m.a.RequestMappingHandlerMapping - Mapped to com.example.tienda_tech.controller.GaleriaV2Controller#obtenerImagen(Integer)
2026-06-30 16:54:26 [http-nio-8080-exec-8] TRACE o.s.web.servlet.DispatcherServlet - No view rendering, null ModelAndView returned.
2026-06-30 16:54:26 [http-nio-8080-exec-10] TRACE o.s.web.servlet.DispatcherServlet - No view rendering, null ModelAndView returned.
2026-06-30 16:54:26 [http-nio-8080-exec-7] TRACE o.s.web.servlet.DispatcherServlet - No view rendering, null ModelAndView returned.
2026-06-30 16:54:26 [http-nio-8080-exec-10] DEBUG o.s.web.servlet.DispatcherServlet - Completed 200 OK, headers={masked}
2026-06-30 16:54:26 [http-nio-8080-exec-8] DEBUG o.s.web.servlet.DispatcherServlet - Completed 200 OK, headers={masked}
2026-06-30 16:54:26 [http-nio-8080-exec-7] DEBUG o.s.web.servlet.DispatcherServlet - Completed 200 OK, headers={masked}
2026-06-30 16:54:26 [http-nio-8080-exec-2] TRACE o.s.web.servlet.DispatcherServlet - No view rendering, null ModelAndView returned.
2026-06-30 16:54:26 [http-nio-8080-exec-2] DEBUG o.s.web.servlet.DispatcherServlet - Completed 200 OK, headers={masked}
2026-06-30 16:54:26 [http-nio-8080-exec-3] TRACE o.s.web.servlet.DispatcherServlet - No view rendering, null ModelAndView returned.
2026-06-30 16:54:26 [http-nio-8080-exec-3] DEBUG o.s.web.servlet.DispatcherServlet - Completed 200 OK, headers={masked}
2026-06-30 16:54:26 [http-nio-8080-exec-8] TRACE o.s.web.servlet.DispatcherServlet - GET "/api/galeria_v2/img/182", parameters={}, headers={masked} in DispatcherServlet 'dispatcherServlet'
2026-06-30 16:54:26 [http-nio-8080-exec-10] TRACE o.s.web.servlet.DispatcherServlet - GET "/api/galeria_v2/img/183", parameters={}, headers={masked} in DispatcherServlet 'dispatcherServlet'
2026-06-30 16:54:26 [http-nio-8080-exec-8] TRACE o.s.w.s.m.m.a.RequestMappingHandlerMapping - Mapped to com.example.tienda_tech.controller.GaleriaV2Controller#obtenerImagen(Integer)
2026-06-30 16:54:26 [http-nio-8080-exec-10] TRACE o.s.w.s.m.m.a.RequestMappingHandlerMapping - Mapped to com.example.tienda_tech.controller.GaleriaV2Controller#obtenerImagen(Integer)
2026-06-30 16:54:26 [http-nio-8080-exec-6] TRACE o.s.web.servlet.DispatcherServlet - No view rendering, null ModelAndView returned.
2026-06-30 16:54:26 [http-nio-8080-exec-6] DEBUG o.s.web.servlet.DispatcherServlet - Completed 200 OK, headers={masked}
2026-06-30 16:54:26 [http-nio-8080-exec-10] TRACE o.s.web.servlet.DispatcherServlet - No view rendering, null ModelAndView returned.
2026-06-30 16:54:26 [http-nio-8080-exec-8] TRACE o.s.web.servlet.DispatcherServlet - No view rendering, null ModelAndView returned.
2026-06-30 16:54:26 [http-nio-8080-exec-10] DEBUG o.s.web.servlet.DispatcherServlet - Completed 200 OK, headers={masked}
2026-06-30 16:54:26 [http-nio-8080-exec-8] DEBUG o.s.web.servlet.DispatcherServlet - Completed 200 OK, headers={masked}
2026-06-30 16:54:32 [http-nio-8080-exec-4] TRACE o.s.web.servlet.DispatcherServlet - GET "/index.html", parameters={}, headers={masked} in DispatcherServlet 'dispatcherServlet'
2026-06-30 16:54:32 [http-nio-8080-exec-4] TRACE o.s.web.servlet.DispatcherServlet - No view rendering, null ModelAndView returned.
2026-06-30 16:54:32 [http-nio-8080-exec-4] DEBUG o.s.web.servlet.DispatcherServlet - Completed 200 OK, headers={masked}
2026-06-30 16:54:32 [http-nio-8080-exec-5] TRACE o.s.web.servlet.DispatcherServlet - GET "/css/styleClaroMenu.css", parameters={}, headers={masked} in DispatcherServlet 'dispatcherServlet'
2026-06-30 16:54:32 [http-nio-8080-exec-1] TRACE o.s.web.servlet.DispatcherServlet - GET "/js/auth-menu.js?v=4", parameters={masked}, headers={masked} in DispatcherServlet 'dispatcherServlet'
2026-06-30 16:54:32 [http-nio-8080-exec-5] TRACE o.s.web.servlet.DispatcherServlet - No view rendering, null ModelAndView returned.
2026-06-30 16:54:32 [http-nio-8080-exec-1] TRACE o.s.web.servlet.DispatcherServlet - No view rendering, null ModelAndView returned.
2026-06-30 16:54:32 [http-nio-8080-exec-5] DEBUG o.s.web.servlet.DispatcherServlet - Completed 200 OK, headers={masked}
2026-06-30 16:54:32 [http-nio-8080-exec-1] DEBUG o.s.web.servlet.DispatcherServlet - Completed 200 OK, headers={masked}
2026-06-30 16:54:32 [http-nio-8080-exec-7] TRACE o.s.web.servlet.DispatcherServlet - GET "/api/categorias", parameters={}, headers={masked} in DispatcherServlet 'dispatcherServlet'
2026-06-30 16:54:32 [http-nio-8080-exec-7] TRACE o.s.w.s.m.m.a.RequestMappingHandlerMapping - Mapped to com.example.tienda_tech.controller.CategoriaController#listar()
2026-06-30 16:54:32 [http-nio-8080-exec-9] TRACE o.s.web.servlet.DispatcherServlet - GET "/assets/menu/img1.jpg", parameters={}, headers={masked} in DispatcherServlet 'dispatcherServlet'
2026-06-30 16:54:32 [http-nio-8080-exec-2] TRACE o.s.web.servlet.DispatcherServlet - GET "/assets/menu/img2.jpg", parameters={}, headers={masked} in DispatcherServlet 'dispatcherServlet'
2026-06-30 16:54:32 [http-nio-8080-exec-3] TRACE o.s.web.servlet.DispatcherServlet - GET "/assets/menu/img3.jpg", parameters={}, headers={masked} in DispatcherServlet 'dispatcherServlet'
2026-06-30 16:54:32 [http-nio-8080-exec-7] TRACE o.s.web.servlet.DispatcherServlet - No view rendering, null ModelAndView returned.
2026-06-30 16:54:32 [http-nio-8080-exec-7] DEBUG o.s.web.servlet.DispatcherServlet - Completed 200 OK, headers={masked}
2026-06-30 16:54:32 [http-nio-8080-exec-6] TRACE o.s.web.servlet.DispatcherServlet - GET "/api/productos/recientes-menu", parameters={}, headers={masked} in DispatcherServlet 'dispatcherServlet'
2026-06-30 16:54:32 [http-nio-8080-exec-3] TRACE o.s.web.servlet.DispatcherServlet - No view rendering, null ModelAndView returned.
2026-06-30 16:54:32 [http-nio-8080-exec-6] TRACE o.s.w.s.m.m.a.RequestMappingHandlerMapping - Mapped to com.example.tienda_tech.controller.HomeController#recientesMenu(int)
2026-06-30 16:54:32 [http-nio-8080-exec-2] TRACE o.s.web.servlet.DispatcherServlet - No view rendering, null ModelAndView returned.
2026-06-30 16:54:32 [http-nio-8080-exec-3] DEBUG o.s.web.servlet.DispatcherServlet - Completed 200 OK, headers={masked}
2026-06-30 16:54:32 [http-nio-8080-exec-2] DEBUG o.s.web.servlet.DispatcherServlet - Completed 200 OK, headers={masked}
2026-06-30 16:54:32 [http-nio-8080-exec-9] TRACE o.s.web.servlet.DispatcherServlet - No view rendering, null ModelAndView returned.
2026-06-30 16:54:32 [http-nio-8080-exec-9] DEBUG o.s.web.servlet.DispatcherServlet - Completed 200 OK, headers={masked}
2026-06-30 16:54:32 [http-nio-8080-exec-6] TRACE o.s.web.servlet.DispatcherServlet - No view rendering, null ModelAndView returned.
2026-06-30 16:54:32 [http-nio-8080-exec-6] DEBUG o.s.web.servlet.DispatcherServlet - Completed 200 OK, headers={masked}
2026-06-30 16:54:32 [http-nio-8080-exec-10] TRACE o.s.w.s.m.m.a.RequestMappingHandlerMapping - 2 matching mappings: [{HEAD [/api/galeria/{galeriaId}/contenido]}, {GET [/api/galeria/{galeriaId}/contenido]}]
2026-06-30 16:54:32 [http-nio-8080-exec-8] TRACE o.s.w.s.m.m.a.RequestMappingHandlerMapping - 2 matching mappings: [{HEAD [/api/galeria/{galeriaId}/contenido]}, {GET [/api/galeria/{galeriaId}/contenido]}]
2026-06-30 16:54:32 [http-nio-8080-exec-5] TRACE o.s.w.s.m.m.a.RequestMappingHandlerMapping - 2 matching mappings: [{HEAD [/api/galeria/{galeriaId}/contenido]}, {GET [/api/galeria/{galeriaId}/contenido]}]
2026-06-30 16:54:32 [http-nio-8080-exec-4] TRACE o.s.w.s.m.m.a.RequestMappingHandlerMapping - 2 matching mappings: [{HEAD [/api/galeria/{galeriaId}/contenido]}, {GET [/api/galeria/{galeriaId}/contenido]}]
2026-06-30 16:54:32 [http-nio-8080-exec-5] TRACE o.s.web.servlet.DispatcherServlet - HEAD "/api/galeria/264/contenido", parameters={}, headers={masked} in DispatcherServlet 'dispatcherServlet'
2026-06-30 16:54:32 [http-nio-8080-exec-8] TRACE o.s.web.servlet.DispatcherServlet - HEAD "/api/galeria/312/contenido", parameters={}, headers={masked} in DispatcherServlet 'dispatcherServlet'
2026-06-30 16:54:32 [http-nio-8080-exec-10] TRACE o.s.web.servlet.DispatcherServlet - HEAD "/api/galeria/303/contenido", parameters={}, headers={masked} in DispatcherServlet 'dispatcherServlet'
2026-06-30 16:54:32 [http-nio-8080-exec-4] TRACE o.s.web.servlet.DispatcherServlet - HEAD "/api/galeria/292/contenido", parameters={}, headers={masked} in DispatcherServlet 'dispatcherServlet'
2026-06-30 16:54:32 [http-nio-8080-exec-5] TRACE o.s.w.s.m.m.a.RequestMappingHandlerMapping - 2 matching mappings: [{HEAD [/api/galeria/{galeriaId}/contenido]}, {GET [/api/galeria/{galeriaId}/contenido]}]
2026-06-30 16:54:32 [http-nio-8080-exec-8] TRACE o.s.w.s.m.m.a.RequestMappingHandlerMapping - 2 matching mappings: [{HEAD [/api/galeria/{galeriaId}/contenido]}, {GET [/api/galeria/{galeriaId}/contenido]}]
2026-06-30 16:54:32 [http-nio-8080-exec-5] TRACE o.s.w.s.m.m.a.RequestMappingHandlerMapping - Mapped to com.example.tienda_tech.controller.GaleriaCompatController#headLegacy(Integer)
2026-06-30 16:54:32 [http-nio-8080-exec-10] TRACE o.s.w.s.m.m.a.RequestMappingHandlerMapping - 2 matching mappings: [{HEAD [/api/galeria/{galeriaId}/contenido]}, {GET [/api/galeria/{galeriaId}/contenido]}]
2026-06-30 16:54:32 [http-nio-8080-exec-4] TRACE o.s.w.s.m.m.a.RequestMappingHandlerMapping - 2 matching mappings: [{HEAD [/api/galeria/{galeriaId}/contenido]}, {GET [/api/galeria/{galeriaId}/contenido]}]
2026-06-30 16:54:32 [http-nio-8080-exec-8] TRACE o.s.w.s.m.m.a.RequestMappingHandlerMapping - Mapped to com.example.tienda_tech.controller.GaleriaCompatController#headLegacy(Integer)
2026-06-30 16:54:32 [http-nio-8080-exec-10] TRACE o.s.w.s.m.m.a.RequestMappingHandlerMapping - Mapped to com.example.tienda_tech.controller.GaleriaCompatController#headLegacy(Integer)
2026-06-30 16:54:32 [http-nio-8080-exec-4] TRACE o.s.w.s.m.m.a.RequestMappingHandlerMapping - Mapped to com.example.tienda_tech.controller.GaleriaCompatController#headLegacy(Integer)
2026-06-30 16:54:32 [http-nio-8080-exec-5] TRACE o.s.web.servlet.DispatcherServlet - No view rendering, null ModelAndView returned.
2026-06-30 16:54:32 [http-nio-8080-exec-8] TRACE o.s.web.servlet.DispatcherServlet - No view rendering, null ModelAndView returned.
2026-06-30 16:54:32 [http-nio-8080-exec-10] TRACE o.s.web.servlet.DispatcherServlet - No view rendering, null ModelAndView returned.
2026-06-30 16:54:32 [http-nio-8080-exec-8] DEBUG o.s.web.servlet.DispatcherServlet - Completed 200 OK, headers={masked}
2026-06-30 16:54:32 [http-nio-8080-exec-10] DEBUG o.s.web.servlet.DispatcherServlet - Completed 200 OK, headers={masked}
2026-06-30 16:54:32 [http-nio-8080-exec-5] DEBUG o.s.web.servlet.DispatcherServlet - Completed 200 OK, headers={masked}
2026-06-30 16:54:32 [http-nio-8080-exec-4] TRACE o.s.web.servlet.DispatcherServlet - No view rendering, null ModelAndView returned.
2026-06-30 16:54:32 [http-nio-8080-exec-4] DEBUG o.s.web.servlet.DispatcherServlet - Completed 200 OK, headers={masked}
2026-06-30 16:54:32 [http-nio-8080-exec-1] TRACE o.s.w.s.m.m.a.RequestMappingHandlerMapping - 2 matching mappings: [{HEAD [/api/galeria/{galeriaId}/contenido]}, {GET [/api/galeria/{galeriaId}/contenido]}]
2026-06-30 16:54:32 [http-nio-8080-exec-1] TRACE o.s.web.servlet.DispatcherServlet - HEAD "/api/galeria/244/contenido", parameters={}, headers={masked} in DispatcherServlet 'dispatcherServlet'
2026-06-30 16:54:32 [http-nio-8080-exec-1] TRACE o.s.w.s.m.m.a.RequestMappingHandlerMapping - 2 matching mappings: [{HEAD [/api/galeria/{galeriaId}/contenido]}, {GET [/api/galeria/{galeriaId}/contenido]}]
2026-06-30 16:54:32 [http-nio-8080-exec-1] TRACE o.s.w.s.m.m.a.RequestMappingHandlerMapping - Mapped to com.example.tienda_tech.controller.GaleriaCompatController#headLegacy(Integer)
2026-06-30 16:54:32 [http-nio-8080-exec-1] TRACE o.s.web.servlet.DispatcherServlet - No view rendering, null ModelAndView returned.
2026-06-30 16:54:32 [http-nio-8080-exec-1] DEBUG o.s.web.servlet.DispatcherServlet - Completed 200 OK, headers={masked}
2026-06-30 16:54:32 [http-nio-8080-exec-7] TRACE o.s.web.servlet.DispatcherServlet - GET "/api/galeria/312/contenido", parameters={}, headers={masked} in DispatcherServlet 'dispatcherServlet'
2026-06-30 16:54:32 [http-nio-8080-exec-7] TRACE o.s.w.s.m.m.a.RequestMappingHandlerMapping - Mapped to com.example.tienda_tech.controller.GaleriaCompatController#contenidoLegacy(Integer)
2026-06-30 16:54:32 [http-nio-8080-exec-7] TRACE o.s.web.servlet.DispatcherServlet - No view rendering, null ModelAndView returned.
2026-06-30 16:54:32 [http-nio-8080-exec-7] DEBUG o.s.web.servlet.DispatcherServlet - Completed 200 OK, headers={masked}
2026-06-30 16:54:32 [http-nio-8080-exec-3] TRACE o.s.web.servlet.DispatcherServlet - GET "/api/galeria/303/contenido", parameters={}, headers={masked} in DispatcherServlet 'dispatcherServlet'
2026-06-30 16:54:32 [http-nio-8080-exec-3] TRACE o.s.w.s.m.m.a.RequestMappingHandlerMapping - Mapped to com.example.tienda_tech.controller.GaleriaCompatController#contenidoLegacy(Integer)
2026-06-30 16:54:32 [http-nio-8080-exec-3] TRACE o.s.web.servlet.DispatcherServlet - No view rendering, null ModelAndView returned.
2026-06-30 16:54:32 [http-nio-8080-exec-3] DEBUG o.s.web.servlet.DispatcherServlet - Completed 200 OK, headers={masked}
2026-06-30 16:54:33 [http-nio-8080-exec-2] TRACE o.s.web.servlet.DispatcherServlet - GET "/Busqueda.html?cat=2&nombre=CPU", parameters={masked}, headers={masked} in DispatcherServlet 'dispatcherServlet'
2026-06-30 16:54:33 [http-nio-8080-exec-2] TRACE o.s.web.servlet.DispatcherServlet - No view rendering, null ModelAndView returned.
2026-06-30 16:54:33 [http-nio-8080-exec-2] DEBUG o.s.web.servlet.DispatcherServlet - Completed 200 OK, headers={masked}
2026-06-30 16:54:33 [http-nio-8080-exec-6] TRACE o.s.web.servlet.DispatcherServlet - GET "/styleClaroMenu.css", parameters={}, headers={masked} in DispatcherServlet 'dispatcherServlet'
2026-06-30 16:54:33 [http-nio-8080-exec-9] TRACE o.s.web.servlet.DispatcherServlet - GET "/js/auth-menu.js?v=4", parameters={masked}, headers={masked} in DispatcherServlet 'dispatcherServlet'
2026-06-30 16:54:33 [http-nio-8080-exec-9] TRACE o.s.web.servlet.DispatcherServlet - No view rendering, null ModelAndView returned.
2026-06-30 16:54:33 [http-nio-8080-exec-9] DEBUG o.s.web.servlet.DispatcherServlet - Completed 200 OK, headers={masked}
2026-06-30 16:54:33 [http-nio-8080-exec-6] ERROR c.e.tienda_tech.advice.ApiErrors - [GET /styleClaroMenu.css] Unhandled exception
org.springframework.web.servlet.resource.NoResourceFoundException: No static resource styleClaroMenu.css.
	at org.springframework.web.servlet.resource.ResourceHttpRequestHandler.handleRequest(ResourceHttpRequestHandler.java:585)
	at org.springframework.web.servlet.mvc.HttpRequestHandlerAdapter.handle(HttpRequestHandlerAdapter.java:52)
	at org.springframework.web.servlet.DispatcherServlet.doDispatch(DispatcherServlet.java:1089)
	at org.springframework.web.servlet.DispatcherServlet.doService(DispatcherServlet.java:979)
	at org.springframework.web.servlet.FrameworkServlet.processRequest(FrameworkServlet.java:1014)
	at org.springframework.web.servlet.FrameworkServlet.doGet(FrameworkServlet.java:903)
	at jakarta.servlet.http.HttpServlet.service(HttpServlet.java:564)
	at org.springframework.web.servlet.FrameworkServlet.service(FrameworkServlet.java:885)
	at jakarta.servlet.http.HttpServlet.service(HttpServlet.java:658)
	at org.apache.catalina.core.ApplicationFilterChain.internalDoFilter(ApplicationFilterChain.java:195)
	at org.apache.catalina.core.ApplicationFilterChain.doFilter(ApplicationFilterChain.java:140)
	at org.apache.tomcat.websocket.server.WsFilter.doFilter(WsFilter.java:51)
	at org.apache.catalina.core.ApplicationFilterChain.internalDoFilter(ApplicationFilterChain.java:164)
	at org.apache.catalina.core.ApplicationFilterChain.doFilter(ApplicationFilterChain.java:140)
	at org.springframework.web.filter.CompositeFilter$VirtualFilterChain.doFilter(CompositeFilter.java:108)
	at org.springframework.web.filter.CompositeFilter$VirtualFilterChain.doFilter(CompositeFilter.java:108)
	at org.springframework.security.web.FilterChainProxy.lambda$doFilterInternal$3(FilterChainProxy.java:231)
	at org.springframework.security.web.FilterChainProxy$VirtualFilterChain.doFilter(FilterChainProxy.java:365)
	at org.springframework.security.web.access.intercept.AuthorizationFilter.doFilter(AuthorizationFilter.java:101)
	at org.springframework.security.web.FilterChainProxy$VirtualFilterChain.doFilter(FilterChainProxy.java:374)
	at org.springframework.security.web.access.ExceptionTranslationFilter.doFilter(ExceptionTranslationFilter.java:125)
	at org.springframework.security.web.access.ExceptionTranslationFilter.doFilter(ExceptionTranslationFilter.java:119)
	at org.springframework.security.web.FilterChainProxy$VirtualFilterChain.doFilter(FilterChainProxy.java:374)
	at org.springframework.security.web.authentication.AnonymousAuthenticationFilter.doFilter(AnonymousAuthenticationFilter.java:100)
	at org.springframework.security.web.FilterChainProxy$VirtualFilterChain.doFilter(FilterChainProxy.java:374)
	at org.springframework.security.web.servletapi.SecurityContextHolderAwareRequestFilter.doFilter(SecurityContextHolderAwareRequestFilter.java:179)
	at org.springframework.security.web.FilterChainProxy$VirtualFilterChain.doFilter(FilterChainProxy.java:374)
	at org.springframework.security.web.savedrequest.RequestCacheAwareFilter.doFilter(RequestCacheAwareFilter.java:63)
	at org.springframework.security.web.FilterChainProxy$VirtualFilterChain.doFilter(FilterChainProxy.java:374)
	at org.springframework.security.web.authentication.logout.LogoutFilter.doFilter(LogoutFilter.java:107)
	at org.springframework.security.web.authentication.logout.LogoutFilter.doFilter(LogoutFilter.java:93)
	at org.springframework.security.web.FilterChainProxy$VirtualFilterChain.doFilter(FilterChainProxy.java:374)
	at org.springframework.web.filter.CorsFilter.doFilterInternal(CorsFilter.java:91)
	at org.springframework.web.filter.OncePerRequestFilter.doFilter(OncePerRequestFilter.java:116)
	at org.springframework.security.web.FilterChainProxy$VirtualFilterChain.doFilter(FilterChainProxy.java:374)
	at org.springframework.security.web.header.HeaderWriterFilter.doHeadersAfter(HeaderWriterFilter.java:90)
	at org.springframework.security.web.header.HeaderWriterFilter.doFilterInternal(HeaderWriterFilter.java:75)
	at org.springframework.web.filter.OncePerRequestFilter.doFilter(OncePerRequestFilter.java:116)
	at org.springframework.security.web.FilterChainProxy$VirtualFilterChain.doFilter(FilterChainProxy.java:374)
	at org.springframework.security.web.context.SecurityContextHolderFilter.doFilter(SecurityContextHolderFilter.java:82)
	at org.springframework.security.web.context.SecurityContextHolderFilter.doFilter(SecurityContextHolderFilter.java:69)
	at org.springframework.security.web.FilterChainProxy$VirtualFilterChain.doFilter(FilterChainProxy.java:374)
	at org.springframework.security.web.context.request.async.WebAsyncManagerIntegrationFilter.doFilterInternal(WebAsyncManagerIntegrationFilter.java:62)
	at org.springframework.web.filter.OncePerRequestFilter.doFilter(OncePerRequestFilter.java:116)
	at org.springframework.security.web.FilterChainProxy$VirtualFilterChain.doFilter(FilterChainProxy.java:374)
	at org.springframework.security.web.session.DisableEncodeUrlFilter.doFilterInternal(DisableEncodeUrlFilter.java:42)
	at org.springframework.web.filter.OncePerRequestFilter.doFilter(OncePerRequestFilter.java:116)
	at org.springframework.security.web.FilterChainProxy$VirtualFilterChain.doFilter(FilterChainProxy.java:374)
	at org.springframework.security.web.FilterChainProxy.doFilterInternal(FilterChainProxy.java:233)
	at org.springframework.security.web.FilterChainProxy.doFilter(FilterChainProxy.java:191)
	at org.springframework.web.filter.CompositeFilter$VirtualFilterChain.doFilter(CompositeFilter.java:113)
	at org.springframework.web.filter.ServletRequestPathFilter.doFilter(ServletRequestPathFilter.java:52)
	at org.springframework.web.filter.CompositeFilter$VirtualFilterChain.doFilter(CompositeFilter.java:113)
	at org.springframework.web.filter.CompositeFilter.doFilter(CompositeFilter.java:74)
	at org.springframework.security.config.annotation.web.configuration.WebSecurityConfiguration$CompositeFilterChainProxy.doFilter(WebSecurityConfiguration.java:319)
	at org.springframework.web.filter.CompositeFilter$VirtualFilterChain.doFilter(CompositeFilter.java:113)
	at org.springframework.web.servlet.handler.HandlerMappingIntrospector.lambda$createCacheFilter$4(HandlerMappingIntrospector.java:267)
	at org.springframework.web.filter.CompositeFilter$VirtualFilterChain.doFilter(CompositeFilter.java:113)
	at org.springframework.web.filter.CompositeFilter.doFilter(CompositeFilter.java:74)
	at org.springframework.security.config.annotation.web.configuration.WebMvcSecurityConfiguration$CompositeFilterChainProxy.doFilter(WebMvcSecurityConfiguration.java:240)
	at org.springframework.web.filter.DelegatingFilterProxy.invokeDelegate(DelegatingFilterProxy.java:362)
	at org.springframework.web.filter.DelegatingFilterProxy.doFilter(DelegatingFilterProxy.java:278)
	at org.apache.catalina.core.ApplicationFilterChain.internalDoFilter(ApplicationFilterChain.java:164)
	at org.apache.catalina.core.ApplicationFilterChain.doFilter(ApplicationFilterChain.java:140)
	at org.springframework.web.filter.RequestContextFilter.doFilterInternal(RequestContextFilter.java:100)
	at org.springframework.web.filter.OncePerRequestFilter.doFilter(OncePerRequestFilter.java:116)
	at org.apache.catalina.core.ApplicationFilterChain.internalDoFilter(ApplicationFilterChain.java:164)
	at org.apache.catalina.core.ApplicationFilterChain.doFilter(ApplicationFilterChain.java:140)
	at org.springframework.web.filter.FormContentFilter.doFilterInternal(FormContentFilter.java:93)
	at org.springframework.web.filter.OncePerRequestFilter.doFilter(OncePerRequestFilter.java:116)
	at org.apache.catalina.core.ApplicationFilterChain.internalDoFilter(ApplicationFilterChain.java:164)
	at org.apache.catalina.core.ApplicationFilterChain.doFilter(ApplicationFilterChain.java:140)
	at org.springframework.web.filter.CharacterEncodingFilter.doFilterInternal(CharacterEncodingFilter.java:201)
	at org.springframework.web.filter.OncePerRequestFilter.doFilter(OncePerRequestFilter.java:116)
	at org.apache.catalina.core.ApplicationFilterChain.internalDoFilter(ApplicationFilterChain.java:164)
	at org.apache.catalina.core.ApplicationFilterChain.doFilter(ApplicationFilterChain.java:140)
	at org.apache.catalina.core.StandardWrapperValve.invoke(StandardWrapperValve.java:167)
	at org.apache.catalina.core.StandardContextValve.invoke(StandardContextValve.java:90)
	at org.apache.catalina.authenticator.AuthenticatorBase.invoke(AuthenticatorBase.java:483)
	at org.apache.catalina.core.StandardHostValve.invoke(StandardHostValve.java:116)
	at org.apache.catalina.valves.ErrorReportValve.invoke(ErrorReportValve.java:93)
	at org.apache.catalina.core.StandardEngineValve.invoke(StandardEngineValve.java:74)
	at org.apache.catalina.connector.CoyoteAdapter.service(CoyoteAdapter.java:344)
	at org.apache.coyote.http11.Http11Processor.service(Http11Processor.java:398)
	at org.apache.coyote.AbstractProcessorLight.process(AbstractProcessorLight.java:63)
	at org.apache.coyote.AbstractProtocol$ConnectionHandler.process(AbstractProtocol.java:903)
	at org.apache.tomcat.util.net.NioEndpoint$SocketProcessor.doRun(NioEndpoint.java:1769)
	at org.apache.tomcat.util.net.SocketProcessorBase.run(SocketProcessorBase.java:52)
	at org.apache.tomcat.util.threads.ThreadPoolExecutor.runWorker(ThreadPoolExecutor.java:1189)
	at org.apache.tomcat.util.threads.ThreadPoolExecutor$Worker.run(ThreadPoolExecutor.java:658)
	at org.apache.tomcat.util.threads.TaskThread$WrappingRunnable.run(TaskThread.java:63)
	at java.base/java.lang.Thread.run(Thread.java:1447)
2026-06-30 16:54:33 [http-nio-8080-exec-6] WARN  o.s.w.s.m.m.a.ExceptionHandlerExceptionResolver - Resolved [org.springframework.web.servlet.resource.NoResourceFoundException: No static resource styleClaroMenu.css.]
2026-06-30 16:54:33 [http-nio-8080-exec-6] TRACE o.s.web.servlet.DispatcherServlet - No view rendering, null ModelAndView returned.
2026-06-30 16:54:33 [http-nio-8080-exec-6] DEBUG o.s.web.servlet.DispatcherServlet - Completed 500 INTERNAL_SERVER_ERROR, headers={masked}
2026-06-30 16:54:33 [http-nio-8080-exec-10] TRACE o.s.web.servlet.DispatcherServlet - GET "/api/productos/por-categoria?categoriaId=2", parameters={masked}, headers={masked} in DispatcherServlet 'dispatcherServlet'
2026-06-30 16:54:33 [http-nio-8080-exec-10] TRACE o.s.w.s.m.m.a.RequestMappingHandlerMapping - Mapped to com.example.tienda_tech.controller.ProductoQueryController#porCategoria(Integer, Integer)
2026-06-30 16:54:33 [http-nio-8080-exec-10] TRACE o.s.web.servlet.DispatcherServlet - No view rendering, null ModelAndView returned.
2026-06-30 16:54:33 [http-nio-8080-exec-10] DEBUG o.s.web.servlet.DispatcherServlet - Completed 200 OK, headers={masked}
2026-06-30 16:54:33 [http-nio-8080-exec-4] TRACE o.s.web.servlet.DispatcherServlet - GET "/api/galeria_v2/img/111", parameters={}, headers={masked} in DispatcherServlet 'dispatcherServlet'
2026-06-30 16:54:33 [http-nio-8080-exec-5] TRACE o.s.web.servlet.DispatcherServlet - GET "/api/galeria_v2/img/321", parameters={}, headers={masked} in DispatcherServlet 'dispatcherServlet'
2026-06-30 16:54:33 [http-nio-8080-exec-8] TRACE o.s.web.servlet.DispatcherServlet - GET "/api/galeria_v2/img/279", parameters={}, headers={masked} in DispatcherServlet 'dispatcherServlet'
2026-06-30 16:54:33 [http-nio-8080-exec-1] TRACE o.s.web.servlet.DispatcherServlet - GET "/api/galeria_v2/img/117", parameters={}, headers={masked} in DispatcherServlet 'dispatcherServlet'
2026-06-30 16:54:33 [http-nio-8080-exec-4] TRACE o.s.w.s.m.m.a.RequestMappingHandlerMapping - Mapped to com.example.tienda_tech.controller.GaleriaV2Controller#obtenerImagen(Integer)
2026-06-30 16:54:33 [http-nio-8080-exec-8] TRACE o.s.w.s.m.m.a.RequestMappingHandlerMapping - Mapped to com.example.tienda_tech.controller.GaleriaV2Controller#obtenerImagen(Integer)
2026-06-30 16:54:33 [http-nio-8080-exec-1] TRACE o.s.w.s.m.m.a.RequestMappingHandlerMapping - Mapped to com.example.tienda_tech.controller.GaleriaV2Controller#obtenerImagen(Integer)
2026-06-30 16:54:33 [http-nio-8080-exec-5] TRACE o.s.w.s.m.m.a.RequestMappingHandlerMapping - Mapped to com.example.tienda_tech.controller.GaleriaV2Controller#obtenerImagen(Integer)
2026-06-30 16:54:33 [http-nio-8080-exec-7] TRACE o.s.web.servlet.DispatcherServlet - GET "/api/galeria_v2/img/113", parameters={}, headers={masked} in DispatcherServlet 'dispatcherServlet'
2026-06-30 16:54:33 [http-nio-8080-exec-7] TRACE o.s.w.s.m.m.a.RequestMappingHandlerMapping - Mapped to com.example.tienda_tech.controller.GaleriaV2Controller#obtenerImagen(Integer)
2026-06-30 16:54:33 [http-nio-8080-exec-4] TRACE o.s.web.servlet.DispatcherServlet - No view rendering, null ModelAndView returned.
2026-06-30 16:54:33 [http-nio-8080-exec-5] TRACE o.s.web.servlet.DispatcherServlet - No view rendering, null ModelAndView returned.
2026-06-30 16:54:33 [http-nio-8080-exec-1] TRACE o.s.web.servlet.DispatcherServlet - No view rendering, null ModelAndView returned.
2026-06-30 16:54:33 [http-nio-8080-exec-8] TRACE o.s.web.servlet.DispatcherServlet - No view rendering, null ModelAndView returned.
2026-06-30 16:54:33 [http-nio-8080-exec-5] DEBUG o.s.web.servlet.DispatcherServlet - Completed 304 NOT_MODIFIED, headers={masked}
2026-06-30 16:54:33 [http-nio-8080-exec-4] DEBUG o.s.web.servlet.DispatcherServlet - Completed 304 NOT_MODIFIED, headers={masked}
2026-06-30 16:54:33 [http-nio-8080-exec-8] DEBUG o.s.web.servlet.DispatcherServlet - Completed 304 NOT_MODIFIED, headers={masked}
2026-06-30 16:54:33 [http-nio-8080-exec-1] DEBUG o.s.web.servlet.DispatcherServlet - Completed 304 NOT_MODIFIED, headers={masked}
2026-06-30 16:54:33 [http-nio-8080-exec-3] TRACE o.s.web.servlet.DispatcherServlet - GET "/api/galeria_v2/img/67", parameters={}, headers={masked} in DispatcherServlet 'dispatcherServlet'
2026-06-30 16:54:33 [http-nio-8080-exec-3] TRACE o.s.w.s.m.m.a.RequestMappingHandlerMapping - Mapped to com.example.tienda_tech.controller.GaleriaV2Controller#obtenerImagen(Integer)
2026-06-30 16:54:33 [http-nio-8080-exec-7] TRACE o.s.web.servlet.DispatcherServlet - No view rendering, null ModelAndView returned.
2026-06-30 16:54:34 [http-nio-8080-exec-7] DEBUG o.s.web.servlet.DispatcherServlet - Completed 304 NOT_MODIFIED, headers={masked}
2026-06-30 16:54:34 [http-nio-8080-exec-3] TRACE o.s.web.servlet.DispatcherServlet - No view rendering, null ModelAndView returned.
2026-06-30 16:54:34 [http-nio-8080-exec-3] DEBUG o.s.web.servlet.DispatcherServlet - Completed 304 NOT_MODIFIED, headers={masked}
2026-06-30 16:54:34 [http-nio-8080-exec-2] TRACE o.s.web.servlet.DispatcherServlet - GET "/informacion_producto.html?id=34", parameters={masked}, headers={masked} in DispatcherServlet 'dispatcherServlet'
2026-06-30 16:54:34 [http-nio-8080-exec-2] TRACE o.s.web.servlet.DispatcherServlet - No view rendering, null ModelAndView returned.
2026-06-30 16:54:34 [http-nio-8080-exec-2] DEBUG o.s.web.servlet.DispatcherServlet - Completed 200 OK, headers={masked}
2026-06-30 16:54:34 [http-nio-8080-exec-9] TRACE o.s.web.servlet.DispatcherServlet - GET "/css/style2.css", parameters={}, headers={masked} in DispatcherServlet 'dispatcherServlet'
2026-06-30 16:54:34 [http-nio-8080-exec-6] TRACE o.s.web.servlet.DispatcherServlet - GET "/js/auth-menu.js?v=4", parameters={masked}, headers={masked} in DispatcherServlet 'dispatcherServlet'
2026-06-30 16:54:34 [http-nio-8080-exec-6] TRACE o.s.web.servlet.DispatcherServlet - No view rendering, null ModelAndView returned.
2026-06-30 16:54:34 [http-nio-8080-exec-9] TRACE o.s.web.servlet.DispatcherServlet - No view rendering, null ModelAndView returned.
2026-06-30 16:54:34 [http-nio-8080-exec-9] DEBUG o.s.web.servlet.DispatcherServlet - Completed 200 OK, headers={masked}
2026-06-30 16:54:34 [http-nio-8080-exec-6] DEBUG o.s.web.servlet.DispatcherServlet - Completed 200 OK, headers={masked}
2026-06-30 16:54:34 [http-nio-8080-exec-10] TRACE o.s.web.servlet.DispatcherServlet - GET "/api/productos/34", parameters={}, headers={masked} in DispatcherServlet 'dispatcherServlet'
2026-06-30 16:54:34 [http-nio-8080-exec-10] TRACE o.s.w.s.m.m.a.RequestMappingHandlerMapping - Mapped to com.example.tienda_tech.controller.ProductoQueryController#detalle(Integer, Integer)
2026-06-30 16:54:34 [http-nio-8080-exec-10] TRACE o.s.web.servlet.DispatcherServlet - No view rendering, null ModelAndView returned.
2026-06-30 16:54:34 [http-nio-8080-exec-10] DEBUG o.s.web.servlet.DispatcherServlet - Completed 200 OK, headers={masked}
2026-06-30 16:54:34 [http-nio-8080-exec-1] TRACE o.s.web.servlet.DispatcherServlet - GET "/api/sp/productos/34/editar", parameters={}, headers={masked} in DispatcherServlet 'dispatcherServlet'
2026-06-30 16:54:34 [http-nio-8080-exec-1] TRACE o.s.w.s.m.m.a.RequestMappingHandlerMapping - Mapped to com.example.tienda_tech.controller.ProductoSpController#getDetalleEditar(Integer)
2026-06-30 16:54:34 [http-nio-8080-exec-1] TRACE o.s.web.servlet.DispatcherServlet - No view rendering, null ModelAndView returned.
2026-06-30 16:54:34 [http-nio-8080-exec-1] DEBUG o.s.web.servlet.DispatcherServlet - Completed 200 OK, headers={masked}
2026-06-30 16:54:34 [http-nio-8080-exec-4] TRACE o.s.web.servlet.DispatcherServlet - GET "/api/galeria_v2/img/287", parameters={}, headers={masked} in DispatcherServlet 'dispatcherServlet'
2026-06-30 16:54:34 [http-nio-8080-exec-4] TRACE o.s.w.s.m.m.a.RequestMappingHandlerMapping - Mapped to com.example.tienda_tech.controller.GaleriaV2Controller#obtenerImagen(Integer)
2026-06-30 16:54:34 [http-nio-8080-exec-8] TRACE o.s.web.servlet.DispatcherServlet - GET "/api/galeria_v2/img/286", parameters={}, headers={masked} in DispatcherServlet 'dispatcherServlet'
2026-06-30 16:54:34 [http-nio-8080-exec-8] TRACE o.s.w.s.m.m.a.RequestMappingHandlerMapping - Mapped to com.example.tienda_tech.controller.GaleriaV2Controller#obtenerImagen(Integer)
2026-06-30 16:54:34 [http-nio-8080-exec-4] TRACE o.s.web.servlet.DispatcherServlet - No view rendering, null ModelAndView returned.
2026-06-30 16:54:34 [http-nio-8080-exec-8] TRACE o.s.web.servlet.DispatcherServlet - No view rendering, null ModelAndView returned.
2026-06-30 16:54:34 [http-nio-8080-exec-8] DEBUG o.s.web.servlet.DispatcherServlet - Completed 304 NOT_MODIFIED, headers={masked}
2026-06-30 16:54:34 [http-nio-8080-exec-4] DEBUG o.s.web.servlet.DispatcherServlet - Completed 304 NOT_MODIFIED, headers={masked}
2026-06-30 16:54:34 [http-nio-8080-exec-7] TRACE o.s.web.servlet.DispatcherServlet - GET "/api/galeria_v2/img/284", parameters={}, headers={masked} in DispatcherServlet 'dispatcherServlet'
2026-06-30 16:54:34 [http-nio-8080-exec-5] TRACE o.s.web.servlet.DispatcherServlet - GET "/api/galeria_v2/img/285", parameters={}, headers={masked} in DispatcherServlet 'dispatcherServlet'
2026-06-30 16:54:34 [http-nio-8080-exec-5] TRACE o.s.w.s.m.m.a.RequestMappingHandlerMapping - Mapped to com.example.tienda_tech.controller.GaleriaV2Controller#obtenerImagen(Integer)
2026-06-30 16:54:34 [http-nio-8080-exec-7] TRACE o.s.w.s.m.m.a.RequestMappingHandlerMapping - Mapped to com.example.tienda_tech.controller.GaleriaV2Controller#obtenerImagen(Integer)
2026-06-30 16:54:34 [http-nio-8080-exec-6] TRACE o.s.web.servlet.DispatcherServlet - GET "/api/galeria_v2/img/282", parameters={}, headers={masked} in DispatcherServlet 'dispatcherServlet'
2026-06-30 16:54:34 [http-nio-8080-exec-3] TRACE o.s.web.servlet.DispatcherServlet - GET "/api/galeria_v2/img/283", parameters={}, headers={masked} in DispatcherServlet 'dispatcherServlet'
2026-06-30 16:54:34 [http-nio-8080-exec-9] TRACE o.s.web.servlet.DispatcherServlet - GET "/api/galeria_v2/img/280", parameters={}, headers={masked} in DispatcherServlet 'dispatcherServlet'
2026-06-30 16:54:34 [http-nio-8080-exec-2] TRACE o.s.web.servlet.DispatcherServlet - GET "/api/galeria_v2/img/281", parameters={}, headers={masked} in DispatcherServlet 'dispatcherServlet'
2026-06-30 16:54:34 [http-nio-8080-exec-6] TRACE o.s.w.s.m.m.a.RequestMappingHandlerMapping - Mapped to com.example.tienda_tech.controller.GaleriaV2Controller#obtenerImagen(Integer)
2026-06-30 16:54:34 [http-nio-8080-exec-3] TRACE o.s.w.s.m.m.a.RequestMappingHandlerMapping - Mapped to com.example.tienda_tech.controller.GaleriaV2Controller#obtenerImagen(Integer)
2026-06-30 16:54:34 [http-nio-8080-exec-2] TRACE o.s.w.s.m.m.a.RequestMappingHandlerMapping - Mapped to com.example.tienda_tech.controller.GaleriaV2Controller#obtenerImagen(Integer)
2026-06-30 16:54:34 [http-nio-8080-exec-9] TRACE o.s.w.s.m.m.a.RequestMappingHandlerMapping - Mapped to com.example.tienda_tech.controller.GaleriaV2Controller#obtenerImagen(Integer)
2026-06-30 16:54:34 [http-nio-8080-exec-3] TRACE o.s.web.servlet.DispatcherServlet - No view rendering, null ModelAndView returned.
2026-06-30 16:54:34 [http-nio-8080-exec-6] TRACE o.s.web.servlet.DispatcherServlet - No view rendering, null ModelAndView returned.
2026-06-30 16:54:34 [http-nio-8080-exec-2] TRACE o.s.web.servlet.DispatcherServlet - No view rendering, null ModelAndView returned.
2026-06-30 16:54:34 [http-nio-8080-exec-5] TRACE o.s.web.servlet.DispatcherServlet - No view rendering, null ModelAndView returned.
2026-06-30 16:54:34 [http-nio-8080-exec-2] DEBUG o.s.web.servlet.DispatcherServlet - Completed 304 NOT_MODIFIED, headers={masked}
2026-06-30 16:54:34 [http-nio-8080-exec-6] DEBUG o.s.web.servlet.DispatcherServlet - Completed 304 NOT_MODIFIED, headers={masked}
2026-06-30 16:54:34 [http-nio-8080-exec-3] DEBUG o.s.web.servlet.DispatcherServlet - Completed 304 NOT_MODIFIED, headers={masked}
2026-06-30 16:54:34 [http-nio-8080-exec-7] TRACE o.s.web.servlet.DispatcherServlet - No view rendering, null ModelAndView returned.
2026-06-30 16:54:34 [http-nio-8080-exec-9] TRACE o.s.web.servlet.DispatcherServlet - No view rendering, null ModelAndView returned.
2026-06-30 16:54:34 [http-nio-8080-exec-7] DEBUG o.s.web.servlet.DispatcherServlet - Completed 304 NOT_MODIFIED, headers={masked}
2026-06-30 16:54:34 [http-nio-8080-exec-9] DEBUG o.s.web.servlet.DispatcherServlet - Completed 304 NOT_MODIFIED, headers={masked}
2026-06-30 16:54:34 [http-nio-8080-exec-5] DEBUG o.s.web.servlet.DispatcherServlet - Completed 304 NOT_MODIFIED, headers={masked}
2026-06-30 16:54:43 [http-nio-8080-exec-10] TRACE o.s.web.servlet.DispatcherServlet - GET "/index.html", parameters={}, headers={masked} in DispatcherServlet 'dispatcherServlet'
2026-06-30 16:54:43 [http-nio-8080-exec-10] TRACE o.s.web.servlet.DispatcherServlet - No view rendering, null ModelAndView returned.
2026-06-30 16:54:43 [http-nio-8080-exec-10] DEBUG o.s.web.servlet.DispatcherServlet - Completed 200 OK, headers={masked}
2026-06-30 16:54:43 [http-nio-8080-exec-1] TRACE o.s.web.servlet.DispatcherServlet - GET "/css/styleClaroMenu.css", parameters={}, headers={masked} in DispatcherServlet 'dispatcherServlet'
2026-06-30 16:54:43 [http-nio-8080-exec-8] TRACE o.s.web.servlet.DispatcherServlet - GET "/js/auth-menu.js?v=4", parameters={masked}, headers={masked} in DispatcherServlet 'dispatcherServlet'
2026-06-30 16:54:43 [http-nio-8080-exec-8] TRACE o.s.web.servlet.DispatcherServlet - No view rendering, null ModelAndView returned.
2026-06-30 16:54:43 [http-nio-8080-exec-1] TRACE o.s.web.servlet.DispatcherServlet - No view rendering, null ModelAndView returned.
2026-06-30 16:54:43 [http-nio-8080-exec-8] DEBUG o.s.web.servlet.DispatcherServlet - Completed 200 OK, headers={masked}
2026-06-30 16:54:43 [http-nio-8080-exec-1] DEBUG o.s.web.servlet.DispatcherServlet - Completed 200 OK, headers={masked}
2026-06-30 16:54:43 [http-nio-8080-exec-4] TRACE o.s.web.servlet.DispatcherServlet - GET "/api/categorias", parameters={}, headers={masked} in DispatcherServlet 'dispatcherServlet'
2026-06-30 16:54:43 [http-nio-8080-exec-4] TRACE o.s.w.s.m.m.a.RequestMappingHandlerMapping - Mapped to com.example.tienda_tech.controller.CategoriaController#listar()
2026-06-30 16:54:43 [http-nio-8080-exec-2] TRACE o.s.web.servlet.DispatcherServlet - GET "/assets/menu/img1.jpg", parameters={}, headers={masked} in DispatcherServlet 'dispatcherServlet'
2026-06-30 16:54:43 [http-nio-8080-exec-4] TRACE o.s.web.servlet.DispatcherServlet - No view rendering, null ModelAndView returned.
2026-06-30 16:54:43 [http-nio-8080-exec-4] DEBUG o.s.web.servlet.DispatcherServlet - Completed 200 OK, headers={masked}
2026-06-30 16:54:43 [http-nio-8080-exec-2] TRACE o.s.web.servlet.DispatcherServlet - No view rendering, null ModelAndView returned.
2026-06-30 16:54:43 [http-nio-8080-exec-2] DEBUG o.s.web.servlet.DispatcherServlet - Completed 200 OK, headers={masked}
2026-06-30 16:54:43 [http-nio-8080-exec-6] TRACE o.s.web.servlet.DispatcherServlet - GET "/assets/menu/img2.jpg", parameters={}, headers={masked} in DispatcherServlet 'dispatcherServlet'
2026-06-30 16:54:43 [http-nio-8080-exec-3] TRACE o.s.web.servlet.DispatcherServlet - GET "/assets/menu/img3.jpg", parameters={}, headers={masked} in DispatcherServlet 'dispatcherServlet'
2026-06-30 16:54:43 [http-nio-8080-exec-3] TRACE o.s.web.servlet.DispatcherServlet - No view rendering, null ModelAndView returned.
2026-06-30 16:54:43 [http-nio-8080-exec-6] TRACE o.s.web.servlet.DispatcherServlet - No view rendering, null ModelAndView returned.
2026-06-30 16:54:43 [http-nio-8080-exec-3] DEBUG o.s.web.servlet.DispatcherServlet - Completed 200 OK, headers={masked}
2026-06-30 16:54:43 [http-nio-8080-exec-6] DEBUG o.s.web.servlet.DispatcherServlet - Completed 200 OK, headers={masked}
2026-06-30 16:54:43 [http-nio-8080-exec-5] TRACE o.s.web.servlet.DispatcherServlet - GET "/api/productos/recientes-menu", parameters={}, headers={masked} in DispatcherServlet 'dispatcherServlet'
2026-06-30 16:54:43 [http-nio-8080-exec-5] TRACE o.s.w.s.m.m.a.RequestMappingHandlerMapping - Mapped to com.example.tienda_tech.controller.HomeController#recientesMenu(int)
2026-06-30 16:54:43 [http-nio-8080-exec-5] TRACE o.s.web.servlet.DispatcherServlet - No view rendering, null ModelAndView returned.
2026-06-30 16:54:43 [http-nio-8080-exec-5] DEBUG o.s.web.servlet.DispatcherServlet - Completed 200 OK, headers={masked}
2026-06-30 16:54:43 [http-nio-8080-exec-7] TRACE o.s.w.s.m.m.a.RequestMappingHandlerMapping - 2 matching mappings: [{HEAD [/api/galeria/{galeriaId}/contenido]}, {GET [/api/galeria/{galeriaId}/contenido]}]
2026-06-30 16:54:43 [http-nio-8080-exec-9] TRACE o.s.w.s.m.m.a.RequestMappingHandlerMapping - 2 matching mappings: [{HEAD [/api/galeria/{galeriaId}/contenido]}, {GET [/api/galeria/{galeriaId}/contenido]}]
2026-06-30 16:54:43 [http-nio-8080-exec-7] TRACE o.s.web.servlet.DispatcherServlet - HEAD "/api/galeria/312/contenido", parameters={}, headers={masked} in DispatcherServlet 'dispatcherServlet'
2026-06-30 16:54:43 [http-nio-8080-exec-9] TRACE o.s.web.servlet.DispatcherServlet - HEAD "/api/galeria/303/contenido", parameters={}, headers={masked} in DispatcherServlet 'dispatcherServlet'
2026-06-30 16:54:43 [http-nio-8080-exec-7] TRACE o.s.w.s.m.m.a.RequestMappingHandlerMapping - 2 matching mappings: [{HEAD [/api/galeria/{galeriaId}/contenido]}, {GET [/api/galeria/{galeriaId}/contenido]}]
2026-06-30 16:54:43 [http-nio-8080-exec-10] TRACE o.s.w.s.m.m.a.RequestMappingHandlerMapping - 2 matching mappings: [{HEAD [/api/galeria/{galeriaId}/contenido]}, {GET [/api/galeria/{galeriaId}/contenido]}]
2026-06-30 16:54:43 [http-nio-8080-exec-7] TRACE o.s.w.s.m.m.a.RequestMappingHandlerMapping - Mapped to com.example.tienda_tech.controller.GaleriaCompatController#headLegacy(Integer)
2026-06-30 16:54:43 [http-nio-8080-exec-9] TRACE o.s.w.s.m.m.a.RequestMappingHandlerMapping - 2 matching mappings: [{HEAD [/api/galeria/{galeriaId}/contenido]}, {GET [/api/galeria/{galeriaId}/contenido]}]
2026-06-30 16:54:43 [http-nio-8080-exec-9] TRACE o.s.w.s.m.m.a.RequestMappingHandlerMapping - Mapped to com.example.tienda_tech.controller.GaleriaCompatController#headLegacy(Integer)
2026-06-30 16:54:43 [http-nio-8080-exec-10] TRACE o.s.web.servlet.DispatcherServlet - HEAD "/api/galeria/292/contenido", parameters={}, headers={masked} in DispatcherServlet 'dispatcherServlet'
2026-06-30 16:54:43 [http-nio-8080-exec-8] TRACE o.s.w.s.m.m.a.RequestMappingHandlerMapping - 2 matching mappings: [{HEAD [/api/galeria/{galeriaId}/contenido]}, {GET [/api/galeria/{galeriaId}/contenido]}]
2026-06-30 16:54:43 [http-nio-8080-exec-10] TRACE o.s.w.s.m.m.a.RequestMappingHandlerMapping - 2 matching mappings: [{HEAD [/api/galeria/{galeriaId}/contenido]}, {GET [/api/galeria/{galeriaId}/contenido]}]
2026-06-30 16:54:43 [http-nio-8080-exec-10] TRACE o.s.w.s.m.m.a.RequestMappingHandlerMapping - Mapped to com.example.tienda_tech.controller.GaleriaCompatController#headLegacy(Integer)
2026-06-30 16:54:43 [http-nio-8080-exec-8] TRACE o.s.web.servlet.DispatcherServlet - HEAD "/api/galeria/264/contenido", parameters={}, headers={masked} in DispatcherServlet 'dispatcherServlet'
2026-06-30 16:54:43 [http-nio-8080-exec-8] TRACE o.s.w.s.m.m.a.RequestMappingHandlerMapping - 2 matching mappings: [{HEAD [/api/galeria/{galeriaId}/contenido]}, {GET [/api/galeria/{galeriaId}/contenido]}]
2026-06-30 16:54:43 [http-nio-8080-exec-8] TRACE o.s.w.s.m.m.a.RequestMappingHandlerMapping - Mapped to com.example.tienda_tech.controller.GaleriaCompatController#headLegacy(Integer)
2026-06-30 16:54:43 [http-nio-8080-exec-8] TRACE o.s.web.servlet.DispatcherServlet - No view rendering, null ModelAndView returned.
2026-06-30 16:54:43 [http-nio-8080-exec-9] TRACE o.s.web.servlet.DispatcherServlet - No view rendering, null ModelAndView returned.
2026-06-30 16:54:43 [http-nio-8080-exec-8] DEBUG o.s.web.servlet.DispatcherServlet - Completed 200 OK, headers={masked}
2026-06-30 16:54:43 [http-nio-8080-exec-9] DEBUG o.s.web.servlet.DispatcherServlet - Completed 200 OK, headers={masked}
2026-06-30 16:54:43 [http-nio-8080-exec-10] TRACE o.s.web.servlet.DispatcherServlet - No view rendering, null ModelAndView returned.
2026-06-30 16:54:43 [http-nio-8080-exec-10] DEBUG o.s.web.servlet.DispatcherServlet - Completed 200 OK, headers={masked}
2026-06-30 16:54:43 [http-nio-8080-exec-7] TRACE o.s.web.servlet.DispatcherServlet - No view rendering, null ModelAndView returned.
2026-06-30 16:54:43 [http-nio-8080-exec-7] DEBUG o.s.web.servlet.DispatcherServlet - Completed 200 OK, headers={masked}
2026-06-30 16:54:43 [http-nio-8080-exec-1] TRACE o.s.w.s.m.m.a.RequestMappingHandlerMapping - 2 matching mappings: [{HEAD [/api/galeria/{galeriaId}/contenido]}, {GET [/api/galeria/{galeriaId}/contenido]}]
2026-06-30 16:54:43 [http-nio-8080-exec-1] TRACE o.s.web.servlet.DispatcherServlet - HEAD "/api/galeria/244/contenido", parameters={}, headers={masked} in DispatcherServlet 'dispatcherServlet'
2026-06-30 16:54:43 [http-nio-8080-exec-1] TRACE o.s.w.s.m.m.a.RequestMappingHandlerMapping - 2 matching mappings: [{HEAD [/api/galeria/{galeriaId}/contenido]}, {GET [/api/galeria/{galeriaId}/contenido]}]
2026-06-30 16:54:43 [http-nio-8080-exec-1] TRACE o.s.w.s.m.m.a.RequestMappingHandlerMapping - Mapped to com.example.tienda_tech.controller.GaleriaCompatController#headLegacy(Integer)
2026-06-30 16:54:43 [http-nio-8080-exec-1] TRACE o.s.web.servlet.DispatcherServlet - No view rendering, null ModelAndView returned.
2026-06-30 16:54:43 [http-nio-8080-exec-1] DEBUG o.s.web.servlet.DispatcherServlet - Completed 200 OK, headers={masked}
2026-06-30 16:54:43 [http-nio-8080-exec-4] TRACE o.s.web.servlet.DispatcherServlet - GET "/api/galeria/312/contenido", parameters={}, headers={masked} in DispatcherServlet 'dispatcherServlet'
2026-06-30 16:54:43 [http-nio-8080-exec-4] TRACE o.s.w.s.m.m.a.RequestMappingHandlerMapping - Mapped to com.example.tienda_tech.controller.GaleriaCompatController#contenidoLegacy(Integer)
2026-06-30 16:54:43 [http-nio-8080-exec-4] TRACE o.s.web.servlet.DispatcherServlet - No view rendering, null ModelAndView returned.
2026-06-30 16:54:43 [http-nio-8080-exec-4] DEBUG o.s.web.servlet.DispatcherServlet - Completed 200 OK, headers={masked}
2026-06-30 16:54:43 [http-nio-8080-exec-2] TRACE o.s.web.servlet.DispatcherServlet - GET "/api/galeria/303/contenido", parameters={}, headers={masked} in DispatcherServlet 'dispatcherServlet'
2026-06-30 16:54:43 [http-nio-8080-exec-2] TRACE o.s.w.s.m.m.a.RequestMappingHandlerMapping - Mapped to com.example.tienda_tech.controller.GaleriaCompatController#contenidoLegacy(Integer)
2026-06-30 16:54:43 [http-nio-8080-exec-2] TRACE o.s.web.servlet.DispatcherServlet - No view rendering, null ModelAndView returned.
2026-06-30 16:54:43 [http-nio-8080-exec-2] DEBUG o.s.web.servlet.DispatcherServlet - Completed 200 OK, headers={masked}
2026-06-30 16:56:32 [SpringApplicationShutdownHook] INFO  o.s.b.w.e.tomcat.GracefulShutdown - Commencing graceful shutdown. Waiting for active requests to complete
2026-06-30 16:56:32 [tomcat-shutdown] INFO  o.s.b.w.e.tomcat.GracefulShutdown - Graceful shutdown complete
2026-06-30 16:56:32 [SpringApplicationShutdownHook] INFO  o.s.o.j.LocalContainerEntityManagerFactoryBean - Closing JPA EntityManagerFactory for persistence unit 'default'
2026-06-30 16:56:32 [SpringApplicationShutdownHook] INFO  com.zaxxer.hikari.HikariDataSource - HikariPool-1 - Shutdown initiated...
2026-06-30 16:56:32 [SpringApplicationShutdownHook] INFO  com.zaxxer.hikari.HikariDataSource - HikariPool-1 - Shutdown completed.
2026-06-30 18:49:11 [background-preinit] INFO  o.h.validator.internal.util.Version - HV000001: Hibernate Validator 8.0.3.Final
2026-06-30 18:49:11 [restartedMain] INFO  c.e.t.TiendaTechApplication - Starting TiendaTechApplication using Java 24.0.2 with PID 10004 (D:\Programas\Cybersecurity\Tienda_Tech\target\classes started by usuario in D:\Programas\Cybersecurity\Tienda_Tech)
2026-06-30 18:49:11 [restartedMain] INFO  c.e.t.TiendaTechApplication - No active profile set, falling back to 1 default profile: "default"
2026-06-30 18:49:11 [restartedMain] INFO  o.s.b.d.e.DevToolsPropertyDefaultsPostProcessor - Devtools property defaults active! Set 'spring.devtools.add-properties' to 'false' to disable
2026-06-30 18:49:11 [restartedMain] INFO  o.s.b.d.e.DevToolsPropertyDefaultsPostProcessor - For additional web related logging consider setting the 'logging.level.web' property to 'DEBUG'
2026-06-30 18:49:11 [restartedMain] INFO  o.s.d.r.c.RepositoryConfigurationDelegate - Bootstrapping Spring Data JPA repositories in DEFAULT mode.
2026-06-30 18:49:11 [restartedMain] INFO  o.s.d.r.c.RepositoryConfigurationDelegate - Finished Spring Data repository scanning in 61 ms. Found 17 JPA repository interfaces.
2026-06-30 18:49:12 [restartedMain] INFO  o.s.b.w.e.tomcat.TomcatWebServer - Tomcat initialized with port 8080 (http)
2026-06-30 18:49:12 [restartedMain] INFO  o.a.coyote.http11.Http11NioProtocol - Initializing ProtocolHandler ["http-nio-8080"]
2026-06-30 18:49:12 [restartedMain] INFO  o.a.catalina.core.StandardService - Starting service [Tomcat]
2026-06-30 18:49:12 [restartedMain] INFO  o.a.catalina.core.StandardEngine - Starting Servlet engine: [Apache Tomcat/10.1.44]
2026-06-30 18:49:12 [restartedMain] INFO  o.a.c.c.C.[Tomcat].[localhost].[/] - Initializing Spring embedded WebApplicationContext
2026-06-30 18:49:12 [restartedMain] INFO  o.s.b.w.s.c.ServletWebServerApplicationContext - Root WebApplicationContext: initialization completed in 994 ms
2026-06-30 18:49:12 [restartedMain] INFO  o.h.jpa.internal.util.LogHelper - HHH000204: Processing PersistenceUnitInfo [name: default]
2026-06-30 18:49:12 [restartedMain] INFO  org.hibernate.Version - HHH000412: Hibernate ORM core version 6.6.26.Final
2026-06-30 18:49:12 [restartedMain] INFO  o.h.c.i.RegionFactoryInitiator - HHH000026: Second-level cache disabled
2026-06-30 18:49:12 [restartedMain] INFO  o.s.o.j.p.SpringPersistenceUnitInfo - No LoadTimeWeaver setup: ignoring JPA class transformer
2026-06-30 18:49:12 [restartedMain] INFO  com.zaxxer.hikari.HikariDataSource - HikariPool-1 - Starting...
2026-06-30 18:49:12 [restartedMain] INFO  com.zaxxer.hikari.pool.HikariPool - HikariPool-1 - Added connection org.postgresql.jdbc.PgConnection@72dda6a7
2026-06-30 18:49:12 [restartedMain] INFO  com.zaxxer.hikari.HikariDataSource - HikariPool-1 - Start completed.
2026-06-30 18:49:12 [restartedMain] INFO  o.hibernate.orm.connections.pooling - HHH10001005: Database info:
	Database JDBC URL [Connecting through datasource 'HikariDataSource (HikariPool-1)']
	Database driver: undefined/unknown
	Database version: 18.1
	Autocommit mode: undefined/unknown
	Isolation level: undefined/unknown
	Minimum pool size: undefined/unknown
	Maximum pool size: undefined/unknown
2026-06-30 18:49:13 [restartedMain] INFO  o.h.e.t.j.p.i.JtaPlatformInitiator - HHH000489: No JTA platform available (set 'hibernate.transaction.jta.platform' to enable JTA platform integration)
2026-06-30 18:49:13 [restartedMain] INFO  o.s.o.j.LocalContainerEntityManagerFactoryBean - Initialized JPA EntityManagerFactory for persistence unit 'default'
2026-06-30 18:49:13 [restartedMain] INFO  o.s.d.j.r.query.QueryEnhancerFactory - Hibernate is in classpath; If applicable, HQL parser will be used.
2026-06-30 18:49:14 [restartedMain] INFO  c.e.tienda_tech.security.JwtConfig - JWT secret cargada (88 chars).
2026-06-30 18:49:15 [restartedMain] WARN  o.s.b.a.o.j.JpaBaseConfiguration$JpaWebConfiguration - spring.jpa.open-in-view is enabled by default. Therefore, database queries may be performed during view rendering. Explicitly configure spring.jpa.open-in-view to disable this warning
2026-06-30 18:49:15 [restartedMain] INFO  o.s.b.a.w.s.WelcomePageHandlerMapping - Adding welcome page: class path resource [static/index.html]
2026-06-30 18:49:15 [restartedMain] TRACE o.s.w.s.m.m.a.RequestMappingHandlerMapping - 
	c.e.t.c.AlmacenamientoController:
	{POST [/api/productos/almacenamientos]}: crear(AlmacenamientoCreateRequest)
2026-06-30 18:49:15 [restartedMain] TRACE o.s.w.s.m.m.a.RequestMappingHandlerMapping - 
	c.e.t.c.a.AuditoriaController:
	{GET [/api/auditorias/productos]}: productos(String,Integer,LocalDate,LocalDate)
	{GET [/api/auditorias/usuario]}: porUsuario(String,LocalDate,LocalDate)
	{GET [/api/auditorias/usuarios]}: listarUsuarios()
	{GET [/api/auditorias/movimientos]}: movimientos(String,Integer,LocalDate,LocalDate)
2026-06-30 18:49:15 [restartedMain] TRACE o.s.w.s.m.m.a.RequestMappingHandlerMapping - 
	c.e.t.c.a.AuditoriaLoginController:
	{GET [/api/auditoria/logins]}: logins(String,LocalDate,LocalDate)
	{GET [/api/auditoria/usuariosL]}: usuariosAuditoria()
2026-06-30 18:49:15 [restartedMain] TRACE o.s.w.s.m.m.a.RequestMappingHandlerMapping - 
	c.e.t.c.a.AuthController:
	{POST [/auth/refresh]}: refresh(String,HttpServletResponse)
	{POST [/auth/logout]}: logout(String,HttpServletResponse)
	{POST [/auth/login]}: login(Map,HttpServletResponse)
	{POST [/auth/keepalive]}: keepalive(String,HttpServletResponse)
2026-06-30 18:49:15 [restartedMain] TRACE o.s.w.s.m.m.a.RequestMappingHandlerMapping - 
	c.e.t.c.AvatarController:
	{POST [/api/usuarios/{id}/avatar], consumes [multipart/form-data]}: uploadAvatar(Integer,MultipartFile)
	{DELETE [/api/usuarios/{id}/avatar]}: removeAvatar(Integer)
2026-06-30 18:49:15 [restartedMain] TRACE o.s.w.s.m.m.a.RequestMappingHandlerMapping - 
	c.e.t.c.BusquedaController:
	{GET [/api/busqueda/categoria/{categoriaId}]}: porCategoria(Integer,Integer)
2026-06-30 18:49:15 [restartedMain] TRACE o.s.w.s.m.m.a.RequestMappingHandlerMapping - 
	c.e.t.c.CarritoController:
	{DELETE [/api/carrito/items/{productoId}]}: remove(Integer,Integer)
	{GET [/api/carrito/items]}: list(Integer)
	{POST [/api/carrito/agregar]}: addItemAlias(Integer,CarritoAddReq)
	{PATCH [/api/carrito/items/{productoId}]}: setQty(Integer,Integer,Map)
	{POST [/api/carrito/items]}: addItem(Integer,CarritoAddReq)
	{GET [/api/carrito/resumen]}: summary(Integer)
2026-06-30 18:49:15 [restartedMain] TRACE o.s.w.s.m.m.a.RequestMappingHandlerMapping - 
	c.e.t.c.CategoriaController:
	{GET [/api/categorias]}: listar()
2026-06-30 18:49:15 [restartedMain] TRACE o.s.w.s.m.m.a.RequestMappingHandlerMapping - 
	c.e.t.c.CiudadController:
	{POST [/api/ciudades]}: crear(CiudadDTO)
	{PUT [/api/ciudades/{id}]}: actualizar(Short,CiudadDTO)
	{DELETE [/api/ciudades/{id}]}: eliminar(Short)
	{GET [/api/ciudades]}: listar()
2026-06-30 18:49:15 [restartedMain] TRACE o.s.w.s.m.m.a.RequestMappingHandlerMapping - 
	c.e.t.c.DireccionController:
	{POST [/api/usuarios/{usuarioId}/direcciones], consumes [application/json]}: crear(Integer,DireccionDTO)
	{PUT [/api/usuarios/{usuarioId}/direcciones/{direccionId}], consumes [application/json]}: actualizar(Integer,Short,DireccionDTO)
	{DELETE [/api/usuarios/{usuarioId}/direcciones/{direccionId}]}: eliminar(Integer,Short)
	{GET [/api/usuarios/{usuarioId}/direcciones]}: listar(Integer,String)
2026-06-30 18:49:15 [restartedMain] TRACE o.s.w.s.m.m.a.RequestMappingHandlerMapping - 
	c.e.t.c.EncuestaAdminController:
	{GET [/api/encuesta]}: get()
	{PUT [/api/encuesta]}: update(EncuestaUpdate)
	{POST [/api/encuesta/opciones]}: upsertOpcion(OpcionUpsert)
	{DELETE [/api/encuesta/reglas/{key}/{valor}/{categoria}]}: deleteRegla(String,String,String)
	{DELETE [/api/encuesta/opciones/{key}/{valor}]}: deleteOpcion(String,String)
	{POST [/api/encuesta/reglas]}: upsertRegla(ReglaUpsert)
	{DELETE [/api/encuesta/preguntas/{key}]}: deletePregunta(String)
	{POST [/api/encuesta/preguntas]}: upsertPregunta(PreguntaUpsert)
2026-06-30 18:49:15 [restartedMain] TRACE o.s.w.s.m.m.a.RequestMappingHandlerMapping - 
	c.e.t.c.FacturaController:
	{GET [/api/facturas/{id}]}: get(Integer)
	{GET [/api/facturas/{id}/pdf], produces [application/pdf]}: pdf(Integer)
2026-06-30 18:49:15 [restartedMain] TRACE o.s.w.s.m.m.a.RequestMappingHandlerMapping - 
	c.e.t.c.FaviconController:
	{ [/favicon.ico]}: favicon()
2026-06-30 18:49:15 [restartedMain] TRACE o.s.w.s.m.m.a.RequestMappingHandlerMapping - 
	c.e.t.c.GaleriaBatchFlagsController:
	{PATCH [/api/galeria/flags]}: flags(List)
2026-06-30 18:49:15 [restartedMain] TRACE o.s.w.s.m.m.a.RequestMappingHandlerMapping - 
	c.e.t.c.GaleriaCompatController:
	{HEAD [/api/galeria/{galeriaId}/contenido]}: headLegacy(Integer)
	{GET [/api/galeria/{galeriaId}/contenido]}: contenidoLegacy(Integer)
2026-06-30 18:49:15 [restartedMain] TRACE o.s.w.s.m.m.a.RequestMappingHandlerMapping - 
	c.e.t.c.GaleriaCompatProductosV2Controller:
	{GET [/api/productos/{productoId}/galeria/lista]}: listar(int,String)
	{POST [/api/productos/{productoId}/galeria], consumes [application/json]}: subirJson(int,List)
	{POST [/api/productos/{productoId}/galeria/reordenar]}: reordenar(int,ReordenarVistaReq)
	{POST [/api/productos/{productoId}/galeria/{galeriaId}/portada]}: portada(int,int)
2026-06-30 18:49:15 [restartedMain] TRACE o.s.w.s.m.m.a.RequestMappingHandlerMapping - 
	c.e.t.c.GaleriaImageController:
	{GET [/api/galeria/img/{galeriaId}]}: img(int)
2026-06-30 18:49:15 [restartedMain] TRACE o.s.w.s.m.m.a.RequestMappingHandlerMapping - 
	c.e.t.c.GaleriaMediaController:
	{GET [/api/galeria/{galeriaId}/media]}: media(int)
2026-06-30 18:49:15 [restartedMain] TRACE o.s.w.s.m.m.a.RequestMappingHandlerMapping - 
	c.e.t.c.GaleriaMenuController:
	{GET [/api/galeria/api/galeria-menu/{id}/contenido]}: contenidoMenu(Long)
2026-06-30 18:49:15 [restartedMain] TRACE o.s.w.s.m.m.a.RequestMappingHandlerMapping - 
	c.e.t.c.GaleriaV2Controller:
	{PATCH [/api/galeria_v2/{galeriaId}/flags]}: flags(Integer,FlagsDto)
	{POST [/api/galeria_v2], consumes [multipart/form-data]}: agregar(Integer,MultipartFile,String,Boolean,Boolean,Boolean,Integer,Integer,Integer,Integer)
	{DELETE [/api/galeria_v2/{galeriaId}]}: eliminar(Integer)
	{GET [/api/galeria_v2/producto/{productoId}]}: listar(Integer,String)
	{PUT [/api/galeria_v2/{productoId}/reordenar]}: reordenar(Integer,String,ReordenarReq)
	{PUT [/api/galeria_v2/{galeriaId}/portada]}: portada(Integer,PortadaReq)
	{HEAD [/api/galeria_v2/img/{galeriaId}]}: headImagen(Integer)
	{GET [/api/galeria_v2/img/{galeriaId}]}: obtenerImagen(Integer)
2026-06-30 18:49:15 [restartedMain] TRACE o.s.w.s.m.m.a.RequestMappingHandlerMapping - 
	c.e.t.c.HomeController:
	{GET [/api/productos/recientes-menu], produces [application/json]}: recientesMenu(int)
2026-06-30 18:49:15 [restartedMain] TRACE o.s.w.s.m.m.a.RequestMappingHandlerMapping - 
	c.e.t.c.LoginController:
	{POST [/api/login]}: login(Map)
	{POST [/api/login/mfa]}: verificarMfa(Map)
2026-06-30 18:49:15 [restartedMain] TRACE o.s.w.s.m.m.a.RequestMappingHandlerMapping - 
	c.e.t.c.MetodoPagoController:
	{POST [/api/mis-metodos-pago]}: crear(MetodoPagoDTO,HttpServletRequest)
	{DELETE [/api/mis-metodos-pago/{metodoId}]}: eliminar(Integer,HttpServletRequest)
	{GET [/api/mis-metodos-pago]}: listar(HttpServletRequest)
	{GET [/api/tipo_metodopago]}: tipos()
2026-06-30 18:49:15 [restartedMain] TRACE o.s.w.s.m.m.a.RequestMappingHandlerMapping - 
	c.e.t.c.MovimientoInventarioController:
	{GET [/api/movimientos]}: listar()
2026-06-30 18:49:15 [restartedMain] TRACE o.s.w.s.m.m.a.RequestMappingHandlerMapping - 
	c.e.t.c.OtpController:
	{POST [/api/otp/recuperar-password]}: recuperarPassword(Map)
	{POST [/api/otp]}: manejar(Map)
2026-06-30 18:49:15 [restartedMain] TRACE o.s.w.s.m.m.a.RequestMappingHandlerMapping - 
	c.e.t.c.PaypalController:
	{POST [/api/pagos/paypal/capture/{orderId}]}: capturePath(Integer,String,CaptureReq)
	{POST [/api/pagos/paypal/create-order]}: createOrder(Integer)
	{POST [/api/pagos/paypal/capture]}: captureBody(Integer,CaptureReq)
2026-06-30 18:49:15 [restartedMain] TRACE o.s.w.s.m.m.a.RequestMappingHandlerMapping - 
	c.e.t.c.ProductoBusquedaController:
	{POST [/api/productos/buscar]}: buscar(Map)
2026-06-30 18:49:15 [restartedMain] TRACE o.s.w.s.m.m.a.RequestMappingHandlerMapping - 
	c.e.t.c.ProductoController:
	{GET [/api/productos]}: listar(Pageable)
	{GET [/api/productos/mas-vendidos]}: masVendidos(int)
2026-06-30 18:49:15 [restartedMain] TRACE o.s.w.s.m.m.a.RequestMappingHandlerMapping - 
	c.e.t.c.ProductoQueryController:
	{GET [/api/productos/{id}]}: detalle(Integer,Integer)
	{GET [/api/productos/por-categoria]}: porCategoria(Integer,Integer)
2026-06-30 18:49:15 [restartedMain] TRACE o.s.w.s.m.m.a.RequestMappingHandlerMapping - 
	c.e.t.c.ProductoSpController:
	{POST [/api/sp/almacenamientos]}: crearAlmacenamiento(AlmacenamientoCreateRequest,String)
	{POST [/api/sp/motherboards]}: crearMotherboard(MotherboardCreateRequest,String)
	{GET [/api/sp/productos/{id}/editar]}: getDetalleEditar(Integer)
	{POST [/api/sp/cubiertas]}: crearCubierta(CubiertaCreateRequest,String)
	{POST [/api/sp/fuentes]}: crearFuente(FuenteCreateRequest,String)
	{DELETE [/api/sp/productos/{id}]}: eliminarProducto(Integer,String)
	{POST [/api/sp/cpu-cooler]}: crearCpuCooler(CpuCoolerCreateRequest,String)
	{POST [/api/sp/perifericos]}: crearPeriferico(PerifericoCreateRequest,String)
	{PUT [/api/sp/productos/{id}/basico]}: actualizarBasico(Integer,ProductoUpdateBasicoRequest,String)
	{POST [/api/sp/gpu]}: crearGpu(GpuCreateRequest,String)
	{POST [/api/sp/cpu]}: crearCpu(CpuCreateRequest,String)
	{GET [/api/sp/ivas]}: getIvas()
	{POST [/api/sp/ram]}: crearRam(RamCreateRequest,String)
2026-06-30 18:49:15 [restartedMain] TRACE o.s.w.s.m.m.a.RequestMappingHandlerMapping - 
	c.e.t.c.ProvinciaController:
	{POST [/api/provincias]}: crear(ProvinciaDTO)
	{PUT [/api/provincias/{id}]}: actualizar(Long,ProvinciaDTO)
	{DELETE [/api/provincias/{id}]}: eliminar(Long)
	{GET [/api/provincias]}: listar()
2026-06-30 18:49:15 [restartedMain] TRACE o.s.w.s.m.m.a.RequestMappingHandlerMapping - 
	c.e.t.c.RecuperarPasswordController:
	{POST [/api/usuarios/recuperar-password]}: recuperar(Map)
2026-06-30 18:49:15 [restartedMain] TRACE o.s.w.s.m.m.a.RequestMappingHandlerMapping - 
	c.e.t.c.SeguridadController:
	{POST [/api/seguridad/cambiar-password-token]}: cambiarPasswordToken(ChangePwdTokenReq)
	{POST [/api/seguridad/cambiar-password]}: cambiarPassword(HttpServletRequest,ChangePwdReq)
2026-06-30 18:49:15 [restartedMain] TRACE o.s.w.s.m.m.a.RequestMappingHandlerMapping - 
	c.e.t.c.SiemController:
	{GET [/api/siem/events]}: getEvents()
	{POST [/api/siem/clear]}: clearEvents()
2026-06-30 18:49:15 [restartedMain] TRACE o.s.w.s.m.m.a.RequestMappingHandlerMapping - 
	c.e.t.c.SpMovimientoController:
	{POST [/api/sp/movimiento-inventario]}: movimientoInventario(Object,String)
2026-06-30 18:49:15 [restartedMain] TRACE o.s.w.s.m.m.a.RequestMappingHandlerMapping - 
	c.e.t.c.SubtipoMovimientoController:
	{GET [/api/subtipos-movimiento]}: listar(Integer)
2026-06-30 18:49:15 [restartedMain] TRACE o.s.w.s.m.m.a.RequestMappingHandlerMapping - 
	c.e.t.c.SugerenciaController:
	{POST [/api/sugerencias/generar]}: generar(Map)
2026-06-30 18:49:15 [restartedMain] TRACE o.s.w.s.m.m.a.RequestMappingHandlerMapping - 
	c.e.t.c.SugerenciasController:
	{GET [/api/sugerencias/{id}]}: get(Integer)
	{GET [/api/usuarios/{usuarioId}/sugerencias/ultima]}: last(Integer)
	{GET [/api/usuarios/{usuarioId}/sugerencias]}: list(Integer,Integer,Integer)
	{DELETE [/api/sugerencias/{id}]}: delete(Integer)
	{POST [/api/sugerencias]}: crear(SugerenciaCreate)
	{PUT [/api/sugerencias/{id}]}: actualizar(Integer,SugerenciaUpdate)
	{POST [/api/sugerencias/full]}: crearFull(Map)
	{POST [/api/sugerencias/{id}:toggle]}: toggle(Integer,ToggleBody)
2026-06-30 18:49:15 [restartedMain] TRACE o.s.w.s.m.m.a.RequestMappingHandlerMapping - 
	c.e.t.c.UsuarioController:
	{GET [/api/usuarios/api/usuarios/me]}: me(HttpServletRequest)
	{GET [/api/usuarios/buscar-min]}: buscarMin(String,Integer,int)
	{POST [/api/usuarios/crear]}: crearCliente(UsuarioDTO)
	{POST [/api/usuarios/crear-usuario || /api/usuarios/crear_usuario]}: crearUsuario(UsuarioDTO)
	{POST [/api/usuarios/crear-usuarioAdmin]}: crearAdminOTrabajador(UsuarioDTO)
	{DELETE [/api/usuarios/admin/{id}]}: deshabilitarAdmin(Integer,Integer)
	{PUT [/api/usuarios/admin/{id}]}: actualizarAdmin(Integer,Integer,ClienteUpdateRequest)
	{GET [/api/usuarios/buscar]}: buscarPorUsuario(String,Integer,int)
	{PUT [/api/usuarios/cliente/{id}]}: actualizarCliente(Integer,ClienteUpdateRequest)
2026-06-30 18:49:15 [restartedMain] TRACE o.s.w.s.m.m.a.RequestMappingHandlerMapping - 
	c.e.t.r.c.ReportController:
	{GET [/api/report/roles/pdf], produces [application/pdf]}: rolesPdf(boolean)
	{GET [/api/report/usuarios/pdf], produces [application/pdf]}: usersPdf(boolean)
	{GET [/api/report/admin/pdf], produces [application/pdf]}: adminPdf(String,String,boolean)
	{GET [/api/report/ordenes/pdf], produces [application/pdf]}: ordersPdf(String,String,boolean)
	{GET [/api/report/general/pdf], produces [application/pdf]}: generalAll(boolean)
	{GET [/api/report/ciudades/pdf], produces [application/pdf]}: citiesPdf(boolean)
	{GET [/api/report/kardex/pdf], produces [application/pdf]}: kardexPdf(String,String,Integer,boolean)
	{GET [/api/report/productos/pdf], produces [application/pdf]}: productsPdf(boolean)
	{GET [/api/report/metodos-pago/pdf], produces [application/pdf]}: paymentMethodsPdf(boolean)
	{GET [/api/report/stock-bajo/pdf], produces [application/pdf]}: lowStockPdf(int,boolean)
	{GET [/api/report/provincias/pdf], produces [application/pdf]}: provincesPdf(boolean)
	{GET [/api/report/ventas-producto/pdf], produces [application/pdf]}: salesByProductPdf(String,String,boolean)
	{GET [/api/report/general/pdf-range], produces [application/pdf]}: generalByDate(String,String,boolean)
2026-06-30 18:49:15 [restartedMain] TRACE o.s.w.s.m.m.a.RequestMappingHandlerMapping - 
	o.s.b.a.w.s.e.BasicErrorController:
	{ [/error]}: error(HttpServletRequest)
	{ [/error], produces [text/html]}: errorHtml(HttpServletRequest,HttpServletResponse)
2026-06-30 18:49:15 [restartedMain] DEBUG o.s.w.s.m.m.a.RequestMappingHandlerMapping - 133 mappings in 'requestMappingHandlerMapping'
2026-06-30 18:49:15 [restartedMain] WARN  o.s.b.a.s.s.UserDetailsServiceAutoConfiguration - 

Using generated security password: 5ac63027-f0a5-4903-b22b-e4c72894f1ef

This generated password is for development use only. Your security configuration must be updated before running your application in production.

2026-06-30 18:49:15 [restartedMain] INFO  o.s.s.c.a.a.c.InitializeUserDetailsBeanManagerConfigurer$InitializeUserDetailsManagerConfigurer - Global AuthenticationManager configured with UserDetailsService bean with name inMemoryUserDetailsManager
2026-06-30 18:49:15 [restartedMain] INFO  o.s.b.d.a.OptionalLiveReloadServer - LiveReload server is running on port 35729
2026-06-30 18:49:15 [restartedMain] INFO  o.a.coyote.http11.Http11NioProtocol - Starting ProtocolHandler ["http-nio-8080"]
2026-06-30 18:49:15 [restartedMain] INFO  o.s.b.w.e.tomcat.TomcatWebServer - Tomcat started on port 8080 (http) with context path '/'
2026-06-30 18:49:16 [restartedMain] INFO  c.e.t.TiendaTechApplication - Started TiendaTechApplication in 5.216 seconds (process running for 5.695)
2026-06-30 18:49:45 [http-nio-8080-exec-1] INFO  o.a.c.c.C.[Tomcat].[localhost].[/] - Initializing Spring DispatcherServlet 'dispatcherServlet'
2026-06-30 18:49:45 [http-nio-8080-exec-1] INFO  o.s.web.servlet.DispatcherServlet - Initializing Servlet 'dispatcherServlet'
2026-06-30 18:49:45 [http-nio-8080-exec-1] TRACE o.s.web.servlet.DispatcherServlet - Detected org.springframework.web.multipart.support.StandardServletMultipartResolver@4c7a8dc
2026-06-30 18:49:45 [http-nio-8080-exec-1] TRACE o.s.web.servlet.DispatcherServlet - Detected org.springframework.web.servlet.i18n.AcceptHeaderLocaleResolver@6389a15e
2026-06-30 18:49:45 [http-nio-8080-exec-1] TRACE o.s.web.servlet.DispatcherServlet - Detected org.springframework.web.servlet.theme.FixedThemeResolver@6cc15742
2026-06-30 18:49:45 [http-nio-8080-exec-1] TRACE o.s.web.servlet.DispatcherServlet - Detected DefaultRequestToViewNameTranslator
2026-06-30 18:49:45 [http-nio-8080-exec-1] TRACE o.s.web.servlet.DispatcherServlet - Detected SessionFlashMapManager
2026-06-30 18:49:45 [http-nio-8080-exec-1] DEBUG o.s.web.servlet.DispatcherServlet - enableLoggingRequestDetails='false': request parameters and headers will be masked to prevent unsafe logging of potentially sensitive data
2026-06-30 18:49:45 [http-nio-8080-exec-1] INFO  o.s.web.servlet.DispatcherServlet - Completed initialization in 2 ms
2026-06-30 18:49:45 [http-nio-8080-exec-1] TRACE o.s.web.servlet.DispatcherServlet - GET "/Login.html", parameters={}, headers={masked} in DispatcherServlet 'dispatcherServlet'
2026-06-30 18:49:45 [http-nio-8080-exec-1] TRACE o.s.web.servlet.DispatcherServlet - No view rendering, null ModelAndView returned.
2026-06-30 18:49:45 [http-nio-8080-exec-1] DEBUG o.s.web.servlet.DispatcherServlet - Completed 200 OK, headers={masked}
2026-06-30 18:49:45 [http-nio-8080-exec-2] TRACE o.s.web.servlet.DispatcherServlet - GET "/css/style.css", parameters={}, headers={masked} in DispatcherServlet 'dispatcherServlet'
2026-06-30 18:49:45 [http-nio-8080-exec-8] TRACE o.s.web.servlet.DispatcherServlet - GET "/js/role-utils.js", parameters={}, headers={masked} in DispatcherServlet 'dispatcherServlet'
2026-06-30 18:49:45 [http-nio-8080-exec-2] TRACE o.s.web.servlet.DispatcherServlet - No view rendering, null ModelAndView returned.
2026-06-30 18:49:45 [http-nio-8080-exec-8] TRACE o.s.web.servlet.DispatcherServlet - No view rendering, null ModelAndView returned.
2026-06-30 18:49:45 [http-nio-8080-exec-2] DEBUG o.s.web.servlet.DispatcherServlet - Completed 200 OK, headers={masked}
2026-06-30 18:49:45 [http-nio-8080-exec-8] DEBUG o.s.web.servlet.DispatcherServlet - Completed 200 OK, headers={masked}
2026-06-30 18:49:45 [http-nio-8080-exec-3] TRACE o.s.web.servlet.DispatcherServlet - GET "/js/auth-menu.js?v=8", parameters={masked}, headers={masked} in DispatcherServlet 'dispatcherServlet'
2026-06-30 18:49:45 [http-nio-8080-exec-4] TRACE o.s.web.servlet.DispatcherServlet - GET "/js/login.js?v=8", parameters={masked}, headers={masked} in DispatcherServlet 'dispatcherServlet'
2026-06-30 18:49:45 [http-nio-8080-exec-4] TRACE o.s.web.servlet.DispatcherServlet - No view rendering, null ModelAndView returned.
2026-06-30 18:49:45 [http-nio-8080-exec-3] TRACE o.s.web.servlet.DispatcherServlet - No view rendering, null ModelAndView returned.
2026-06-30 18:49:45 [http-nio-8080-exec-4] DEBUG o.s.web.servlet.DispatcherServlet - Completed 200 OK, headers={masked}
2026-06-30 18:49:45 [http-nio-8080-exec-3] DEBUG o.s.web.servlet.DispatcherServlet - Completed 200 OK, headers={masked}
2026-06-30 18:49:45 [http-nio-8080-exec-6] TRACE o.s.web.servlet.DispatcherServlet - GET "/favicon.ico", parameters={}, headers={masked} in DispatcherServlet 'dispatcherServlet'
2026-06-30 18:49:45 [http-nio-8080-exec-6] TRACE o.s.w.s.m.m.a.RequestMappingHandlerMapping - Mapped to com.example.tienda_tech.controller.FaviconController#favicon()
2026-06-30 18:49:45 [http-nio-8080-exec-6] TRACE o.s.web.servlet.DispatcherServlet - No view rendering, null ModelAndView returned.
2026-06-30 18:49:45 [http-nio-8080-exec-6] DEBUG o.s.web.servlet.DispatcherServlet - Completed 200 OK, headers={masked}
2026-06-30 18:49:59 [http-nio-8080-exec-7] TRACE o.s.web.servlet.DispatcherServlet - POST "/api/login", parameters={}, headers={masked} in DispatcherServlet 'dispatcherServlet'
2026-06-30 18:49:59 [http-nio-8080-exec-7] TRACE o.s.w.s.m.m.a.RequestMappingHandlerMapping - Mapped to com.example.tienda_tech.controller.LoginController#login(Map)
2026-06-30 18:50:16 [http-nio-8080-exec-7] INFO  c.e.tienda_tech.service.OtpService - OTP enviado a jlozanom@uteq.edu.ec txId=4c7a0db3-ed41-4fe9-a6b9-df966001e25c
2026-06-30 18:50:16 [http-nio-8080-exec-7] TRACE o.s.web.servlet.DispatcherServlet - No view rendering, null ModelAndView returned.
2026-06-30 18:50:16 [http-nio-8080-exec-7] DEBUG o.s.web.servlet.DispatcherServlet - Completed 200 OK, headers={masked}
2026-06-30 18:50:32 [http-nio-8080-exec-5] TRACE o.s.web.servlet.DispatcherServlet - POST "/api/login/mfa", parameters={}, headers={masked} in DispatcherServlet 'dispatcherServlet'
2026-06-30 18:50:32 [http-nio-8080-exec-5] TRACE o.s.w.s.m.m.a.RequestMappingHandlerMapping - Mapped to com.example.tienda_tech.controller.LoginController#verificarMfa(Map)
2026-06-30 18:50:32 [http-nio-8080-exec-5] TRACE o.s.web.servlet.DispatcherServlet - No view rendering, null ModelAndView returned.
2026-06-30 18:50:32 [http-nio-8080-exec-5] DEBUG o.s.web.servlet.DispatcherServlet - Completed 200 OK, headers={masked}
2026-06-30 18:50:32 [http-nio-8080-exec-9] TRACE o.s.web.servlet.DispatcherServlet - GET "/trabajador.html", parameters={}, headers={masked} in DispatcherServlet 'dispatcherServlet'
2026-06-30 18:50:32 [http-nio-8080-exec-9] TRACE o.s.web.servlet.DispatcherServlet - No view rendering, null ModelAndView returned.
2026-06-30 18:50:32 [http-nio-8080-exec-9] DEBUG o.s.web.servlet.DispatcherServlet - Completed 200 OK, headers={masked}
2026-06-30 18:50:32 [http-nio-8080-exec-1] TRACE o.s.web.servlet.DispatcherServlet - GET "/styleClaro.css", parameters={}, headers={masked} in DispatcherServlet 'dispatcherServlet'
2026-06-30 18:50:32 [http-nio-8080-exec-10] TRACE o.s.web.servlet.DispatcherServlet - GET "/js/role-utils.js", parameters={}, headers={masked} in DispatcherServlet 'dispatcherServlet'
2026-06-30 18:50:32 [http-nio-8080-exec-10] TRACE o.s.web.servlet.DispatcherServlet - No view rendering, null ModelAndView returned.
2026-06-30 18:50:32 [http-nio-8080-exec-10] DEBUG o.s.web.servlet.DispatcherServlet - Completed 200 OK, headers={masked}
2026-06-30 18:50:32 [http-nio-8080-exec-1] ERROR c.e.tienda_tech.advice.ApiErrors - [GET /styleClaro.css] Unhandled exception
org.springframework.web.servlet.resource.NoResourceFoundException: No static resource styleClaro.css.
	at org.springframework.web.servlet.resource.ResourceHttpRequestHandler.handleRequest(ResourceHttpRequestHandler.java:585)
	at org.springframework.web.servlet.mvc.HttpRequestHandlerAdapter.handle(HttpRequestHandlerAdapter.java:52)
	at org.springframework.web.servlet.DispatcherServlet.doDispatch(DispatcherServlet.java:1089)
	at org.springframework.web.servlet.DispatcherServlet.doService(DispatcherServlet.java:979)
	at org.springframework.web.servlet.FrameworkServlet.processRequest(FrameworkServlet.java:1014)
	at org.springframework.web.servlet.FrameworkServlet.doGet(FrameworkServlet.java:903)
	at jakarta.servlet.http.HttpServlet.service(HttpServlet.java:564)
	at org.springframework.web.servlet.FrameworkServlet.service(FrameworkServlet.java:885)
	at jakarta.servlet.http.HttpServlet.service(HttpServlet.java:658)
	at org.apache.catalina.core.ApplicationFilterChain.internalDoFilter(ApplicationFilterChain.java:195)
	at org.apache.catalina.core.ApplicationFilterChain.doFilter(ApplicationFilterChain.java:140)
	at org.apache.tomcat.websocket.server.WsFilter.doFilter(WsFilter.java:51)
	at org.apache.catalina.core.ApplicationFilterChain.internalDoFilter(ApplicationFilterChain.java:164)
	at org.apache.catalina.core.ApplicationFilterChain.doFilter(ApplicationFilterChain.java:140)
	at org.springframework.web.filter.CompositeFilter$VirtualFilterChain.doFilter(CompositeFilter.java:108)
	at org.springframework.web.filter.CompositeFilter$VirtualFilterChain.doFilter(CompositeFilter.java:108)
	at org.springframework.security.web.FilterChainProxy.lambda$doFilterInternal$3(FilterChainProxy.java:231)
	at org.springframework.security.web.FilterChainProxy$VirtualFilterChain.doFilter(FilterChainProxy.java:365)
	at org.springframework.security.web.access.intercept.AuthorizationFilter.doFilter(AuthorizationFilter.java:101)
	at org.springframework.security.web.FilterChainProxy$VirtualFilterChain.doFilter(FilterChainProxy.java:374)
	at org.springframework.security.web.access.ExceptionTranslationFilter.doFilter(ExceptionTranslationFilter.java:125)
	at org.springframework.security.web.access.ExceptionTranslationFilter.doFilter(ExceptionTranslationFilter.java:119)
	at org.springframework.security.web.FilterChainProxy$VirtualFilterChain.doFilter(FilterChainProxy.java:374)
	at org.springframework.security.web.authentication.AnonymousAuthenticationFilter.doFilter(AnonymousAuthenticationFilter.java:100)
	at org.springframework.security.web.FilterChainProxy$VirtualFilterChain.doFilter(FilterChainProxy.java:374)
	at org.springframework.security.web.servletapi.SecurityContextHolderAwareRequestFilter.doFilter(SecurityContextHolderAwareRequestFilter.java:179)
	at org.springframework.security.web.FilterChainProxy$VirtualFilterChain.doFilter(FilterChainProxy.java:374)
	at org.springframework.security.web.savedrequest.RequestCacheAwareFilter.doFilter(RequestCacheAwareFilter.java:63)
	at org.springframework.security.web.FilterChainProxy$VirtualFilterChain.doFilter(FilterChainProxy.java:374)
	at org.springframework.security.web.authentication.logout.LogoutFilter.doFilter(LogoutFilter.java:107)
	at org.springframework.security.web.authentication.logout.LogoutFilter.doFilter(LogoutFilter.java:93)
	at org.springframework.security.web.FilterChainProxy$VirtualFilterChain.doFilter(FilterChainProxy.java:374)
	at org.springframework.web.filter.CorsFilter.doFilterInternal(CorsFilter.java:91)
	at org.springframework.web.filter.OncePerRequestFilter.doFilter(OncePerRequestFilter.java:116)
	at org.springframework.security.web.FilterChainProxy$VirtualFilterChain.doFilter(FilterChainProxy.java:374)
	at org.springframework.security.web.header.HeaderWriterFilter.doHeadersAfter(HeaderWriterFilter.java:90)
	at org.springframework.security.web.header.HeaderWriterFilter.doFilterInternal(HeaderWriterFilter.java:75)
	at org.springframework.web.filter.OncePerRequestFilter.doFilter(OncePerRequestFilter.java:116)
	at org.springframework.security.web.FilterChainProxy$VirtualFilterChain.doFilter(FilterChainProxy.java:374)
	at org.springframework.security.web.context.SecurityContextHolderFilter.doFilter(SecurityContextHolderFilter.java:82)
	at org.springframework.security.web.context.SecurityContextHolderFilter.doFilter(SecurityContextHolderFilter.java:69)
	at org.springframework.security.web.FilterChainProxy$VirtualFilterChain.doFilter(FilterChainProxy.java:374)
	at org.springframework.security.web.context.request.async.WebAsyncManagerIntegrationFilter.doFilterInternal(WebAsyncManagerIntegrationFilter.java:62)
	at org.springframework.web.filter.OncePerRequestFilter.doFilter(OncePerRequestFilter.java:116)
	at org.springframework.security.web.FilterChainProxy$VirtualFilterChain.doFilter(FilterChainProxy.java:374)
	at org.springframework.security.web.session.DisableEncodeUrlFilter.doFilterInternal(DisableEncodeUrlFilter.java:42)
	at org.springframework.web.filter.OncePerRequestFilter.doFilter(OncePerRequestFilter.java:116)
	at org.springframework.security.web.FilterChainProxy$VirtualFilterChain.doFilter(FilterChainProxy.java:374)
	at org.springframework.security.web.FilterChainProxy.doFilterInternal(FilterChainProxy.java:233)
	at org.springframework.security.web.FilterChainProxy.doFilter(FilterChainProxy.java:191)
	at org.springframework.web.filter.CompositeFilter$VirtualFilterChain.doFilter(CompositeFilter.java:113)
	at org.springframework.web.filter.ServletRequestPathFilter.doFilter(ServletRequestPathFilter.java:52)
	at org.springframework.web.filter.CompositeFilter$VirtualFilterChain.doFilter(CompositeFilter.java:113)
	at org.springframework.web.filter.CompositeFilter.doFilter(CompositeFilter.java:74)
	at org.springframework.security.config.annotation.web.configuration.WebSecurityConfiguration$CompositeFilterChainProxy.doFilter(WebSecurityConfiguration.java:319)
	at org.springframework.web.filter.CompositeFilter$VirtualFilterChain.doFilter(CompositeFilter.java:113)
	at org.springframework.web.servlet.handler.HandlerMappingIntrospector.lambda$createCacheFilter$4(HandlerMappingIntrospector.java:267)
	at org.springframework.web.filter.CompositeFilter$VirtualFilterChain.doFilter(CompositeFilter.java:113)
	at org.springframework.web.filter.CompositeFilter.doFilter(CompositeFilter.java:74)
	at org.springframework.security.config.annotation.web.configuration.WebMvcSecurityConfiguration$CompositeFilterChainProxy.doFilter(WebMvcSecurityConfiguration.java:240)
	at org.springframework.web.filter.DelegatingFilterProxy.invokeDelegate(DelegatingFilterProxy.java:362)
	at org.springframework.web.filter.DelegatingFilterProxy.doFilter(DelegatingFilterProxy.java:278)
	at org.apache.catalina.core.ApplicationFilterChain.internalDoFilter(ApplicationFilterChain.java:164)
	at org.apache.catalina.core.ApplicationFilterChain.doFilter(ApplicationFilterChain.java:140)
	at org.springframework.web.filter.RequestContextFilter.doFilterInternal(RequestContextFilter.java:100)
	at org.springframework.web.filter.OncePerRequestFilter.doFilter(OncePerRequestFilter.java:116)
	at org.apache.catalina.core.ApplicationFilterChain.internalDoFilter(ApplicationFilterChain.java:164)
	at org.apache.catalina.core.ApplicationFilterChain.doFilter(ApplicationFilterChain.java:140)
	at org.springframework.web.filter.FormContentFilter.doFilterInternal(FormContentFilter.java:93)
	at org.springframework.web.filter.OncePerRequestFilter.doFilter(OncePerRequestFilter.java:116)
	at org.apache.catalina.core.ApplicationFilterChain.internalDoFilter(ApplicationFilterChain.java:164)
	at org.apache.catalina.core.ApplicationFilterChain.doFilter(ApplicationFilterChain.java:140)
	at org.springframework.web.filter.CharacterEncodingFilter.doFilterInternal(CharacterEncodingFilter.java:201)
	at org.springframework.web.filter.OncePerRequestFilter.doFilter(OncePerRequestFilter.java:116)
	at org.apache.catalina.core.ApplicationFilterChain.internalDoFilter(ApplicationFilterChain.java:164)
	at org.apache.catalina.core.ApplicationFilterChain.doFilter(ApplicationFilterChain.java:140)
	at org.apache.catalina.core.StandardWrapperValve.invoke(StandardWrapperValve.java:167)
	at org.apache.catalina.core.StandardContextValve.invoke(StandardContextValve.java:90)
	at org.apache.catalina.authenticator.AuthenticatorBase.invoke(AuthenticatorBase.java:483)
	at org.apache.catalina.core.StandardHostValve.invoke(StandardHostValve.java:116)
	at org.apache.catalina.valves.ErrorReportValve.invoke(ErrorReportValve.java:93)
	at org.apache.catalina.core.StandardEngineValve.invoke(StandardEngineValve.java:74)
	at org.apache.catalina.connector.CoyoteAdapter.service(CoyoteAdapter.java:344)
	at org.apache.coyote.http11.Http11Processor.service(Http11Processor.java:398)
	at org.apache.coyote.AbstractProcessorLight.process(AbstractProcessorLight.java:63)
	at org.apache.coyote.AbstractProtocol$ConnectionHandler.process(AbstractProtocol.java:903)
	at org.apache.tomcat.util.net.NioEndpoint$SocketProcessor.doRun(NioEndpoint.java:1769)
	at org.apache.tomcat.util.net.SocketProcessorBase.run(SocketProcessorBase.java:52)
	at org.apache.tomcat.util.threads.ThreadPoolExecutor.runWorker(ThreadPoolExecutor.java:1189)
	at org.apache.tomcat.util.threads.ThreadPoolExecutor$Worker.run(ThreadPoolExecutor.java:658)
	at org.apache.tomcat.util.threads.TaskThread$WrappingRunnable.run(TaskThread.java:63)
	at java.base/java.lang.Thread.run(Thread.java:1447)
2026-06-30 18:50:32 [http-nio-8080-exec-1] WARN  o.s.w.s.m.m.a.ExceptionHandlerExceptionResolver - Resolved [org.springframework.web.servlet.resource.NoResourceFoundException: No static resource styleClaro.css.]
2026-06-30 18:50:32 [http-nio-8080-exec-1] TRACE o.s.web.servlet.DispatcherServlet - No view rendering, null ModelAndView returned.
2026-06-30 18:50:32 [http-nio-8080-exec-1] DEBUG o.s.web.servlet.DispatcherServlet - Completed 500 INTERNAL_SERVER_ERROR, headers={masked}
2026-06-30 18:50:32 [http-nio-8080-exec-8] TRACE o.s.web.servlet.DispatcherServlet - GET "/assets/avatars/defaults/user.png", parameters={}, headers={masked} in DispatcherServlet 'dispatcherServlet'
2026-06-30 18:50:32 [http-nio-8080-exec-8] TRACE o.s.web.servlet.DispatcherServlet - No view rendering, null ModelAndView returned.
2026-06-30 18:50:32 [http-nio-8080-exec-8] DEBUG o.s.web.servlet.DispatcherServlet - Completed 200 OK, headers={masked}
2026-06-30 18:51:02 [http-nio-8080-exec-3] TRACE o.s.web.servlet.DispatcherServlet - GET "/index.html", parameters={}, headers={masked} in DispatcherServlet 'dispatcherServlet'
2026-06-30 18:51:02 [http-nio-8080-exec-3] TRACE o.s.web.servlet.DispatcherServlet - No view rendering, null ModelAndView returned.
2026-06-30 18:51:02 [http-nio-8080-exec-3] DEBUG o.s.web.servlet.DispatcherServlet - Completed 200 OK, headers={masked}
2026-06-30 18:51:02 [http-nio-8080-exec-6] TRACE o.s.web.servlet.DispatcherServlet - GET "/css/styleClaroMenu.css", parameters={}, headers={masked} in DispatcherServlet 'dispatcherServlet'
2026-06-30 18:51:02 [http-nio-8080-exec-7] TRACE o.s.web.servlet.DispatcherServlet - GET "/js/auth-menu.js?v=4", parameters={masked}, headers={masked} in DispatcherServlet 'dispatcherServlet'
2026-06-30 18:51:02 [http-nio-8080-exec-7] TRACE o.s.web.servlet.DispatcherServlet - No view rendering, null ModelAndView returned.
2026-06-30 18:51:02 [http-nio-8080-exec-6] TRACE o.s.web.servlet.DispatcherServlet - No view rendering, null ModelAndView returned.
2026-06-30 18:51:02 [http-nio-8080-exec-6] DEBUG o.s.web.servlet.DispatcherServlet - Completed 200 OK, headers={masked}
2026-06-30 18:51:02 [http-nio-8080-exec-7] DEBUG o.s.web.servlet.DispatcherServlet - Completed 200 OK, headers={masked}
2026-06-30 18:51:02 [http-nio-8080-exec-5] TRACE o.s.web.servlet.DispatcherServlet - GET "/api/categorias", parameters={}, headers={masked} in DispatcherServlet 'dispatcherServlet'
2026-06-30 18:51:02 [http-nio-8080-exec-5] TRACE o.s.w.s.m.m.a.RequestMappingHandlerMapping - Mapped to com.example.tienda_tech.controller.CategoriaController#listar()
2026-06-30 18:51:02 [http-nio-8080-exec-10] TRACE o.s.web.servlet.DispatcherServlet - GET "/assets/menu/img3.jpg", parameters={}, headers={masked} in DispatcherServlet 'dispatcherServlet'
2026-06-30 18:51:02 [http-nio-8080-exec-9] TRACE o.s.web.servlet.DispatcherServlet - GET "/assets/menu/img1.jpg", parameters={}, headers={masked} in DispatcherServlet 'dispatcherServlet'
2026-06-30 18:51:02 [http-nio-8080-exec-8] TRACE o.s.web.servlet.DispatcherServlet - GET "/api/productos/recientes-menu", parameters={}, headers={masked} in DispatcherServlet 'dispatcherServlet'
2026-06-30 18:51:02 [http-nio-8080-exec-8] TRACE o.s.w.s.m.m.a.RequestMappingHandlerMapping - Mapped to com.example.tienda_tech.controller.HomeController#recientesMenu(int)
2026-06-30 18:51:02 [http-nio-8080-exec-1] TRACE o.s.web.servlet.DispatcherServlet - GET "/assets/menu/img2.jpg", parameters={}, headers={masked} in DispatcherServlet 'dispatcherServlet'
2026-06-30 18:51:02 [http-nio-8080-exec-1] TRACE o.s.web.servlet.DispatcherServlet - No view rendering, null ModelAndView returned.
2026-06-30 18:51:02 [http-nio-8080-exec-9] TRACE o.s.web.servlet.DispatcherServlet - No view rendering, null ModelAndView returned.
2026-06-30 18:51:02 [http-nio-8080-exec-10] TRACE o.s.web.servlet.DispatcherServlet - No view rendering, null ModelAndView returned.
2026-06-30 18:51:02 [http-nio-8080-exec-10] DEBUG o.s.web.servlet.DispatcherServlet - Completed 200 OK, headers={masked}
2026-06-30 18:51:02 [http-nio-8080-exec-1] DEBUG o.s.web.servlet.DispatcherServlet - Completed 200 OK, headers={masked}
2026-06-30 18:51:02 [http-nio-8080-exec-9] DEBUG o.s.web.servlet.DispatcherServlet - Completed 200 OK, headers={masked}
2026-06-30 18:51:02 [http-nio-8080-exec-5] TRACE o.s.web.servlet.DispatcherServlet - No view rendering, null ModelAndView returned.
2026-06-30 18:51:02 [http-nio-8080-exec-5] DEBUG o.s.web.servlet.DispatcherServlet - Completed 200 OK, headers={masked}
2026-06-30 18:51:02 [http-nio-8080-exec-8] TRACE o.s.web.servlet.DispatcherServlet - No view rendering, null ModelAndView returned.
2026-06-30 18:51:02 [http-nio-8080-exec-8] DEBUG o.s.web.servlet.DispatcherServlet - Completed 200 OK, headers={masked}
2026-06-30 18:51:02 [http-nio-8080-exec-7] TRACE o.s.w.s.m.m.a.RequestMappingHandlerMapping - 2 matching mappings: [{HEAD [/api/galeria/{galeriaId}/contenido]}, {GET [/api/galeria/{galeriaId}/contenido]}]
2026-06-30 18:51:02 [http-nio-8080-exec-2] TRACE o.s.w.s.m.m.a.RequestMappingHandlerMapping - 2 matching mappings: [{HEAD [/api/galeria/{galeriaId}/contenido]}, {GET [/api/galeria/{galeriaId}/contenido]}]
2026-06-30 18:51:02 [http-nio-8080-exec-7] TRACE o.s.web.servlet.DispatcherServlet - HEAD "/api/galeria/264/contenido", parameters={}, headers={masked} in DispatcherServlet 'dispatcherServlet'
2026-06-30 18:51:02 [http-nio-8080-exec-2] TRACE o.s.web.servlet.DispatcherServlet - HEAD "/api/galeria/312/contenido", parameters={}, headers={masked} in DispatcherServlet 'dispatcherServlet'
2026-06-30 18:51:02 [http-nio-8080-exec-2] TRACE o.s.w.s.m.m.a.RequestMappingHandlerMapping - 2 matching mappings: [{HEAD [/api/galeria/{galeriaId}/contenido]}, {GET [/api/galeria/{galeriaId}/contenido]}]
2026-06-30 18:51:02 [http-nio-8080-exec-2] TRACE o.s.w.s.m.m.a.RequestMappingHandlerMapping - Mapped to com.example.tienda_tech.controller.GaleriaCompatController#headLegacy(Integer)
2026-06-30 18:51:02 [http-nio-8080-exec-3] TRACE o.s.w.s.m.m.a.RequestMappingHandlerMapping - 2 matching mappings: [{HEAD [/api/galeria/{galeriaId}/contenido]}, {GET [/api/galeria/{galeriaId}/contenido]}]
2026-06-30 18:51:02 [http-nio-8080-exec-4] TRACE o.s.w.s.m.m.a.RequestMappingHandlerMapping - 2 matching mappings: [{HEAD [/api/galeria/{galeriaId}/contenido]}, {GET [/api/galeria/{galeriaId}/contenido]}]
2026-06-30 18:51:02 [http-nio-8080-exec-3] TRACE o.s.web.servlet.DispatcherServlet - HEAD "/api/galeria/292/contenido", parameters={}, headers={masked} in DispatcherServlet 'dispatcherServlet'
2026-06-30 18:51:02 [http-nio-8080-exec-6] TRACE o.s.w.s.m.m.a.RequestMappingHandlerMapping - 2 matching mappings: [{HEAD [/api/galeria/{galeriaId}/contenido]}, {GET [/api/galeria/{galeriaId}/contenido]}]
2026-06-30 18:51:02 [http-nio-8080-exec-3] TRACE o.s.w.s.m.m.a.RequestMappingHandlerMapping - 2 matching mappings: [{HEAD [/api/galeria/{galeriaId}/contenido]}, {GET [/api/galeria/{galeriaId}/contenido]}]
2026-06-30 18:51:02 [http-nio-8080-exec-6] TRACE o.s.web.servlet.DispatcherServlet - HEAD "/api/galeria/244/contenido", parameters={}, headers={masked} in DispatcherServlet 'dispatcherServlet'
2026-06-30 18:51:02 [http-nio-8080-exec-3] TRACE o.s.w.s.m.m.a.RequestMappingHandlerMapping - Mapped to com.example.tienda_tech.controller.GaleriaCompatController#headLegacy(Integer)
2026-06-30 18:51:02 [http-nio-8080-exec-6] TRACE o.s.w.s.m.m.a.RequestMappingHandlerMapping - 2 matching mappings: [{HEAD [/api/galeria/{galeriaId}/contenido]}, {GET [/api/galeria/{galeriaId}/contenido]}]
2026-06-30 18:51:02 [http-nio-8080-exec-6] TRACE o.s.w.s.m.m.a.RequestMappingHandlerMapping - Mapped to com.example.tienda_tech.controller.GaleriaCompatController#headLegacy(Integer)
2026-06-30 18:51:02 [http-nio-8080-exec-4] TRACE o.s.web.servlet.DispatcherServlet - HEAD "/api/galeria/303/contenido", parameters={}, headers={masked} in DispatcherServlet 'dispatcherServlet'
2026-06-30 18:51:02 [http-nio-8080-exec-7] TRACE o.s.w.s.m.m.a.RequestMappingHandlerMapping - 2 matching mappings: [{HEAD [/api/galeria/{galeriaId}/contenido]}, {GET [/api/galeria/{galeriaId}/contenido]}]
2026-06-30 18:51:02 [http-nio-8080-exec-7] TRACE o.s.w.s.m.m.a.RequestMappingHandlerMapping - Mapped to com.example.tienda_tech.controller.GaleriaCompatController#headLegacy(Integer)
2026-06-30 18:51:02 [http-nio-8080-exec-4] TRACE o.s.w.s.m.m.a.RequestMappingHandlerMapping - 2 matching mappings: [{HEAD [/api/galeria/{galeriaId}/contenido]}, {GET [/api/galeria/{galeriaId}/contenido]}]
2026-06-30 18:51:02 [http-nio-8080-exec-4] TRACE o.s.w.s.m.m.a.RequestMappingHandlerMapping - Mapped to com.example.tienda_tech.controller.GaleriaCompatController#headLegacy(Integer)
2026-06-30 18:51:02 [http-nio-8080-exec-6] TRACE o.s.web.servlet.DispatcherServlet - No view rendering, null ModelAndView returned.
2026-06-30 18:51:02 [http-nio-8080-exec-4] TRACE o.s.web.servlet.DispatcherServlet - No view rendering, null ModelAndView returned.
2026-06-30 18:51:02 [http-nio-8080-exec-7] TRACE o.s.web.servlet.DispatcherServlet - No view rendering, null ModelAndView returned.
2026-06-30 18:51:02 [http-nio-8080-exec-7] DEBUG o.s.web.servlet.DispatcherServlet - Completed 200 OK, headers={masked}
2026-06-30 18:51:02 [http-nio-8080-exec-2] TRACE o.s.web.servlet.DispatcherServlet - No view rendering, null ModelAndView returned.
2026-06-30 18:51:02 [http-nio-8080-exec-2] DEBUG o.s.web.servlet.DispatcherServlet - Completed 200 OK, headers={masked}
2026-06-30 18:51:02 [http-nio-8080-exec-6] DEBUG o.s.web.servlet.DispatcherServlet - Completed 200 OK, headers={masked}
2026-06-30 18:51:02 [http-nio-8080-exec-4] DEBUG o.s.web.servlet.DispatcherServlet - Completed 200 OK, headers={masked}
2026-06-30 18:51:02 [http-nio-8080-exec-3] TRACE o.s.web.servlet.DispatcherServlet - No view rendering, null ModelAndView returned.
2026-06-30 18:51:02 [http-nio-8080-exec-3] DEBUG o.s.web.servlet.DispatcherServlet - Completed 200 OK, headers={masked}
2026-06-30 18:51:03 [http-nio-8080-exec-10] TRACE o.s.web.servlet.DispatcherServlet - GET "/api/galeria/312/contenido", parameters={}, headers={masked} in DispatcherServlet 'dispatcherServlet'
2026-06-30 18:51:03 [http-nio-8080-exec-1] TRACE o.s.web.servlet.DispatcherServlet - GET "/api/galeria/303/contenido", parameters={}, headers={masked} in DispatcherServlet 'dispatcherServlet'
2026-06-30 18:51:03 [http-nio-8080-exec-10] TRACE o.s.w.s.m.m.a.RequestMappingHandlerMapping - Mapped to com.example.tienda_tech.controller.GaleriaCompatController#contenidoLegacy(Integer)
2026-06-30 18:51:03 [http-nio-8080-exec-1] TRACE o.s.w.s.m.m.a.RequestMappingHandlerMapping - Mapped to com.example.tienda_tech.controller.GaleriaCompatController#contenidoLegacy(Integer)
2026-06-30 18:51:03 [http-nio-8080-exec-10] TRACE o.s.web.servlet.DispatcherServlet - No view rendering, null ModelAndView returned.
2026-06-30 18:51:03 [http-nio-8080-exec-1] TRACE o.s.web.servlet.DispatcherServlet - No view rendering, null ModelAndView returned.
2026-06-30 18:51:03 [http-nio-8080-exec-1] DEBUG o.s.web.servlet.DispatcherServlet - Completed 200 OK, headers={masked}
2026-06-30 18:51:03 [http-nio-8080-exec-10] DEBUG o.s.web.servlet.DispatcherServlet - Completed 200 OK, headers={masked}
2026-06-30 18:51:08 [http-nio-8080-exec-9] TRACE o.s.web.servlet.DispatcherServlet - GET "/Busqueda.html?cat=2&nombre=CPU", parameters={masked}, headers={masked} in DispatcherServlet 'dispatcherServlet'
2026-06-30 18:51:08 [http-nio-8080-exec-9] TRACE o.s.web.servlet.DispatcherServlet - No view rendering, null ModelAndView returned.
2026-06-30 18:51:08 [http-nio-8080-exec-9] DEBUG o.s.web.servlet.DispatcherServlet - Completed 200 OK, headers={masked}
2026-06-30 18:51:08 [http-nio-8080-exec-8] TRACE o.s.web.servlet.DispatcherServlet - GET "/styleClaroMenu.css", parameters={}, headers={masked} in DispatcherServlet 'dispatcherServlet'
2026-06-30 18:51:08 [http-nio-8080-exec-5] TRACE o.s.web.servlet.DispatcherServlet - GET "/js/auth-menu.js?v=4", parameters={masked}, headers={masked} in DispatcherServlet 'dispatcherServlet'
2026-06-30 18:51:08 [http-nio-8080-exec-5] TRACE o.s.web.servlet.DispatcherServlet - No view rendering, null ModelAndView returned.
2026-06-30 18:51:08 [http-nio-8080-exec-5] DEBUG o.s.web.servlet.DispatcherServlet - Completed 200 OK, headers={masked}
2026-06-30 18:51:08 [http-nio-8080-exec-8] ERROR c.e.tienda_tech.advice.ApiErrors - [GET /styleClaroMenu.css] Unhandled exception
org.springframework.web.servlet.resource.NoResourceFoundException: No static resource styleClaroMenu.css.
	at org.springframework.web.servlet.resource.ResourceHttpRequestHandler.handleRequest(ResourceHttpRequestHandler.java:585)
	at org.springframework.web.servlet.mvc.HttpRequestHandlerAdapter.handle(HttpRequestHandlerAdapter.java:52)
	at org.springframework.web.servlet.DispatcherServlet.doDispatch(DispatcherServlet.java:1089)
	at org.springframework.web.servlet.DispatcherServlet.doService(DispatcherServlet.java:979)
	at org.springframework.web.servlet.FrameworkServlet.processRequest(FrameworkServlet.java:1014)
	at org.springframework.web.servlet.FrameworkServlet.doGet(FrameworkServlet.java:903)
	at jakarta.servlet.http.HttpServlet.service(HttpServlet.java:564)
	at org.springframework.web.servlet.FrameworkServlet.service(FrameworkServlet.java:885)
	at jakarta.servlet.http.HttpServlet.service(HttpServlet.java:658)
	at org.apache.catalina.core.ApplicationFilterChain.internalDoFilter(ApplicationFilterChain.java:195)
	at org.apache.catalina.core.ApplicationFilterChain.doFilter(ApplicationFilterChain.java:140)
	at org.apache.tomcat.websocket.server.WsFilter.doFilter(WsFilter.java:51)
	at org.apache.catalina.core.ApplicationFilterChain.internalDoFilter(ApplicationFilterChain.java:164)
	at org.apache.catalina.core.ApplicationFilterChain.doFilter(ApplicationFilterChain.java:140)
	at org.springframework.web.filter.CompositeFilter$VirtualFilterChain.doFilter(CompositeFilter.java:108)
	at org.springframework.web.filter.CompositeFilter$VirtualFilterChain.doFilter(CompositeFilter.java:108)
	at org.springframework.security.web.FilterChainProxy.lambda$doFilterInternal$3(FilterChainProxy.java:231)
	at org.springframework.security.web.FilterChainProxy$VirtualFilterChain.doFilter(FilterChainProxy.java:365)
	at org.springframework.security.web.access.intercept.AuthorizationFilter.doFilter(AuthorizationFilter.java:101)
	at org.springframework.security.web.FilterChainProxy$VirtualFilterChain.doFilter(FilterChainProxy.java:374)
	at org.springframework.security.web.access.ExceptionTranslationFilter.doFilter(ExceptionTranslationFilter.java:125)
	at org.springframework.security.web.access.ExceptionTranslationFilter.doFilter(ExceptionTranslationFilter.java:119)
	at org.springframework.security.web.FilterChainProxy$VirtualFilterChain.doFilter(FilterChainProxy.java:374)
	at org.springframework.security.web.authentication.AnonymousAuthenticationFilter.doFilter(AnonymousAuthenticationFilter.java:100)
	at org.springframework.security.web.FilterChainProxy$VirtualFilterChain.doFilter(FilterChainProxy.java:374)
	at org.springframework.security.web.servletapi.SecurityContextHolderAwareRequestFilter.doFilter(SecurityContextHolderAwareRequestFilter.java:179)
	at org.springframework.security.web.FilterChainProxy$VirtualFilterChain.doFilter(FilterChainProxy.java:374)
	at org.springframework.security.web.savedrequest.RequestCacheAwareFilter.doFilter(RequestCacheAwareFilter.java:63)
	at org.springframework.security.web.FilterChainProxy$VirtualFilterChain.doFilter(FilterChainProxy.java:374)
	at org.springframework.security.web.authentication.logout.LogoutFilter.doFilter(LogoutFilter.java:107)
	at org.springframework.security.web.authentication.logout.LogoutFilter.doFilter(LogoutFilter.java:93)
	at org.springframework.security.web.FilterChainProxy$VirtualFilterChain.doFilter(FilterChainProxy.java:374)
	at org.springframework.web.filter.CorsFilter.doFilterInternal(CorsFilter.java:91)
	at org.springframework.web.filter.OncePerRequestFilter.doFilter(OncePerRequestFilter.java:116)
	at org.springframework.security.web.FilterChainProxy$VirtualFilterChain.doFilter(FilterChainProxy.java:374)
	at org.springframework.security.web.header.HeaderWriterFilter.doHeadersAfter(HeaderWriterFilter.java:90)
	at org.springframework.security.web.header.HeaderWriterFilter.doFilterInternal(HeaderWriterFilter.java:75)
	at org.springframework.web.filter.OncePerRequestFilter.doFilter(OncePerRequestFilter.java:116)
	at org.springframework.security.web.FilterChainProxy$VirtualFilterChain.doFilter(FilterChainProxy.java:374)
	at org.springframework.security.web.context.SecurityContextHolderFilter.doFilter(SecurityContextHolderFilter.java:82)
	at org.springframework.security.web.context.SecurityContextHolderFilter.doFilter(SecurityContextHolderFilter.java:69)
	at org.springframework.security.web.FilterChainProxy$VirtualFilterChain.doFilter(FilterChainProxy.java:374)
	at org.springframework.security.web.context.request.async.WebAsyncManagerIntegrationFilter.doFilterInternal(WebAsyncManagerIntegrationFilter.java:62)
	at org.springframework.web.filter.OncePerRequestFilter.doFilter(OncePerRequestFilter.java:116)
	at org.springframework.security.web.FilterChainProxy$VirtualFilterChain.doFilter(FilterChainProxy.java:374)
	at org.springframework.security.web.session.DisableEncodeUrlFilter.doFilterInternal(DisableEncodeUrlFilter.java:42)
	at org.springframework.web.filter.OncePerRequestFilter.doFilter(OncePerRequestFilter.java:116)
	at org.springframework.security.web.FilterChainProxy$VirtualFilterChain.doFilter(FilterChainProxy.java:374)
	at org.springframework.security.web.FilterChainProxy.doFilterInternal(FilterChainProxy.java:233)
	at org.springframework.security.web.FilterChainProxy.doFilter(FilterChainProxy.java:191)
	at org.springframework.web.filter.CompositeFilter$VirtualFilterChain.doFilter(CompositeFilter.java:113)
	at org.springframework.web.filter.ServletRequestPathFilter.doFilter(ServletRequestPathFilter.java:52)
	at org.springframework.web.filter.CompositeFilter$VirtualFilterChain.doFilter(CompositeFilter.java:113)
	at org.springframework.web.filter.CompositeFilter.doFilter(CompositeFilter.java:74)
	at org.springframework.security.config.annotation.web.configuration.WebSecurityConfiguration$CompositeFilterChainProxy.doFilter(WebSecurityConfiguration.java:319)
	at org.springframework.web.filter.CompositeFilter$VirtualFilterChain.doFilter(CompositeFilter.java:113)
	at org.springframework.web.servlet.handler.HandlerMappingIntrospector.lambda$createCacheFilter$4(HandlerMappingIntrospector.java:267)
	at org.springframework.web.filter.CompositeFilter$VirtualFilterChain.doFilter(CompositeFilter.java:113)
	at org.springframework.web.filter.CompositeFilter.doFilter(CompositeFilter.java:74)
	at org.springframework.security.config.annotation.web.configuration.WebMvcSecurityConfiguration$CompositeFilterChainProxy.doFilter(WebMvcSecurityConfiguration.java:240)
	at org.springframework.web.filter.DelegatingFilterProxy.invokeDelegate(DelegatingFilterProxy.java:362)
	at org.springframework.web.filter.DelegatingFilterProxy.doFilter(DelegatingFilterProxy.java:278)
	at org.apache.catalina.core.ApplicationFilterChain.internalDoFilter(ApplicationFilterChain.java:164)
	at org.apache.catalina.core.ApplicationFilterChain.doFilter(ApplicationFilterChain.java:140)
	at org.springframework.web.filter.RequestContextFilter.doFilterInternal(RequestContextFilter.java:100)
	at org.springframework.web.filter.OncePerRequestFilter.doFilter(OncePerRequestFilter.java:116)
	at org.apache.catalina.core.ApplicationFilterChain.internalDoFilter(ApplicationFilterChain.java:164)
	at org.apache.catalina.core.ApplicationFilterChain.doFilter(ApplicationFilterChain.java:140)
	at org.springframework.web.filter.FormContentFilter.doFilterInternal(FormContentFilter.java:93)
	at org.springframework.web.filter.OncePerRequestFilter.doFilter(OncePerRequestFilter.java:116)
	at org.apache.catalina.core.ApplicationFilterChain.internalDoFilter(ApplicationFilterChain.java:164)
	at org.apache.catalina.core.ApplicationFilterChain.doFilter(ApplicationFilterChain.java:140)
	at org.springframework.web.filter.CharacterEncodingFilter.doFilterInternal(CharacterEncodingFilter.java:201)
	at org.springframework.web.filter.OncePerRequestFilter.doFilter(OncePerRequestFilter.java:116)
	at org.apache.catalina.core.ApplicationFilterChain.internalDoFilter(ApplicationFilterChain.java:164)
	at org.apache.catalina.core.ApplicationFilterChain.doFilter(ApplicationFilterChain.java:140)
	at org.apache.catalina.core.StandardWrapperValve.invoke(StandardWrapperValve.java:167)
	at org.apache.catalina.core.StandardContextValve.invoke(StandardContextValve.java:90)
	at org.apache.catalina.authenticator.AuthenticatorBase.invoke(AuthenticatorBase.java:483)
	at org.apache.catalina.core.StandardHostValve.invoke(StandardHostValve.java:116)
	at org.apache.catalina.valves.ErrorReportValve.invoke(ErrorReportValve.java:93)
	at org.apache.catalina.core.StandardEngineValve.invoke(StandardEngineValve.java:74)
	at org.apache.catalina.connector.CoyoteAdapter.service(CoyoteAdapter.java:344)
	at org.apache.coyote.http11.Http11Processor.service(Http11Processor.java:398)
	at org.apache.coyote.AbstractProcessorLight.process(AbstractProcessorLight.java:63)
	at org.apache.coyote.AbstractProtocol$ConnectionHandler.process(AbstractProtocol.java:903)
	at org.apache.tomcat.util.net.NioEndpoint$SocketProcessor.doRun(NioEndpoint.java:1769)
	at org.apache.tomcat.util.net.SocketProcessorBase.run(SocketProcessorBase.java:52)
	at org.apache.tomcat.util.threads.ThreadPoolExecutor.runWorker(ThreadPoolExecutor.java:1189)
	at org.apache.tomcat.util.threads.ThreadPoolExecutor$Worker.run(ThreadPoolExecutor.java:658)
	at org.apache.tomcat.util.threads.TaskThread$WrappingRunnable.run(TaskThread.java:63)
	at java.base/java.lang.Thread.run(Thread.java:1447)
2026-06-30 18:51:08 [http-nio-8080-exec-8] WARN  o.s.w.s.m.m.a.ExceptionHandlerExceptionResolver - Resolved [org.springframework.web.servlet.resource.NoResourceFoundException: No static resource styleClaroMenu.css.]
2026-06-30 18:51:08 [http-nio-8080-exec-8] TRACE o.s.web.servlet.DispatcherServlet - No view rendering, null ModelAndView returned.
2026-06-30 18:51:08 [http-nio-8080-exec-8] DEBUG o.s.web.servlet.DispatcherServlet - Completed 500 INTERNAL_SERVER_ERROR, headers={masked}
2026-06-30 18:51:08 [http-nio-8080-exec-7] TRACE o.s.web.servlet.DispatcherServlet - GET "/api/productos/por-categoria?categoriaId=2", parameters={masked}, headers={masked} in DispatcherServlet 'dispatcherServlet'
2026-06-30 18:51:08 [http-nio-8080-exec-7] TRACE o.s.w.s.m.m.a.RequestMappingHandlerMapping - Mapped to com.example.tienda_tech.controller.ProductoQueryController#porCategoria(Integer, Integer)
2026-06-30 18:51:08 [http-nio-8080-exec-7] TRACE o.s.web.servlet.DispatcherServlet - No view rendering, null ModelAndView returned.
2026-06-30 18:51:08 [http-nio-8080-exec-7] DEBUG o.s.web.servlet.DispatcherServlet - Completed 200 OK, headers={masked}
2026-06-30 18:51:08 [http-nio-8080-exec-6] TRACE o.s.web.servlet.DispatcherServlet - GET "/api/galeria_v2/img/321", parameters={}, headers={masked} in DispatcherServlet 'dispatcherServlet'
2026-06-30 18:51:08 [http-nio-8080-exec-4] TRACE o.s.web.servlet.DispatcherServlet - GET "/api/galeria_v2/img/111", parameters={}, headers={masked} in DispatcherServlet 'dispatcherServlet'
2026-06-30 18:51:08 [http-nio-8080-exec-6] TRACE o.s.w.s.m.m.a.RequestMappingHandlerMapping - Mapped to com.example.tienda_tech.controller.GaleriaV2Controller#obtenerImagen(Integer)
2026-06-30 18:51:08 [http-nio-8080-exec-4] TRACE o.s.w.s.m.m.a.RequestMappingHandlerMapping - Mapped to com.example.tienda_tech.controller.GaleriaV2Controller#obtenerImagen(Integer)
2026-06-30 18:51:08 [http-nio-8080-exec-2] TRACE o.s.web.servlet.DispatcherServlet - GET "/api/galeria_v2/img/279", parameters={}, headers={masked} in DispatcherServlet 'dispatcherServlet'
2026-06-30 18:51:08 [http-nio-8080-exec-2] TRACE o.s.w.s.m.m.a.RequestMappingHandlerMapping - Mapped to com.example.tienda_tech.controller.GaleriaV2Controller#obtenerImagen(Integer)
2026-06-30 18:51:08 [http-nio-8080-exec-1] TRACE o.s.web.servlet.DispatcherServlet - GET "/api/galeria_v2/img/113", parameters={}, headers={masked} in DispatcherServlet 'dispatcherServlet'
2026-06-30 18:51:08 [http-nio-8080-exec-1] TRACE o.s.w.s.m.m.a.RequestMappingHandlerMapping - Mapped to com.example.tienda_tech.controller.GaleriaV2Controller#obtenerImagen(Integer)
2026-06-30 18:51:08 [http-nio-8080-exec-10] TRACE o.s.web.servlet.DispatcherServlet - GET "/api/galeria_v2/img/67", parameters={}, headers={masked} in DispatcherServlet 'dispatcherServlet'
2026-06-30 18:51:08 [http-nio-8080-exec-10] TRACE o.s.w.s.m.m.a.RequestMappingHandlerMapping - Mapped to com.example.tienda_tech.controller.GaleriaV2Controller#obtenerImagen(Integer)
2026-06-30 18:51:08 [http-nio-8080-exec-3] TRACE o.s.web.servlet.DispatcherServlet - GET "/api/galeria_v2/img/117", parameters={}, headers={masked} in DispatcherServlet 'dispatcherServlet'
2026-06-30 18:51:08 [http-nio-8080-exec-3] TRACE o.s.w.s.m.m.a.RequestMappingHandlerMapping - Mapped to com.example.tienda_tech.controller.GaleriaV2Controller#obtenerImagen(Integer)
2026-06-30 18:51:08 [http-nio-8080-exec-4] TRACE o.s.web.servlet.DispatcherServlet - No view rendering, null ModelAndView returned.
2026-06-30 18:51:08 [http-nio-8080-exec-2] TRACE o.s.web.servlet.DispatcherServlet - No view rendering, null ModelAndView returned.
2026-06-30 18:51:08 [http-nio-8080-exec-4] DEBUG o.s.web.servlet.DispatcherServlet - Completed 200 OK, headers={masked}
2026-06-30 18:51:08 [http-nio-8080-exec-2] DEBUG o.s.web.servlet.DispatcherServlet - Completed 200 OK, headers={masked}
2026-06-30 18:51:08 [http-nio-8080-exec-6] TRACE o.s.web.servlet.DispatcherServlet - No view rendering, null ModelAndView returned.
2026-06-30 18:51:08 [http-nio-8080-exec-6] DEBUG o.s.web.servlet.DispatcherServlet - Completed 200 OK, headers={masked}
2026-06-30 18:51:08 [http-nio-8080-exec-3] TRACE o.s.web.servlet.DispatcherServlet - No view rendering, null ModelAndView returned.
2026-06-30 18:51:08 [http-nio-8080-exec-1] TRACE o.s.web.servlet.DispatcherServlet - No view rendering, null ModelAndView returned.
2026-06-30 18:51:08 [http-nio-8080-exec-3] DEBUG o.s.web.servlet.DispatcherServlet - Completed 200 OK, headers={masked}
2026-06-30 18:51:08 [http-nio-8080-exec-1] DEBUG o.s.web.servlet.DispatcherServlet - Completed 200 OK, headers={masked}
2026-06-30 18:51:08 [http-nio-8080-exec-10] TRACE o.s.web.servlet.DispatcherServlet - No view rendering, null ModelAndView returned.
2026-06-30 18:51:08 [http-nio-8080-exec-10] DEBUG o.s.web.servlet.DispatcherServlet - Completed 200 OK, headers={masked}
2026-06-30 18:51:10 [http-nio-8080-exec-9] TRACE o.s.web.servlet.DispatcherServlet - GET "/informacion_producto.html?id=39", parameters={masked}, headers={masked} in DispatcherServlet 'dispatcherServlet'
2026-06-30 18:51:10 [http-nio-8080-exec-9] TRACE o.s.web.servlet.DispatcherServlet - No view rendering, null ModelAndView returned.
2026-06-30 18:51:10 [http-nio-8080-exec-9] DEBUG o.s.web.servlet.DispatcherServlet - Completed 200 OK, headers={masked}
2026-06-30 18:51:10 [http-nio-8080-exec-5] TRACE o.s.web.servlet.DispatcherServlet - GET "/css/style2.css", parameters={}, headers={masked} in DispatcherServlet 'dispatcherServlet'
2026-06-30 18:51:10 [http-nio-8080-exec-8] TRACE o.s.web.servlet.DispatcherServlet - GET "/js/auth-menu.js?v=4", parameters={masked}, headers={masked} in DispatcherServlet 'dispatcherServlet'
2026-06-30 18:51:10 [http-nio-8080-exec-8] TRACE o.s.web.servlet.DispatcherServlet - No view rendering, null ModelAndView returned.
2026-06-30 18:51:10 [http-nio-8080-exec-5] TRACE o.s.web.servlet.DispatcherServlet - No view rendering, null ModelAndView returned.
2026-06-30 18:51:10 [http-nio-8080-exec-5] DEBUG o.s.web.servlet.DispatcherServlet - Completed 200 OK, headers={masked}
2026-06-30 18:51:10 [http-nio-8080-exec-8] DEBUG o.s.web.servlet.DispatcherServlet - Completed 200 OK, headers={masked}
2026-06-30 18:51:10 [http-nio-8080-exec-7] TRACE o.s.web.servlet.DispatcherServlet - GET "/api/productos/39", parameters={}, headers={masked} in DispatcherServlet 'dispatcherServlet'
2026-06-30 18:51:10 [http-nio-8080-exec-7] TRACE o.s.w.s.m.m.a.RequestMappingHandlerMapping - Mapped to com.example.tienda_tech.controller.ProductoQueryController#detalle(Integer, Integer)
2026-06-30 18:51:10 [http-nio-8080-exec-7] TRACE o.s.web.servlet.DispatcherServlet - No view rendering, null ModelAndView returned.
2026-06-30 18:51:10 [http-nio-8080-exec-7] DEBUG o.s.web.servlet.DispatcherServlet - Completed 200 OK, headers={masked}
2026-06-30 18:51:10 [http-nio-8080-exec-4] TRACE o.s.web.servlet.DispatcherServlet - GET "/api/sp/productos/39/editar", parameters={}, headers={masked} in DispatcherServlet 'dispatcherServlet'
2026-06-30 18:51:10 [http-nio-8080-exec-4] TRACE o.s.w.s.m.m.a.RequestMappingHandlerMapping - Mapped to com.example.tienda_tech.controller.ProductoSpController#getDetalleEditar(Integer)
2026-06-30 18:51:10 [http-nio-8080-exec-4] TRACE o.s.web.servlet.DispatcherServlet - No view rendering, null ModelAndView returned.
2026-06-30 18:51:10 [http-nio-8080-exec-4] DEBUG o.s.web.servlet.DispatcherServlet - Completed 200 OK, headers={masked}
2026-06-30 18:51:12 [http-nio-8080-exec-2] TRACE o.s.web.servlet.DispatcherServlet - POST "/api/carrito/items", parameters={}, headers={masked} in DispatcherServlet 'dispatcherServlet'
2026-06-30 18:51:12 [http-nio-8080-exec-2] TRACE o.s.w.s.m.m.a.RequestMappingHandlerMapping - Mapped to com.example.tienda_tech.controller.CarritoController#addItem(Integer, CarritoAddReq)
2026-06-30 18:51:12 [http-nio-8080-exec-2] TRACE o.s.web.servlet.DispatcherServlet - No view rendering, null ModelAndView returned.
2026-06-30 18:51:12 [http-nio-8080-exec-2] DEBUG o.s.web.servlet.DispatcherServlet - Completed 200 OK, headers={masked}
2026-06-30 18:51:16 [http-nio-8080-exec-6] TRACE o.s.web.servlet.DispatcherServlet - GET "/Carrito.html", parameters={}, headers={masked} in DispatcherServlet 'dispatcherServlet'
2026-06-30 18:51:16 [http-nio-8080-exec-6] TRACE o.s.web.servlet.DispatcherServlet - No view rendering, null ModelAndView returned.
2026-06-30 18:51:16 [http-nio-8080-exec-6] DEBUG o.s.web.servlet.DispatcherServlet - Completed 200 OK, headers={masked}
2026-06-30 18:51:16 [http-nio-8080-exec-3] TRACE o.s.web.servlet.DispatcherServlet - GET "/css/style2.css", parameters={}, headers={masked} in DispatcherServlet 'dispatcherServlet'
2026-06-30 18:51:16 [http-nio-8080-exec-1] TRACE o.s.web.servlet.DispatcherServlet - GET "/js/auth-menu.js?v=4", parameters={masked}, headers={masked} in DispatcherServlet 'dispatcherServlet'
2026-06-30 18:51:16 [http-nio-8080-exec-10] TRACE o.s.web.servlet.DispatcherServlet - GET "/css/styleClaroMenu.css", parameters={}, headers={masked} in DispatcherServlet 'dispatcherServlet'
2026-06-30 18:51:16 [http-nio-8080-exec-10] TRACE o.s.web.servlet.DispatcherServlet - No view rendering, null ModelAndView returned.
2026-06-30 18:51:16 [http-nio-8080-exec-1] TRACE o.s.web.servlet.DispatcherServlet - No view rendering, null ModelAndView returned.
2026-06-30 18:51:16 [http-nio-8080-exec-3] TRACE o.s.web.servlet.DispatcherServlet - No view rendering, null ModelAndView returned.
2026-06-30 18:51:16 [http-nio-8080-exec-3] DEBUG o.s.web.servlet.DispatcherServlet - Completed 200 OK, headers={masked}
2026-06-30 18:51:16 [http-nio-8080-exec-10] DEBUG o.s.web.servlet.DispatcherServlet - Completed 200 OK, headers={masked}
2026-06-30 18:51:16 [http-nio-8080-exec-1] DEBUG o.s.web.servlet.DispatcherServlet - Completed 200 OK, headers={masked}
2026-06-30 18:51:16 [http-nio-8080-exec-9] TRACE o.s.web.servlet.DispatcherServlet - GET "/api/carrito/items", parameters={}, headers={masked} in DispatcherServlet 'dispatcherServlet'
2026-06-30 18:51:16 [http-nio-8080-exec-9] TRACE o.s.w.s.m.m.a.RequestMappingHandlerMapping - Mapped to com.example.tienda_tech.controller.CarritoController#list(Integer)
2026-06-30 18:51:16 [http-nio-8080-exec-9] TRACE o.s.web.servlet.DispatcherServlet - No view rendering, null ModelAndView returned.
2026-06-30 18:51:16 [http-nio-8080-exec-9] DEBUG o.s.web.servlet.DispatcherServlet - Completed 200 OK, headers={masked}
2026-06-30 18:51:16 [http-nio-8080-exec-7] TRACE o.s.web.servlet.DispatcherServlet - GET "/api/carrito/resumen", parameters={}, headers={masked} in DispatcherServlet 'dispatcherServlet'
2026-06-30 18:51:16 [http-nio-8080-exec-7] TRACE o.s.w.s.m.m.a.RequestMappingHandlerMapping - Mapped to com.example.tienda_tech.controller.CarritoController#summary(Integer)
2026-06-30 18:51:16 [http-nio-8080-exec-5] TRACE o.s.web.servlet.DispatcherServlet - GET "/api/productos/37", parameters={}, headers={masked} in DispatcherServlet 'dispatcherServlet'
2026-06-30 18:51:16 [http-nio-8080-exec-5] TRACE o.s.w.s.m.m.a.RequestMappingHandlerMapping - Mapped to com.example.tienda_tech.controller.ProductoQueryController#detalle(Integer, Integer)
2026-06-30 18:51:16 [http-nio-8080-exec-4] TRACE o.s.web.servlet.DispatcherServlet - GET "/img/placeholder.png", parameters={}, headers={masked} in DispatcherServlet 'dispatcherServlet'
2026-06-30 18:51:16 [http-nio-8080-exec-8] TRACE o.s.web.servlet.DispatcherServlet - GET "/api/productos/39", parameters={}, headers={masked} in DispatcherServlet 'dispatcherServlet'
2026-06-30 18:51:16 [http-nio-8080-exec-8] TRACE o.s.w.s.m.m.a.RequestMappingHandlerMapping - Mapped to com.example.tienda_tech.controller.ProductoQueryController#detalle(Integer, Integer)
2026-06-30 18:51:16 [http-nio-8080-exec-7] TRACE o.s.web.servlet.DispatcherServlet - No view rendering, null ModelAndView returned.
2026-06-30 18:51:16 [http-nio-8080-exec-4] ERROR c.e.tienda_tech.advice.ApiErrors - [GET /img/placeholder.png] Unhandled exception
org.springframework.web.servlet.resource.NoResourceFoundException: No static resource img/placeholder.png.
	at org.springframework.web.servlet.resource.ResourceHttpRequestHandler.handleRequest(ResourceHttpRequestHandler.java:585)
	at org.springframework.web.servlet.mvc.HttpRequestHandlerAdapter.handle(HttpRequestHandlerAdapter.java:52)
	at org.springframework.web.servlet.DispatcherServlet.doDispatch(DispatcherServlet.java:1089)
	at org.springframework.web.servlet.DispatcherServlet.doService(DispatcherServlet.java:979)
	at org.springframework.web.servlet.FrameworkServlet.processRequest(FrameworkServlet.java:1014)
	at org.springframework.web.servlet.FrameworkServlet.doGet(FrameworkServlet.java:903)
	at jakarta.servlet.http.HttpServlet.service(HttpServlet.java:564)
	at org.springframework.web.servlet.FrameworkServlet.service(FrameworkServlet.java:885)
	at jakarta.servlet.http.HttpServlet.service(HttpServlet.java:658)
	at org.apache.catalina.core.ApplicationFilterChain.internalDoFilter(ApplicationFilterChain.java:195)
	at org.apache.catalina.core.ApplicationFilterChain.doFilter(ApplicationFilterChain.java:140)
	at org.apache.tomcat.websocket.server.WsFilter.doFilter(WsFilter.java:51)
	at org.apache.catalina.core.ApplicationFilterChain.internalDoFilter(ApplicationFilterChain.java:164)
	at org.apache.catalina.core.ApplicationFilterChain.doFilter(ApplicationFilterChain.java:140)
	at org.springframework.web.filter.CompositeFilter$VirtualFilterChain.doFilter(CompositeFilter.java:108)
	at org.springframework.web.filter.CompositeFilter$VirtualFilterChain.doFilter(CompositeFilter.java:108)
	at org.springframework.security.web.FilterChainProxy.lambda$doFilterInternal$3(FilterChainProxy.java:231)
	at org.springframework.security.web.FilterChainProxy$VirtualFilterChain.doFilter(FilterChainProxy.java:365)
	at org.springframework.security.web.access.intercept.AuthorizationFilter.doFilter(AuthorizationFilter.java:101)
	at org.springframework.security.web.FilterChainProxy$VirtualFilterChain.doFilter(FilterChainProxy.java:374)
	at org.springframework.security.web.access.ExceptionTranslationFilter.doFilter(ExceptionTranslationFilter.java:125)
	at org.springframework.security.web.access.ExceptionTranslationFilter.doFilter(ExceptionTranslationFilter.java:119)
	at org.springframework.security.web.FilterChainProxy$VirtualFilterChain.doFilter(FilterChainProxy.java:374)
	at org.springframework.security.web.authentication.AnonymousAuthenticationFilter.doFilter(AnonymousAuthenticationFilter.java:100)
	at org.springframework.security.web.FilterChainProxy$VirtualFilterChain.doFilter(FilterChainProxy.java:374)
	at org.springframework.security.web.servletapi.SecurityContextHolderAwareRequestFilter.doFilter(SecurityContextHolderAwareRequestFilter.java:179)
	at org.springframework.security.web.FilterChainProxy$VirtualFilterChain.doFilter(FilterChainProxy.java:374)
	at org.springframework.security.web.savedrequest.RequestCacheAwareFilter.doFilter(RequestCacheAwareFilter.java:63)
	at org.springframework.security.web.FilterChainProxy$VirtualFilterChain.doFilter(FilterChainProxy.java:374)
	at org.springframework.security.web.authentication.logout.LogoutFilter.doFilter(LogoutFilter.java:107)
	at org.springframework.security.web.authentication.logout.LogoutFilter.doFilter(LogoutFilter.java:93)
	at org.springframework.security.web.FilterChainProxy$VirtualFilterChain.doFilter(FilterChainProxy.java:374)
	at org.springframework.web.filter.CorsFilter.doFilterInternal(CorsFilter.java:91)
	at org.springframework.web.filter.OncePerRequestFilter.doFilter(OncePerRequestFilter.java:116)
	at org.springframework.security.web.FilterChainProxy$VirtualFilterChain.doFilter(FilterChainProxy.java:374)
	at org.springframework.security.web.header.HeaderWriterFilter.doHeadersAfter(HeaderWriterFilter.java:90)
	at org.springframework.security.web.header.HeaderWriterFilter.doFilterInternal(HeaderWriterFilter.java:75)
	at org.springframework.web.filter.OncePerRequestFilter.doFilter(OncePerRequestFilter.java:116)
	at org.springframework.security.web.FilterChainProxy$VirtualFilterChain.doFilter(FilterChainProxy.java:374)
	at org.springframework.security.web.context.SecurityContextHolderFilter.doFilter(SecurityContextHolderFilter.java:82)
	at org.springframework.security.web.context.SecurityContextHolderFilter.doFilter(SecurityContextHolderFilter.java:69)
	at org.springframework.security.web.FilterChainProxy$VirtualFilterChain.doFilter(FilterChainProxy.java:374)
	at org.springframework.security.web.context.request.async.WebAsyncManagerIntegrationFilter.doFilterInternal(WebAsyncManagerIntegrationFilter.java:62)
	at org.springframework.web.filter.OncePerRequestFilter.doFilter(OncePerRequestFilter.java:116)
	at org.springframework.security.web.FilterChainProxy$VirtualFilterChain.doFilter(FilterChainProxy.java:374)
	at org.springframework.security.web.session.DisableEncodeUrlFilter.doFilterInternal(DisableEncodeUrlFilter.java:42)
	at org.springframework.web.filter.OncePerRequestFilter.doFilter(OncePerRequestFilter.java:116)
	at org.springframework.security.web.FilterChainProxy$VirtualFilterChain.doFilter(FilterChainProxy.java:374)
	at org.springframework.security.web.FilterChainProxy.doFilterInternal(FilterChainProxy.java:233)
	at org.springframework.security.web.FilterChainProxy.doFilter(FilterChainProxy.java:191)
	at org.springframework.web.filter.CompositeFilter$VirtualFilterChain.doFilter(CompositeFilter.java:113)
	at org.springframework.web.filter.ServletRequestPathFilter.doFilter(ServletRequestPathFilter.java:52)
	at org.springframework.web.filter.CompositeFilter$VirtualFilterChain.doFilter(CompositeFilter.java:113)
	at org.springframework.web.filter.CompositeFilter.doFilter(CompositeFilter.java:74)
	at org.springframework.security.config.annotation.web.configuration.WebSecurityConfiguration$CompositeFilterChainProxy.doFilter(WebSecurityConfiguration.java:319)
	at org.springframework.web.filter.CompositeFilter$VirtualFilterChain.doFilter(CompositeFilter.java:113)
	at org.springframework.web.servlet.handler.HandlerMappingIntrospector.lambda$createCacheFilter$4(HandlerMappingIntrospector.java:267)
	at org.springframework.web.filter.CompositeFilter$VirtualFilterChain.doFilter(CompositeFilter.java:113)
	at org.springframework.web.filter.CompositeFilter.doFilter(CompositeFilter.java:74)
	at org.springframework.security.config.annotation.web.configuration.WebMvcSecurityConfiguration$CompositeFilterChainProxy.doFilter(WebMvcSecurityConfiguration.java:240)
	at org.springframework.web.filter.DelegatingFilterProxy.invokeDelegate(DelegatingFilterProxy.java:362)
	at org.springframework.web.filter.DelegatingFilterProxy.doFilter(DelegatingFilterProxy.java:278)
	at org.apache.catalina.core.ApplicationFilterChain.internalDoFilter(ApplicationFilterChain.java:164)
	at org.apache.catalina.core.ApplicationFilterChain.doFilter(ApplicationFilterChain.java:140)
	at org.springframework.web.filter.RequestContextFilter.doFilterInternal(RequestContextFilter.java:100)
	at org.springframework.web.filter.OncePerRequestFilter.doFilter(OncePerRequestFilter.java:116)
	at org.apache.catalina.core.ApplicationFilterChain.internalDoFilter(ApplicationFilterChain.java:164)
	at org.apache.catalina.core.ApplicationFilterChain.doFilter(ApplicationFilterChain.java:140)
	at org.springframework.web.filter.FormContentFilter.doFilterInternal(FormContentFilter.java:93)
	at org.springframework.web.filter.OncePerRequestFilter.doFilter(OncePerRequestFilter.java:116)
	at org.apache.catalina.core.ApplicationFilterChain.internalDoFilter(ApplicationFilterChain.java:164)
	at org.apache.catalina.core.ApplicationFilterChain.doFilter(ApplicationFilterChain.java:140)
	at org.springframework.web.filter.CharacterEncodingFilter.doFilterInternal(CharacterEncodingFilter.java:201)
	at org.springframework.web.filter.OncePerRequestFilter.doFilter(OncePerRequestFilter.java:116)
	at org.apache.catalina.core.ApplicationFilterChain.internalDoFilter(ApplicationFilterChain.java:164)
	at org.apache.catalina.core.ApplicationFilterChain.doFilter(ApplicationFilterChain.java:140)
	at org.apache.catalina.core.StandardWrapperValve.invoke(StandardWrapperValve.java:167)
	at org.apache.catalina.core.StandardContextValve.invoke(StandardContextValve.java:90)
	at org.apache.catalina.authenticator.AuthenticatorBase.invoke(AuthenticatorBase.java:483)
	at org.apache.catalina.core.StandardHostValve.invoke(StandardHostValve.java:116)
	at org.apache.catalina.valves.ErrorReportValve.invoke(ErrorReportValve.java:93)
	at org.apache.catalina.core.StandardEngineValve.invoke(StandardEngineValve.java:74)
	at org.apache.catalina.connector.CoyoteAdapter.service(CoyoteAdapter.java:344)
	at org.apache.coyote.http11.Http11Processor.service(Http11Processor.java:398)
	at org.apache.coyote.AbstractProcessorLight.process(AbstractProcessorLight.java:63)
	at org.apache.coyote.AbstractProtocol$ConnectionHandler.process(AbstractProtocol.java:903)
	at org.apache.tomcat.util.net.NioEndpoint$SocketProcessor.doRun(NioEndpoint.java:1769)
	at org.apache.tomcat.util.net.SocketProcessorBase.run(SocketProcessorBase.java:52)
	at org.apache.tomcat.util.threads.ThreadPoolExecutor.runWorker(ThreadPoolExecutor.java:1189)
	at org.apache.tomcat.util.threads.ThreadPoolExecutor$Worker.run(ThreadPoolExecutor.java:658)
	at org.apache.tomcat.util.threads.TaskThread$WrappingRunnable.run(TaskThread.java:63)
	at java.base/java.lang.Thread.run(Thread.java:1447)
2026-06-30 18:51:16 [http-nio-8080-exec-7] DEBUG o.s.web.servlet.DispatcherServlet - Completed 200 OK, headers={masked}
2026-06-30 18:51:16 [http-nio-8080-exec-4] WARN  o.s.w.s.m.m.a.ExceptionHandlerExceptionResolver - Resolved [org.springframework.web.servlet.resource.NoResourceFoundException: No static resource img/placeholder.png.]
2026-06-30 18:51:16 [http-nio-8080-exec-4] TRACE o.s.web.servlet.DispatcherServlet - No view rendering, null ModelAndView returned.
2026-06-30 18:51:16 [http-nio-8080-exec-4] DEBUG o.s.web.servlet.DispatcherServlet - Completed 500 INTERNAL_SERVER_ERROR, headers={masked}
2026-06-30 18:51:16 [http-nio-8080-exec-8] TRACE o.s.web.servlet.DispatcherServlet - No view rendering, null ModelAndView returned.
2026-06-30 18:51:16 [http-nio-8080-exec-8] DEBUG o.s.web.servlet.DispatcherServlet - Completed 200 OK, headers={masked}
2026-06-30 18:51:16 [http-nio-8080-exec-5] TRACE o.s.web.servlet.DispatcherServlet - No view rendering, null ModelAndView returned.
2026-06-30 18:51:16 [http-nio-8080-exec-5] DEBUG o.s.web.servlet.DispatcherServlet - Completed 200 OK, headers={masked}
2026-06-30 18:51:16 [http-nio-8080-exec-6] TRACE o.s.web.servlet.DispatcherServlet - GET "/api/galeria_v2/img/311", parameters={}, headers={masked} in DispatcherServlet 'dispatcherServlet'
2026-06-30 18:51:16 [http-nio-8080-exec-2] TRACE o.s.web.servlet.DispatcherServlet - GET "/img/placeholder.png", parameters={}, headers={masked} in DispatcherServlet 'dispatcherServlet'
2026-06-30 18:51:16 [http-nio-8080-exec-6] TRACE o.s.w.s.m.m.a.RequestMappingHandlerMapping - Mapped to com.example.tienda_tech.controller.GaleriaV2Controller#obtenerImagen(Integer)
2026-06-30 18:51:16 [http-nio-8080-exec-2] ERROR c.e.tienda_tech.advice.ApiErrors - [GET /img/placeholder.png] Unhandled exception
org.springframework.web.servlet.resource.NoResourceFoundException: No static resource img/placeholder.png.
	at org.springframework.web.servlet.resource.ResourceHttpRequestHandler.handleRequest(ResourceHttpRequestHandler.java:585)
	at org.springframework.web.servlet.mvc.HttpRequestHandlerAdapter.handle(HttpRequestHandlerAdapter.java:52)
	at org.springframework.web.servlet.DispatcherServlet.doDispatch(DispatcherServlet.java:1089)
	at org.springframework.web.servlet.DispatcherServlet.doService(DispatcherServlet.java:979)
	at org.springframework.web.servlet.FrameworkServlet.processRequest(FrameworkServlet.java:1014)
	at org.springframework.web.servlet.FrameworkServlet.doGet(FrameworkServlet.java:903)
	at jakarta.servlet.http.HttpServlet.service(HttpServlet.java:564)
	at org.springframework.web.servlet.FrameworkServlet.service(FrameworkServlet.java:885)
	at jakarta.servlet.http.HttpServlet.service(HttpServlet.java:658)
	at org.apache.catalina.core.ApplicationFilterChain.internalDoFilter(ApplicationFilterChain.java:195)
	at org.apache.catalina.core.ApplicationFilterChain.doFilter(ApplicationFilterChain.java:140)
	at org.apache.tomcat.websocket.server.WsFilter.doFilter(WsFilter.java:51)
	at org.apache.catalina.core.ApplicationFilterChain.internalDoFilter(ApplicationFilterChain.java:164)
	at org.apache.catalina.core.ApplicationFilterChain.doFilter(ApplicationFilterChain.java:140)
	at org.springframework.web.filter.CompositeFilter$VirtualFilterChain.doFilter(CompositeFilter.java:108)
	at org.springframework.web.filter.CompositeFilter$VirtualFilterChain.doFilter(CompositeFilter.java:108)
	at org.springframework.security.web.FilterChainProxy.lambda$doFilterInternal$3(FilterChainProxy.java:231)
	at org.springframework.security.web.FilterChainProxy$VirtualFilterChain.doFilter(FilterChainProxy.java:365)
	at org.springframework.security.web.access.intercept.AuthorizationFilter.doFilter(AuthorizationFilter.java:101)
	at org.springframework.security.web.FilterChainProxy$VirtualFilterChain.doFilter(FilterChainProxy.java:374)
	at org.springframework.security.web.access.ExceptionTranslationFilter.doFilter(ExceptionTranslationFilter.java:125)
	at org.springframework.security.web.access.ExceptionTranslationFilter.doFilter(ExceptionTranslationFilter.java:119)
	at org.springframework.security.web.FilterChainProxy$VirtualFilterChain.doFilter(FilterChainProxy.java:374)
	at org.springframework.security.web.authentication.AnonymousAuthenticationFilter.doFilter(AnonymousAuthenticationFilter.java:100)
	at org.springframework.security.web.FilterChainProxy$VirtualFilterChain.doFilter(FilterChainProxy.java:374)
	at org.springframework.security.web.servletapi.SecurityContextHolderAwareRequestFilter.doFilter(SecurityContextHolderAwareRequestFilter.java:179)
	at org.springframework.security.web.FilterChainProxy$VirtualFilterChain.doFilter(FilterChainProxy.java:374)
	at org.springframework.security.web.savedrequest.RequestCacheAwareFilter.doFilter(RequestCacheAwareFilter.java:63)
	at org.springframework.security.web.FilterChainProxy$VirtualFilterChain.doFilter(FilterChainProxy.java:374)
	at org.springframework.security.web.authentication.logout.LogoutFilter.doFilter(LogoutFilter.java:107)
	at org.springframework.security.web.authentication.logout.LogoutFilter.doFilter(LogoutFilter.java:93)
	at org.springframework.security.web.FilterChainProxy$VirtualFilterChain.doFilter(FilterChainProxy.java:374)
	at org.springframework.web.filter.CorsFilter.doFilterInternal(CorsFilter.java:91)
	at org.springframework.web.filter.OncePerRequestFilter.doFilter(OncePerRequestFilter.java:116)
	at org.springframework.security.web.FilterChainProxy$VirtualFilterChain.doFilter(FilterChainProxy.java:374)
	at org.springframework.security.web.header.HeaderWriterFilter.doHeadersAfter(HeaderWriterFilter.java:90)
	at org.springframework.security.web.header.HeaderWriterFilter.doFilterInternal(HeaderWriterFilter.java:75)
	at org.springframework.web.filter.OncePerRequestFilter.doFilter(OncePerRequestFilter.java:116)
	at org.springframework.security.web.FilterChainProxy$VirtualFilterChain.doFilter(FilterChainProxy.java:374)
	at org.springframework.security.web.context.SecurityContextHolderFilter.doFilter(SecurityContextHolderFilter.java:82)
	at org.springframework.security.web.context.SecurityContextHolderFilter.doFilter(SecurityContextHolderFilter.java:69)
	at org.springframework.security.web.FilterChainProxy$VirtualFilterChain.doFilter(FilterChainProxy.java:374)
	at org.springframework.security.web.context.request.async.WebAsyncManagerIntegrationFilter.doFilterInternal(WebAsyncManagerIntegrationFilter.java:62)
	at org.springframework.web.filter.OncePerRequestFilter.doFilter(OncePerRequestFilter.java:116)
	at org.springframework.security.web.FilterChainProxy$VirtualFilterChain.doFilter(FilterChainProxy.java:374)
	at org.springframework.security.web.session.DisableEncodeUrlFilter.doFilterInternal(DisableEncodeUrlFilter.java:42)
	at org.springframework.web.filter.OncePerRequestFilter.doFilter(OncePerRequestFilter.java:116)
	at org.springframework.security.web.FilterChainProxy$VirtualFilterChain.doFilter(FilterChainProxy.java:374)
	at org.springframework.security.web.FilterChainProxy.doFilterInternal(FilterChainProxy.java:233)
	at org.springframework.security.web.FilterChainProxy.doFilter(FilterChainProxy.java:191)
	at org.springframework.web.filter.CompositeFilter$VirtualFilterChain.doFilter(CompositeFilter.java:113)
	at org.springframework.web.filter.ServletRequestPathFilter.doFilter(ServletRequestPathFilter.java:52)
	at org.springframework.web.filter.CompositeFilter$VirtualFilterChain.doFilter(CompositeFilter.java:113)
	at org.springframework.web.filter.CompositeFilter.doFilter(CompositeFilter.java:74)
	at org.springframework.security.config.annotation.web.configuration.WebSecurityConfiguration$CompositeFilterChainProxy.doFilter(WebSecurityConfiguration.java:319)
	at org.springframework.web.filter.CompositeFilter$VirtualFilterChain.doFilter(CompositeFilter.java:113)
	at org.springframework.web.servlet.handler.HandlerMappingIntrospector.lambda$createCacheFilter$4(HandlerMappingIntrospector.java:267)
	at org.springframework.web.filter.CompositeFilter$VirtualFilterChain.doFilter(CompositeFilter.java:113)
	at org.springframework.web.filter.CompositeFilter.doFilter(CompositeFilter.java:74)
	at org.springframework.security.config.annotation.web.configuration.WebMvcSecurityConfiguration$CompositeFilterChainProxy.doFilter(WebMvcSecurityConfiguration.java:240)
	at org.springframework.web.filter.DelegatingFilterProxy.invokeDelegate(DelegatingFilterProxy.java:362)
	at org.springframework.web.filter.DelegatingFilterProxy.doFilter(DelegatingFilterProxy.java:278)
	at org.apache.catalina.core.ApplicationFilterChain.internalDoFilter(ApplicationFilterChain.java:164)
	at org.apache.catalina.core.ApplicationFilterChain.doFilter(ApplicationFilterChain.java:140)
	at org.springframework.web.filter.RequestContextFilter.doFilterInternal(RequestContextFilter.java:100)
	at org.springframework.web.filter.OncePerRequestFilter.doFilter(OncePerRequestFilter.java:116)
	at org.apache.catalina.core.ApplicationFilterChain.internalDoFilter(ApplicationFilterChain.java:164)
	at org.apache.catalina.core.ApplicationFilterChain.doFilter(ApplicationFilterChain.java:140)
	at org.springframework.web.filter.FormContentFilter.doFilterInternal(FormContentFilter.java:93)
	at org.springframework.web.filter.OncePerRequestFilter.doFilter(OncePerRequestFilter.java:116)
	at org.apache.catalina.core.ApplicationFilterChain.internalDoFilter(ApplicationFilterChain.java:164)
	at org.apache.catalina.core.ApplicationFilterChain.doFilter(ApplicationFilterChain.java:140)
	at org.springframework.web.filter.CharacterEncodingFilter.doFilterInternal(CharacterEncodingFilter.java:201)
	at org.springframework.web.filter.OncePerRequestFilter.doFilter(OncePerRequestFilter.java:116)
	at org.apache.catalina.core.ApplicationFilterChain.internalDoFilter(ApplicationFilterChain.java:164)
	at org.apache.catalina.core.ApplicationFilterChain.doFilter(ApplicationFilterChain.java:140)
	at org.apache.catalina.core.StandardWrapperValve.invoke(StandardWrapperValve.java:167)
	at org.apache.catalina.core.StandardContextValve.invoke(StandardContextValve.java:90)
	at org.apache.catalina.authenticator.AuthenticatorBase.invoke(AuthenticatorBase.java:483)
	at org.apache.catalina.core.StandardHostValve.invoke(StandardHostValve.java:116)
	at org.apache.catalina.valves.ErrorReportValve.invoke(ErrorReportValve.java:93)
	at org.apache.catalina.core.StandardEngineValve.invoke(StandardEngineValve.java:74)
	at org.apache.catalina.connector.CoyoteAdapter.service(CoyoteAdapter.java:344)
	at org.apache.coyote.http11.Http11Processor.service(Http11Processor.java:398)
	at org.apache.coyote.AbstractProcessorLight.process(AbstractProcessorLight.java:63)
	at org.apache.coyote.AbstractProtocol$ConnectionHandler.process(AbstractProtocol.java:903)
	at org.apache.tomcat.util.net.NioEndpoint$SocketProcessor.doRun(NioEndpoint.java:1769)
	at org.apache.tomcat.util.net.SocketProcessorBase.run(SocketProcessorBase.java:52)
	at org.apache.tomcat.util.threads.ThreadPoolExecutor.runWorker(ThreadPoolExecutor.java:1189)
	at org.apache.tomcat.util.threads.ThreadPoolExecutor$Worker.run(ThreadPoolExecutor.java:658)
	at org.apache.tomcat.util.threads.TaskThread$WrappingRunnable.run(TaskThread.java:63)
	at java.base/java.lang.Thread.run(Thread.java:1447)
2026-06-30 18:51:16 [http-nio-8080-exec-2] WARN  o.s.w.s.m.m.a.ExceptionHandlerExceptionResolver - Resolved [org.springframework.web.servlet.resource.NoResourceFoundException: No static resource img/placeholder.png.]
2026-06-30 18:51:16 [http-nio-8080-exec-2] TRACE o.s.web.servlet.DispatcherServlet - No view rendering, null ModelAndView returned.
2026-06-30 18:51:16 [http-nio-8080-exec-2] DEBUG o.s.web.servlet.DispatcherServlet - Completed 500 INTERNAL_SERVER_ERROR, headers={masked}
2026-06-30 18:51:16 [http-nio-8080-exec-6] TRACE o.s.web.servlet.DispatcherServlet - No view rendering, null ModelAndView returned.
2026-06-30 18:51:16 [http-nio-8080-exec-6] DEBUG o.s.web.servlet.DispatcherServlet - Completed 200 OK, headers={masked}
2026-06-30 18:51:22 [http-nio-8080-exec-3] TRACE o.s.web.servlet.DispatcherServlet - GET "/css/styleOscuroMenu.css", parameters={}, headers={masked} in DispatcherServlet 'dispatcherServlet'
2026-06-30 18:51:22 [http-nio-8080-exec-3] TRACE o.s.web.servlet.DispatcherServlet - No view rendering, null ModelAndView returned.
2026-06-30 18:51:22 [http-nio-8080-exec-3] DEBUG o.s.web.servlet.DispatcherServlet - Completed 200 OK, headers={masked}
2026-06-30 18:51:27 [http-nio-8080-exec-1] TRACE o.s.web.servlet.DispatcherServlet - GET "/cuenta.html", parameters={}, headers={masked} in DispatcherServlet 'dispatcherServlet'
2026-06-30 18:51:27 [http-nio-8080-exec-1] TRACE o.s.web.servlet.DispatcherServlet - No view rendering, null ModelAndView returned.
2026-06-30 18:51:27 [http-nio-8080-exec-1] DEBUG o.s.web.servlet.DispatcherServlet - Completed 200 OK, headers={masked}
2026-06-30 18:51:27 [http-nio-8080-exec-9] TRACE o.s.web.servlet.DispatcherServlet - GET "/styleClaroMenu.css", parameters={}, headers={masked} in DispatcherServlet 'dispatcherServlet'
2026-06-30 18:51:27 [http-nio-8080-exec-10] TRACE o.s.web.servlet.DispatcherServlet - GET "/js/auth-menu.js?v=8", parameters={masked}, headers={masked} in DispatcherServlet 'dispatcherServlet'
2026-06-30 18:51:27 [http-nio-8080-exec-10] TRACE o.s.web.servlet.DispatcherServlet - No view rendering, null ModelAndView returned.
2026-06-30 18:51:27 [http-nio-8080-exec-10] DEBUG o.s.web.servlet.DispatcherServlet - Completed 200 OK, headers={masked}
2026-06-30 18:51:27 [http-nio-8080-exec-9] ERROR c.e.tienda_tech.advice.ApiErrors - [GET /styleClaroMenu.css] Unhandled exception
org.springframework.web.servlet.resource.NoResourceFoundException: No static resource styleClaroMenu.css.
	at org.springframework.web.servlet.resource.ResourceHttpRequestHandler.handleRequest(ResourceHttpRequestHandler.java:585)
	at org.springframework.web.servlet.mvc.HttpRequestHandlerAdapter.handle(HttpRequestHandlerAdapter.java:52)
	at org.springframework.web.servlet.DispatcherServlet.doDispatch(DispatcherServlet.java:1089)
	at org.springframework.web.servlet.DispatcherServlet.doService(DispatcherServlet.java:979)
	at org.springframework.web.servlet.FrameworkServlet.processRequest(FrameworkServlet.java:1014)
	at org.springframework.web.servlet.FrameworkServlet.doGet(FrameworkServlet.java:903)
	at jakarta.servlet.http.HttpServlet.service(HttpServlet.java:564)
	at org.springframework.web.servlet.FrameworkServlet.service(FrameworkServlet.java:885)
	at jakarta.servlet.http.HttpServlet.service(HttpServlet.java:658)
	at org.apache.catalina.core.ApplicationFilterChain.internalDoFilter(ApplicationFilterChain.java:195)
	at org.apache.catalina.core.ApplicationFilterChain.doFilter(ApplicationFilterChain.java:140)
	at org.apache.tomcat.websocket.server.WsFilter.doFilter(WsFilter.java:51)
	at org.apache.catalina.core.ApplicationFilterChain.internalDoFilter(ApplicationFilterChain.java:164)
	at org.apache.catalina.core.ApplicationFilterChain.doFilter(ApplicationFilterChain.java:140)
	at org.springframework.web.filter.CompositeFilter$VirtualFilterChain.doFilter(CompositeFilter.java:108)
	at org.springframework.web.filter.CompositeFilter$VirtualFilterChain.doFilter(CompositeFilter.java:108)
	at org.springframework.security.web.FilterChainProxy.lambda$doFilterInternal$3(FilterChainProxy.java:231)
	at org.springframework.security.web.FilterChainProxy$VirtualFilterChain.doFilter(FilterChainProxy.java:365)
	at org.springframework.security.web.access.intercept.AuthorizationFilter.doFilter(AuthorizationFilter.java:101)
	at org.springframework.security.web.FilterChainProxy$VirtualFilterChain.doFilter(FilterChainProxy.java:374)
	at org.springframework.security.web.access.ExceptionTranslationFilter.doFilter(ExceptionTranslationFilter.java:125)
	at org.springframework.security.web.access.ExceptionTranslationFilter.doFilter(ExceptionTranslationFilter.java:119)
	at org.springframework.security.web.FilterChainProxy$VirtualFilterChain.doFilter(FilterChainProxy.java:374)
	at org.springframework.security.web.authentication.AnonymousAuthenticationFilter.doFilter(AnonymousAuthenticationFilter.java:100)
	at org.springframework.security.web.FilterChainProxy$VirtualFilterChain.doFilter(FilterChainProxy.java:374)
	at org.springframework.security.web.servletapi.SecurityContextHolderAwareRequestFilter.doFilter(SecurityContextHolderAwareRequestFilter.java:179)
	at org.springframework.security.web.FilterChainProxy$VirtualFilterChain.doFilter(FilterChainProxy.java:374)
	at org.springframework.security.web.savedrequest.RequestCacheAwareFilter.doFilter(RequestCacheAwareFilter.java:63)
	at org.springframework.security.web.FilterChainProxy$VirtualFilterChain.doFilter(FilterChainProxy.java:374)
	at org.springframework.security.web.authentication.logout.LogoutFilter.doFilter(LogoutFilter.java:107)
	at org.springframework.security.web.authentication.logout.LogoutFilter.doFilter(LogoutFilter.java:93)
	at org.springframework.security.web.FilterChainProxy$VirtualFilterChain.doFilter(FilterChainProxy.java:374)
	at org.springframework.web.filter.CorsFilter.doFilterInternal(CorsFilter.java:91)
	at org.springframework.web.filter.OncePerRequestFilter.doFilter(OncePerRequestFilter.java:116)
	at org.springframework.security.web.FilterChainProxy$VirtualFilterChain.doFilter(FilterChainProxy.java:374)
	at org.springframework.security.web.header.HeaderWriterFilter.doHeadersAfter(HeaderWriterFilter.java:90)
	at org.springframework.security.web.header.HeaderWriterFilter.doFilterInternal(HeaderWriterFilter.java:75)
	at org.springframework.web.filter.OncePerRequestFilter.doFilter(OncePerRequestFilter.java:116)
	at org.springframework.security.web.FilterChainProxy$VirtualFilterChain.doFilter(FilterChainProxy.java:374)
	at org.springframework.security.web.context.SecurityContextHolderFilter.doFilter(SecurityContextHolderFilter.java:82)
	at org.springframework.security.web.context.SecurityContextHolderFilter.doFilter(SecurityContextHolderFilter.java:69)
	at org.springframework.security.web.FilterChainProxy$VirtualFilterChain.doFilter(FilterChainProxy.java:374)
	at org.springframework.security.web.context.request.async.WebAsyncManagerIntegrationFilter.doFilterInternal(WebAsyncManagerIntegrationFilter.java:62)
	at org.springframework.web.filter.OncePerRequestFilter.doFilter(OncePerRequestFilter.java:116)
	at org.springframework.security.web.FilterChainProxy$VirtualFilterChain.doFilter(FilterChainProxy.java:374)
	at org.springframework.security.web.session.DisableEncodeUrlFilter.doFilterInternal(DisableEncodeUrlFilter.java:42)
	at org.springframework.web.filter.OncePerRequestFilter.doFilter(OncePerRequestFilter.java:116)
	at org.springframework.security.web.FilterChainProxy$VirtualFilterChain.doFilter(FilterChainProxy.java:374)
	at org.springframework.security.web.FilterChainProxy.doFilterInternal(FilterChainProxy.java:233)
	at org.springframework.security.web.FilterChainProxy.doFilter(FilterChainProxy.java:191)
	at org.springframework.web.filter.CompositeFilter$VirtualFilterChain.doFilter(CompositeFilter.java:113)
	at org.springframework.web.filter.ServletRequestPathFilter.doFilter(ServletRequestPathFilter.java:52)
	at org.springframework.web.filter.CompositeFilter$VirtualFilterChain.doFilter(CompositeFilter.java:113)
	at org.springframework.web.filter.CompositeFilter.doFilter(CompositeFilter.java:74)
	at org.springframework.security.config.annotation.web.configuration.WebSecurityConfiguration$CompositeFilterChainProxy.doFilter(WebSecurityConfiguration.java:319)
	at org.springframework.web.filter.CompositeFilter$VirtualFilterChain.doFilter(CompositeFilter.java:113)
	at org.springframework.web.servlet.handler.HandlerMappingIntrospector.lambda$createCacheFilter$4(HandlerMappingIntrospector.java:267)
	at org.springframework.web.filter.CompositeFilter$VirtualFilterChain.doFilter(CompositeFilter.java:113)
	at org.springframework.web.filter.CompositeFilter.doFilter(CompositeFilter.java:74)
	at org.springframework.security.config.annotation.web.configuration.WebMvcSecurityConfiguration$CompositeFilterChainProxy.doFilter(WebMvcSecurityConfiguration.java:240)
	at org.springframework.web.filter.DelegatingFilterProxy.invokeDelegate(DelegatingFilterProxy.java:362)
	at org.springframework.web.filter.DelegatingFilterProxy.doFilter(DelegatingFilterProxy.java:278)
	at org.apache.catalina.core.ApplicationFilterChain.internalDoFilter(ApplicationFilterChain.java:164)
	at org.apache.catalina.core.ApplicationFilterChain.doFilter(ApplicationFilterChain.java:140)
	at org.springframework.web.filter.RequestContextFilter.doFilterInternal(RequestContextFilter.java:100)
	at org.springframework.web.filter.OncePerRequestFilter.doFilter(OncePerRequestFilter.java:116)
	at org.apache.catalina.core.ApplicationFilterChain.internalDoFilter(ApplicationFilterChain.java:164)
	at org.apache.catalina.core.ApplicationFilterChain.doFilter(ApplicationFilterChain.java:140)
	at org.springframework.web.filter.FormContentFilter.doFilterInternal(FormContentFilter.java:93)
	at org.springframework.web.filter.OncePerRequestFilter.doFilter(OncePerRequestFilter.java:116)
	at org.apache.catalina.core.ApplicationFilterChain.internalDoFilter(ApplicationFilterChain.java:164)
	at org.apache.catalina.core.ApplicationFilterChain.doFilter(ApplicationFilterChain.java:140)
	at org.springframework.web.filter.CharacterEncodingFilter.doFilterInternal(CharacterEncodingFilter.java:201)
	at org.springframework.web.filter.OncePerRequestFilter.doFilter(OncePerRequestFilter.java:116)
	at org.apache.catalina.core.ApplicationFilterChain.internalDoFilter(ApplicationFilterChain.java:164)
	at org.apache.catalina.core.ApplicationFilterChain.doFilter(ApplicationFilterChain.java:140)
	at org.apache.catalina.core.StandardWrapperValve.invoke(StandardWrapperValve.java:167)
	at org.apache.catalina.core.StandardContextValve.invoke(StandardContextValve.java:90)
	at org.apache.catalina.authenticator.AuthenticatorBase.invoke(AuthenticatorBase.java:483)
	at org.apache.catalina.core.StandardHostValve.invoke(StandardHostValve.java:116)
	at org.apache.catalina.valves.ErrorReportValve.invoke(ErrorReportValve.java:93)
	at org.apache.catalina.core.StandardEngineValve.invoke(StandardEngineValve.java:74)
	at org.apache.catalina.connector.CoyoteAdapter.service(CoyoteAdapter.java:344)
	at org.apache.coyote.http11.Http11Processor.service(Http11Processor.java:398)
	at org.apache.coyote.AbstractProcessorLight.process(AbstractProcessorLight.java:63)
	at org.apache.coyote.AbstractProtocol$ConnectionHandler.process(AbstractProtocol.java:903)
	at org.apache.tomcat.util.net.NioEndpoint$SocketProcessor.doRun(NioEndpoint.java:1769)
	at org.apache.tomcat.util.net.SocketProcessorBase.run(SocketProcessorBase.java:52)
	at org.apache.tomcat.util.threads.ThreadPoolExecutor.runWorker(ThreadPoolExecutor.java:1189)
	at org.apache.tomcat.util.threads.ThreadPoolExecutor$Worker.run(ThreadPoolExecutor.java:658)
	at org.apache.tomcat.util.threads.TaskThread$WrappingRunnable.run(TaskThread.java:63)
	at java.base/java.lang.Thread.run(Thread.java:1447)
2026-06-30 18:51:27 [http-nio-8080-exec-9] WARN  o.s.w.s.m.m.a.ExceptionHandlerExceptionResolver - Resolved [org.springframework.web.servlet.resource.NoResourceFoundException: No static resource styleClaroMenu.css.]
2026-06-30 18:51:27 [http-nio-8080-exec-9] TRACE o.s.web.servlet.DispatcherServlet - No view rendering, null ModelAndView returned.
2026-06-30 18:51:27 [http-nio-8080-exec-9] DEBUG o.s.web.servlet.DispatcherServlet - Completed 500 INTERNAL_SERVER_ERROR, headers={masked}
2026-06-30 18:51:27 [http-nio-8080-exec-4] TRACE o.s.web.servlet.DispatcherServlet - GET "/assets/avatars/defaults/user.png", parameters={}, headers={masked} in DispatcherServlet 'dispatcherServlet'
2026-06-30 18:51:27 [http-nio-8080-exec-8] TRACE o.s.web.servlet.DispatcherServlet - GET "/api/usuarios/me", parameters={}, headers={masked} in DispatcherServlet 'dispatcherServlet'
2026-06-30 18:51:27 [http-nio-8080-exec-4] TRACE o.s.web.servlet.DispatcherServlet - No view rendering, null ModelAndView returned.
2026-06-30 18:51:27 [http-nio-8080-exec-4] DEBUG o.s.web.servlet.DispatcherServlet - Completed 200 OK, headers={masked}
2026-06-30 18:51:27 [http-nio-8080-exec-8] ERROR c.e.tienda_tech.advice.ApiErrors - [GET /api/usuarios/me] Unhandled exception
org.springframework.web.servlet.resource.NoResourceFoundException: No static resource api/usuarios/me.
	at org.springframework.web.servlet.resource.ResourceHttpRequestHandler.handleRequest(ResourceHttpRequestHandler.java:585)
	at org.springframework.web.servlet.mvc.HttpRequestHandlerAdapter.handle(HttpRequestHandlerAdapter.java:52)
	at org.springframework.web.servlet.DispatcherServlet.doDispatch(DispatcherServlet.java:1089)
	at org.springframework.web.servlet.DispatcherServlet.doService(DispatcherServlet.java:979)
	at org.springframework.web.servlet.FrameworkServlet.processRequest(FrameworkServlet.java:1014)
	at org.springframework.web.servlet.FrameworkServlet.doGet(FrameworkServlet.java:903)
	at jakarta.servlet.http.HttpServlet.service(HttpServlet.java:564)
	at org.springframework.web.servlet.FrameworkServlet.service(FrameworkServlet.java:885)
	at jakarta.servlet.http.HttpServlet.service(HttpServlet.java:658)
	at org.apache.catalina.core.ApplicationFilterChain.internalDoFilter(ApplicationFilterChain.java:195)
	at org.apache.catalina.core.ApplicationFilterChain.doFilter(ApplicationFilterChain.java:140)
	at org.apache.tomcat.websocket.server.WsFilter.doFilter(WsFilter.java:51)
	at org.apache.catalina.core.ApplicationFilterChain.internalDoFilter(ApplicationFilterChain.java:164)
	at org.apache.catalina.core.ApplicationFilterChain.doFilter(ApplicationFilterChain.java:140)
	at org.springframework.web.filter.CompositeFilter$VirtualFilterChain.doFilter(CompositeFilter.java:108)
	at org.springframework.web.filter.CompositeFilter$VirtualFilterChain.doFilter(CompositeFilter.java:108)
	at org.springframework.security.web.FilterChainProxy.lambda$doFilterInternal$3(FilterChainProxy.java:231)
	at org.springframework.security.web.FilterChainProxy$VirtualFilterChain.doFilter(FilterChainProxy.java:365)
	at org.springframework.security.web.access.intercept.AuthorizationFilter.doFilter(AuthorizationFilter.java:101)
	at org.springframework.security.web.FilterChainProxy$VirtualFilterChain.doFilter(FilterChainProxy.java:374)
	at org.springframework.security.web.access.ExceptionTranslationFilter.doFilter(ExceptionTranslationFilter.java:125)
	at org.springframework.security.web.access.ExceptionTranslationFilter.doFilter(ExceptionTranslationFilter.java:119)
	at org.springframework.security.web.FilterChainProxy$VirtualFilterChain.doFilter(FilterChainProxy.java:374)
	at org.springframework.security.web.authentication.AnonymousAuthenticationFilter.doFilter(AnonymousAuthenticationFilter.java:100)
	at org.springframework.security.web.FilterChainProxy$VirtualFilterChain.doFilter(FilterChainProxy.java:374)
	at org.springframework.security.web.servletapi.SecurityContextHolderAwareRequestFilter.doFilter(SecurityContextHolderAwareRequestFilter.java:179)
	at org.springframework.security.web.FilterChainProxy$VirtualFilterChain.doFilter(FilterChainProxy.java:374)
	at org.springframework.security.web.savedrequest.RequestCacheAwareFilter.doFilter(RequestCacheAwareFilter.java:63)
	at org.springframework.security.web.FilterChainProxy$VirtualFilterChain.doFilter(FilterChainProxy.java:374)
	at org.springframework.security.web.authentication.logout.LogoutFilter.doFilter(LogoutFilter.java:107)
	at org.springframework.security.web.authentication.logout.LogoutFilter.doFilter(LogoutFilter.java:93)
	at org.springframework.security.web.FilterChainProxy$VirtualFilterChain.doFilter(FilterChainProxy.java:374)
	at org.springframework.web.filter.CorsFilter.doFilterInternal(CorsFilter.java:91)
	at org.springframework.web.filter.OncePerRequestFilter.doFilter(OncePerRequestFilter.java:116)
	at org.springframework.security.web.FilterChainProxy$VirtualFilterChain.doFilter(FilterChainProxy.java:374)
	at org.springframework.security.web.header.HeaderWriterFilter.doHeadersAfter(HeaderWriterFilter.java:90)
	at org.springframework.security.web.header.HeaderWriterFilter.doFilterInternal(HeaderWriterFilter.java:75)
	at org.springframework.web.filter.OncePerRequestFilter.doFilter(OncePerRequestFilter.java:116)
	at org.springframework.security.web.FilterChainProxy$VirtualFilterChain.doFilter(FilterChainProxy.java:374)
	at org.springframework.security.web.context.SecurityContextHolderFilter.doFilter(SecurityContextHolderFilter.java:82)
	at org.springframework.security.web.context.SecurityContextHolderFilter.doFilter(SecurityContextHolderFilter.java:69)
	at org.springframework.security.web.FilterChainProxy$VirtualFilterChain.doFilter(FilterChainProxy.java:374)
	at org.springframework.security.web.context.request.async.WebAsyncManagerIntegrationFilter.doFilterInternal(WebAsyncManagerIntegrationFilter.java:62)
	at org.springframework.web.filter.OncePerRequestFilter.doFilter(OncePerRequestFilter.java:116)
	at org.springframework.security.web.FilterChainProxy$VirtualFilterChain.doFilter(FilterChainProxy.java:374)
	at org.springframework.security.web.session.DisableEncodeUrlFilter.doFilterInternal(DisableEncodeUrlFilter.java:42)
	at org.springframework.web.filter.OncePerRequestFilter.doFilter(OncePerRequestFilter.java:116)
	at org.springframework.security.web.FilterChainProxy$VirtualFilterChain.doFilter(FilterChainProxy.java:374)
	at org.springframework.security.web.FilterChainProxy.doFilterInternal(FilterChainProxy.java:233)
	at org.springframework.security.web.FilterChainProxy.doFilter(FilterChainProxy.java:191)
	at org.springframework.web.filter.CompositeFilter$VirtualFilterChain.doFilter(CompositeFilter.java:113)
	at org.springframework.web.filter.ServletRequestPathFilter.doFilter(ServletRequestPathFilter.java:52)
	at org.springframework.web.filter.CompositeFilter$VirtualFilterChain.doFilter(CompositeFilter.java:113)
	at org.springframework.web.filter.CompositeFilter.doFilter(CompositeFilter.java:74)
	at org.springframework.security.config.annotation.web.configuration.WebSecurityConfiguration$CompositeFilterChainProxy.doFilter(WebSecurityConfiguration.java:319)
	at org.springframework.web.filter.CompositeFilter$VirtualFilterChain.doFilter(CompositeFilter.java:113)
	at org.springframework.web.servlet.handler.HandlerMappingIntrospector.lambda$createCacheFilter$4(HandlerMappingIntrospector.java:267)
	at org.springframework.web.filter.CompositeFilter$VirtualFilterChain.doFilter(CompositeFilter.java:113)
	at org.springframework.web.filter.CompositeFilter.doFilter(CompositeFilter.java:74)
	at org.springframework.security.config.annotation.web.configuration.WebMvcSecurityConfiguration$CompositeFilterChainProxy.doFilter(WebMvcSecurityConfiguration.java:240)
	at org.springframework.web.filter.DelegatingFilterProxy.invokeDelegate(DelegatingFilterProxy.java:362)
	at org.springframework.web.filter.DelegatingFilterProxy.doFilter(DelegatingFilterProxy.java:278)
	at org.apache.catalina.core.ApplicationFilterChain.internalDoFilter(ApplicationFilterChain.java:164)
	at org.apache.catalina.core.ApplicationFilterChain.doFilter(ApplicationFilterChain.java:140)
	at org.springframework.web.filter.RequestContextFilter.doFilterInternal(RequestContextFilter.java:100)
	at org.springframework.web.filter.OncePerRequestFilter.doFilter(OncePerRequestFilter.java:116)
	at org.apache.catalina.core.ApplicationFilterChain.internalDoFilter(ApplicationFilterChain.java:164)
	at org.apache.catalina.core.ApplicationFilterChain.doFilter(ApplicationFilterChain.java:140)
	at org.springframework.web.filter.FormContentFilter.doFilterInternal(FormContentFilter.java:93)
	at org.springframework.web.filter.OncePerRequestFilter.doFilter(OncePerRequestFilter.java:116)
	at org.apache.catalina.core.ApplicationFilterChain.internalDoFilter(ApplicationFilterChain.java:164)
	at org.apache.catalina.core.ApplicationFilterChain.doFilter(ApplicationFilterChain.java:140)
	at org.springframework.web.filter.CharacterEncodingFilter.doFilterInternal(CharacterEncodingFilter.java:201)
	at org.springframework.web.filter.OncePerRequestFilter.doFilter(OncePerRequestFilter.java:116)
	at org.apache.catalina.core.ApplicationFilterChain.internalDoFilter(ApplicationFilterChain.java:164)
	at org.apache.catalina.core.ApplicationFilterChain.doFilter(ApplicationFilterChain.java:140)
	at org.apache.catalina.core.StandardWrapperValve.invoke(StandardWrapperValve.java:167)
	at org.apache.catalina.core.StandardContextValve.invoke(StandardContextValve.java:90)
	at org.apache.catalina.authenticator.AuthenticatorBase.invoke(AuthenticatorBase.java:483)
	at org.apache.catalina.core.StandardHostValve.invoke(StandardHostValve.java:116)
	at org.apache.catalina.valves.ErrorReportValve.invoke(ErrorReportValve.java:93)
	at org.apache.catalina.core.StandardEngineValve.invoke(StandardEngineValve.java:74)
	at org.apache.catalina.connector.CoyoteAdapter.service(CoyoteAdapter.java:344)
	at org.apache.coyote.http11.Http11Processor.service(Http11Processor.java:398)
	at org.apache.coyote.AbstractProcessorLight.process(AbstractProcessorLight.java:63)
	at org.apache.coyote.AbstractProtocol$ConnectionHandler.process(AbstractProtocol.java:903)
	at org.apache.tomcat.util.net.NioEndpoint$SocketProcessor.doRun(NioEndpoint.java:1769)
	at org.apache.tomcat.util.net.SocketProcessorBase.run(SocketProcessorBase.java:52)
	at org.apache.tomcat.util.threads.ThreadPoolExecutor.runWorker(ThreadPoolExecutor.java:1189)
	at org.apache.tomcat.util.threads.ThreadPoolExecutor$Worker.run(ThreadPoolExecutor.java:658)
	at org.apache.tomcat.util.threads.TaskThread$WrappingRunnable.run(TaskThread.java:63)
	at java.base/java.lang.Thread.run(Thread.java:1447)
2026-06-30 18:51:27 [http-nio-8080-exec-8] WARN  o.s.w.s.m.m.a.ExceptionHandlerExceptionResolver - Resolved [org.springframework.web.servlet.resource.NoResourceFoundException: No static resource api/usuarios/me.]
2026-06-30 18:51:27 [http-nio-8080-exec-8] TRACE o.s.web.servlet.DispatcherServlet - No view rendering, null ModelAndView returned.
2026-06-30 18:51:27 [http-nio-8080-exec-8] DEBUG o.s.web.servlet.DispatcherServlet - Completed 500 INTERNAL_SERVER_ERROR, headers={masked}
2026-06-30 18:51:27 [http-nio-8080-exec-7] TRACE o.s.web.servlet.DispatcherServlet - GET "/api/usuarios/2", parameters={}, headers={masked} in DispatcherServlet 'dispatcherServlet'
2026-06-30 18:51:27 [http-nio-8080-exec-7] ERROR c.e.tienda_tech.advice.ApiErrors - [GET /api/usuarios/2] Unhandled exception
org.springframework.web.servlet.resource.NoResourceFoundException: No static resource api/usuarios/2.
	at org.springframework.web.servlet.resource.ResourceHttpRequestHandler.handleRequest(ResourceHttpRequestHandler.java:585)
	at org.springframework.web.servlet.mvc.HttpRequestHandlerAdapter.handle(HttpRequestHandlerAdapter.java:52)
	at org.springframework.web.servlet.DispatcherServlet.doDispatch(DispatcherServlet.java:1089)
	at org.springframework.web.servlet.DispatcherServlet.doService(DispatcherServlet.java:979)
	at org.springframework.web.servlet.FrameworkServlet.processRequest(FrameworkServlet.java:1014)
	at org.springframework.web.servlet.FrameworkServlet.doGet(FrameworkServlet.java:903)
	at jakarta.servlet.http.HttpServlet.service(HttpServlet.java:564)
	at org.springframework.web.servlet.FrameworkServlet.service(FrameworkServlet.java:885)
	at jakarta.servlet.http.HttpServlet.service(HttpServlet.java:658)
	at org.apache.catalina.core.ApplicationFilterChain.internalDoFilter(ApplicationFilterChain.java:195)
	at org.apache.catalina.core.ApplicationFilterChain.doFilter(ApplicationFilterChain.java:140)
	at org.apache.tomcat.websocket.server.WsFilter.doFilter(WsFilter.java:51)
	at org.apache.catalina.core.ApplicationFilterChain.internalDoFilter(ApplicationFilterChain.java:164)
	at org.apache.catalina.core.ApplicationFilterChain.doFilter(ApplicationFilterChain.java:140)
	at org.springframework.web.filter.CompositeFilter$VirtualFilterChain.doFilter(CompositeFilter.java:108)
	at org.springframework.web.filter.CompositeFilter$VirtualFilterChain.doFilter(CompositeFilter.java:108)
	at org.springframework.security.web.FilterChainProxy.lambda$doFilterInternal$3(FilterChainProxy.java:231)
	at org.springframework.security.web.FilterChainProxy$VirtualFilterChain.doFilter(FilterChainProxy.java:365)
	at org.springframework.security.web.access.intercept.AuthorizationFilter.doFilter(AuthorizationFilter.java:101)
	at org.springframework.security.web.FilterChainProxy$VirtualFilterChain.doFilter(FilterChainProxy.java:374)
	at org.springframework.security.web.access.ExceptionTranslationFilter.doFilter(ExceptionTranslationFilter.java:125)
	at org.springframework.security.web.access.ExceptionTranslationFilter.doFilter(ExceptionTranslationFilter.java:119)
	at org.springframework.security.web.FilterChainProxy$VirtualFilterChain.doFilter(FilterChainProxy.java:374)
	at org.springframework.security.web.authentication.AnonymousAuthenticationFilter.doFilter(AnonymousAuthenticationFilter.java:100)
	at org.springframework.security.web.FilterChainProxy$VirtualFilterChain.doFilter(FilterChainProxy.java:374)
	at org.springframework.security.web.servletapi.SecurityContextHolderAwareRequestFilter.doFilter(SecurityContextHolderAwareRequestFilter.java:179)
	at org.springframework.security.web.FilterChainProxy$VirtualFilterChain.doFilter(FilterChainProxy.java:374)
	at org.springframework.security.web.savedrequest.RequestCacheAwareFilter.doFilter(RequestCacheAwareFilter.java:63)
	at org.springframework.security.web.FilterChainProxy$VirtualFilterChain.doFilter(FilterChainProxy.java:374)
	at org.springframework.security.web.authentication.logout.LogoutFilter.doFilter(LogoutFilter.java:107)
	at org.springframework.security.web.authentication.logout.LogoutFilter.doFilter(LogoutFilter.java:93)
	at org.springframework.security.web.FilterChainProxy$VirtualFilterChain.doFilter(FilterChainProxy.java:374)
	at org.springframework.web.filter.CorsFilter.doFilterInternal(CorsFilter.java:91)
	at org.springframework.web.filter.OncePerRequestFilter.doFilter(OncePerRequestFilter.java:116)
	at org.springframework.security.web.FilterChainProxy$VirtualFilterChain.doFilter(FilterChainProxy.java:374)
	at org.springframework.security.web.header.HeaderWriterFilter.doHeadersAfter(HeaderWriterFilter.java:90)
	at org.springframework.security.web.header.HeaderWriterFilter.doFilterInternal(HeaderWriterFilter.java:75)
	at org.springframework.web.filter.OncePerRequestFilter.doFilter(OncePerRequestFilter.java:116)
	at org.springframework.security.web.FilterChainProxy$VirtualFilterChain.doFilter(FilterChainProxy.java:374)
	at org.springframework.security.web.context.SecurityContextHolderFilter.doFilter(SecurityContextHolderFilter.java:82)
	at org.springframework.security.web.context.SecurityContextHolderFilter.doFilter(SecurityContextHolderFilter.java:69)
	at org.springframework.security.web.FilterChainProxy$VirtualFilterChain.doFilter(FilterChainProxy.java:374)
	at org.springframework.security.web.context.request.async.WebAsyncManagerIntegrationFilter.doFilterInternal(WebAsyncManagerIntegrationFilter.java:62)
	at org.springframework.web.filter.OncePerRequestFilter.doFilter(OncePerRequestFilter.java:116)
	at org.springframework.security.web.FilterChainProxy$VirtualFilterChain.doFilter(FilterChainProxy.java:374)
	at org.springframework.security.web.session.DisableEncodeUrlFilter.doFilterInternal(DisableEncodeUrlFilter.java:42)
	at org.springframework.web.filter.OncePerRequestFilter.doFilter(OncePerRequestFilter.java:116)
	at org.springframework.security.web.FilterChainProxy$VirtualFilterChain.doFilter(FilterChainProxy.java:374)
	at org.springframework.security.web.FilterChainProxy.doFilterInternal(FilterChainProxy.java:233)
	at org.springframework.security.web.FilterChainProxy.doFilter(FilterChainProxy.java:191)
	at org.springframework.web.filter.CompositeFilter$VirtualFilterChain.doFilter(CompositeFilter.java:113)
	at org.springframework.web.filter.ServletRequestPathFilter.doFilter(ServletRequestPathFilter.java:52)
	at org.springframework.web.filter.CompositeFilter$VirtualFilterChain.doFilter(CompositeFilter.java:113)
	at org.springframework.web.filter.CompositeFilter.doFilter(CompositeFilter.java:74)
	at org.springframework.security.config.annotation.web.configuration.WebSecurityConfiguration$CompositeFilterChainProxy.doFilter(WebSecurityConfiguration.java:319)
	at org.springframework.web.filter.CompositeFilter$VirtualFilterChain.doFilter(CompositeFilter.java:113)
	at org.springframework.web.servlet.handler.HandlerMappingIntrospector.lambda$createCacheFilter$4(HandlerMappingIntrospector.java:267)
	at org.springframework.web.filter.CompositeFilter$VirtualFilterChain.doFilter(CompositeFilter.java:113)
	at org.springframework.web.filter.CompositeFilter.doFilter(CompositeFilter.java:74)
	at org.springframework.security.config.annotation.web.configuration.WebMvcSecurityConfiguration$CompositeFilterChainProxy.doFilter(WebMvcSecurityConfiguration.java:240)
	at org.springframework.web.filter.DelegatingFilterProxy.invokeDelegate(DelegatingFilterProxy.java:362)
	at org.springframework.web.filter.DelegatingFilterProxy.doFilter(DelegatingFilterProxy.java:278)
	at org.apache.catalina.core.ApplicationFilterChain.internalDoFilter(ApplicationFilterChain.java:164)
	at org.apache.catalina.core.ApplicationFilterChain.doFilter(ApplicationFilterChain.java:140)
	at org.springframework.web.filter.RequestContextFilter.doFilterInternal(RequestContextFilter.java:100)
	at org.springframework.web.filter.OncePerRequestFilter.doFilter(OncePerRequestFilter.java:116)
	at org.apache.catalina.core.ApplicationFilterChain.internalDoFilter(ApplicationFilterChain.java:164)
	at org.apache.catalina.core.ApplicationFilterChain.doFilter(ApplicationFilterChain.java:140)
	at org.springframework.web.filter.FormContentFilter.doFilterInternal(FormContentFilter.java:93)
	at org.springframework.web.filter.OncePerRequestFilter.doFilter(OncePerRequestFilter.java:116)
	at org.apache.catalina.core.ApplicationFilterChain.internalDoFilter(ApplicationFilterChain.java:164)
	at org.apache.catalina.core.ApplicationFilterChain.doFilter(ApplicationFilterChain.java:140)
	at org.springframework.web.filter.CharacterEncodingFilter.doFilterInternal(CharacterEncodingFilter.java:201)
	at org.springframework.web.filter.OncePerRequestFilter.doFilter(OncePerRequestFilter.java:116)
	at org.apache.catalina.core.ApplicationFilterChain.internalDoFilter(ApplicationFilterChain.java:164)
	at org.apache.catalina.core.ApplicationFilterChain.doFilter(ApplicationFilterChain.java:140)
	at org.apache.catalina.core.StandardWrapperValve.invoke(StandardWrapperValve.java:167)
	at org.apache.catalina.core.StandardContextValve.invoke(StandardContextValve.java:90)
	at org.apache.catalina.authenticator.AuthenticatorBase.invoke(AuthenticatorBase.java:483)
	at org.apache.catalina.core.StandardHostValve.invoke(StandardHostValve.java:116)
	at org.apache.catalina.valves.ErrorReportValve.invoke(ErrorReportValve.java:93)
	at org.apache.catalina.core.StandardEngineValve.invoke(StandardEngineValve.java:74)
	at org.apache.catalina.connector.CoyoteAdapter.service(CoyoteAdapter.java:344)
	at org.apache.coyote.http11.Http11Processor.service(Http11Processor.java:398)
	at org.apache.coyote.AbstractProcessorLight.process(AbstractProcessorLight.java:63)
	at org.apache.coyote.AbstractProtocol$ConnectionHandler.process(AbstractProtocol.java:903)
	at org.apache.tomcat.util.net.NioEndpoint$SocketProcessor.doRun(NioEndpoint.java:1769)
	at org.apache.tomcat.util.net.SocketProcessorBase.run(SocketProcessorBase.java:52)
	at org.apache.tomcat.util.threads.ThreadPoolExecutor.runWorker(ThreadPoolExecutor.java:1189)
	at org.apache.tomcat.util.threads.ThreadPoolExecutor$Worker.run(ThreadPoolExecutor.java:658)
	at org.apache.tomcat.util.threads.TaskThread$WrappingRunnable.run(TaskThread.java:63)
	at java.base/java.lang.Thread.run(Thread.java:1447)
2026-06-30 18:51:27 [http-nio-8080-exec-7] WARN  o.s.w.s.m.m.a.ExceptionHandlerExceptionResolver - Resolved [org.springframework.web.servlet.resource.NoResourceFoundException: No static resource api/usuarios/2.]
2026-06-30 18:51:27 [http-nio-8080-exec-7] TRACE o.s.web.servlet.DispatcherServlet - No view rendering, null ModelAndView returned.
2026-06-30 18:51:27 [http-nio-8080-exec-7] DEBUG o.s.web.servlet.DispatcherServlet - Completed 500 INTERNAL_SERVER_ERROR, headers={masked}
2026-06-30 18:51:27 [http-nio-8080-exec-5] TRACE o.s.web.servlet.DispatcherServlet - GET "/uploads/avatars/2/avatar.png?t=1782863487337", parameters={masked}, headers={masked} in DispatcherServlet 'dispatcherServlet'
2026-06-30 18:51:27 [http-nio-8080-exec-5] ERROR c.e.tienda_tech.advice.ApiErrors - [GET /uploads/avatars/2/avatar.png] Unhandled exception
org.springframework.web.servlet.resource.NoResourceFoundException: No static resource avatars/2/avatar.png.
	at org.springframework.web.servlet.resource.ResourceHttpRequestHandler.handleRequest(ResourceHttpRequestHandler.java:585)
	at org.springframework.web.servlet.mvc.HttpRequestHandlerAdapter.handle(HttpRequestHandlerAdapter.java:52)
	at org.springframework.web.servlet.DispatcherServlet.doDispatch(DispatcherServlet.java:1089)
	at org.springframework.web.servlet.DispatcherServlet.doService(DispatcherServlet.java:979)
	at org.springframework.web.servlet.FrameworkServlet.processRequest(FrameworkServlet.java:1014)
	at org.springframework.web.servlet.FrameworkServlet.doGet(FrameworkServlet.java:903)
	at jakarta.servlet.http.HttpServlet.service(HttpServlet.java:564)
	at org.springframework.web.servlet.FrameworkServlet.service(FrameworkServlet.java:885)
	at jakarta.servlet.http.HttpServlet.service(HttpServlet.java:658)
	at org.apache.catalina.core.ApplicationFilterChain.internalDoFilter(ApplicationFilterChain.java:195)
	at org.apache.catalina.core.ApplicationFilterChain.doFilter(ApplicationFilterChain.java:140)
	at org.apache.tomcat.websocket.server.WsFilter.doFilter(WsFilter.java:51)
	at org.apache.catalina.core.ApplicationFilterChain.internalDoFilter(ApplicationFilterChain.java:164)
	at org.apache.catalina.core.ApplicationFilterChain.doFilter(ApplicationFilterChain.java:140)
	at org.springframework.web.filter.CompositeFilter$VirtualFilterChain.doFilter(CompositeFilter.java:108)
	at org.springframework.web.filter.CompositeFilter$VirtualFilterChain.doFilter(CompositeFilter.java:108)
	at org.springframework.security.web.FilterChainProxy.lambda$doFilterInternal$3(FilterChainProxy.java:231)
	at org.springframework.security.web.FilterChainProxy$VirtualFilterChain.doFilter(FilterChainProxy.java:365)
	at org.springframework.security.web.access.intercept.AuthorizationFilter.doFilter(AuthorizationFilter.java:101)
	at org.springframework.security.web.FilterChainProxy$VirtualFilterChain.doFilter(FilterChainProxy.java:374)
	at org.springframework.security.web.access.ExceptionTranslationFilter.doFilter(ExceptionTranslationFilter.java:125)
	at org.springframework.security.web.access.ExceptionTranslationFilter.doFilter(ExceptionTranslationFilter.java:119)
	at org.springframework.security.web.FilterChainProxy$VirtualFilterChain.doFilter(FilterChainProxy.java:374)
	at org.springframework.security.web.authentication.AnonymousAuthenticationFilter.doFilter(AnonymousAuthenticationFilter.java:100)
	at org.springframework.security.web.FilterChainProxy$VirtualFilterChain.doFilter(FilterChainProxy.java:374)
	at org.springframework.security.web.servletapi.SecurityContextHolderAwareRequestFilter.doFilter(SecurityContextHolderAwareRequestFilter.java:179)
	at org.springframework.security.web.FilterChainProxy$VirtualFilterChain.doFilter(FilterChainProxy.java:374)
	at org.springframework.security.web.savedrequest.RequestCacheAwareFilter.doFilter(RequestCacheAwareFilter.java:63)
	at org.springframework.security.web.FilterChainProxy$VirtualFilterChain.doFilter(FilterChainProxy.java:374)
	at org.springframework.security.web.authentication.logout.LogoutFilter.doFilter(LogoutFilter.java:107)
	at org.springframework.security.web.authentication.logout.LogoutFilter.doFilter(LogoutFilter.java:93)
	at org.springframework.security.web.FilterChainProxy$VirtualFilterChain.doFilter(FilterChainProxy.java:374)
	at org.springframework.web.filter.CorsFilter.doFilterInternal(CorsFilter.java:91)
	at org.springframework.web.filter.OncePerRequestFilter.doFilter(OncePerRequestFilter.java:116)
	at org.springframework.security.web.FilterChainProxy$VirtualFilterChain.doFilter(FilterChainProxy.java:374)
	at org.springframework.security.web.header.HeaderWriterFilter.doHeadersAfter(HeaderWriterFilter.java:90)
	at org.springframework.security.web.header.HeaderWriterFilter.doFilterInternal(HeaderWriterFilter.java:75)
	at org.springframework.web.filter.OncePerRequestFilter.doFilter(OncePerRequestFilter.java:116)
	at org.springframework.security.web.FilterChainProxy$VirtualFilterChain.doFilter(FilterChainProxy.java:374)
	at org.springframework.security.web.context.SecurityContextHolderFilter.doFilter(SecurityContextHolderFilter.java:82)
	at org.springframework.security.web.context.SecurityContextHolderFilter.doFilter(SecurityContextHolderFilter.java:69)
	at org.springframework.security.web.FilterChainProxy$VirtualFilterChain.doFilter(FilterChainProxy.java:374)
	at org.springframework.security.web.context.request.async.WebAsyncManagerIntegrationFilter.doFilterInternal(WebAsyncManagerIntegrationFilter.java:62)
	at org.springframework.web.filter.OncePerRequestFilter.doFilter(OncePerRequestFilter.java:116)
	at org.springframework.security.web.FilterChainProxy$VirtualFilterChain.doFilter(FilterChainProxy.java:374)
	at org.springframework.security.web.session.DisableEncodeUrlFilter.doFilterInternal(DisableEncodeUrlFilter.java:42)
	at org.springframework.web.filter.OncePerRequestFilter.doFilter(OncePerRequestFilter.java:116)
	at org.springframework.security.web.FilterChainProxy$VirtualFilterChain.doFilter(FilterChainProxy.java:374)
	at org.springframework.security.web.FilterChainProxy.doFilterInternal(FilterChainProxy.java:233)
	at org.springframework.security.web.FilterChainProxy.doFilter(FilterChainProxy.java:191)
	at org.springframework.web.filter.CompositeFilter$VirtualFilterChain.doFilter(CompositeFilter.java:113)
	at org.springframework.web.filter.ServletRequestPathFilter.doFilter(ServletRequestPathFilter.java:52)
	at org.springframework.web.filter.CompositeFilter$VirtualFilterChain.doFilter(CompositeFilter.java:113)
	at org.springframework.web.filter.CompositeFilter.doFilter(CompositeFilter.java:74)
	at org.springframework.security.config.annotation.web.configuration.WebSecurityConfiguration$CompositeFilterChainProxy.doFilter(WebSecurityConfiguration.java:319)
	at org.springframework.web.filter.CompositeFilter$VirtualFilterChain.doFilter(CompositeFilter.java:113)
	at org.springframework.web.servlet.handler.HandlerMappingIntrospector.lambda$createCacheFilter$4(HandlerMappingIntrospector.java:267)
	at org.springframework.web.filter.CompositeFilter$VirtualFilterChain.doFilter(CompositeFilter.java:113)
	at org.springframework.web.filter.CompositeFilter.doFilter(CompositeFilter.java:74)
	at org.springframework.security.config.annotation.web.configuration.WebMvcSecurityConfiguration$CompositeFilterChainProxy.doFilter(WebMvcSecurityConfiguration.java:240)
	at org.springframework.web.filter.DelegatingFilterProxy.invokeDelegate(DelegatingFilterProxy.java:362)
	at org.springframework.web.filter.DelegatingFilterProxy.doFilter(DelegatingFilterProxy.java:278)
	at org.apache.catalina.core.ApplicationFilterChain.internalDoFilter(ApplicationFilterChain.java:164)
	at org.apache.catalina.core.ApplicationFilterChain.doFilter(ApplicationFilterChain.java:140)
	at org.springframework.web.filter.RequestContextFilter.doFilterInternal(RequestContextFilter.java:100)
	at org.springframework.web.filter.OncePerRequestFilter.doFilter(OncePerRequestFilter.java:116)
	at org.apache.catalina.core.ApplicationFilterChain.internalDoFilter(ApplicationFilterChain.java:164)
	at org.apache.catalina.core.ApplicationFilterChain.doFilter(ApplicationFilterChain.java:140)
	at org.springframework.web.filter.FormContentFilter.doFilterInternal(FormContentFilter.java:93)
	at org.springframework.web.filter.OncePerRequestFilter.doFilter(OncePerRequestFilter.java:116)
	at org.apache.catalina.core.ApplicationFilterChain.internalDoFilter(ApplicationFilterChain.java:164)
	at org.apache.catalina.core.ApplicationFilterChain.doFilter(ApplicationFilterChain.java:140)
	at org.springframework.web.filter.CharacterEncodingFilter.doFilterInternal(CharacterEncodingFilter.java:201)
	at org.springframework.web.filter.OncePerRequestFilter.doFilter(OncePerRequestFilter.java:116)
	at org.apache.catalina.core.ApplicationFilterChain.internalDoFilter(ApplicationFilterChain.java:164)
	at org.apache.catalina.core.ApplicationFilterChain.doFilter(ApplicationFilterChain.java:140)
	at org.apache.catalina.core.StandardWrapperValve.invoke(StandardWrapperValve.java:167)
	at org.apache.catalina.core.StandardContextValve.invoke(StandardContextValve.java:90)
	at org.apache.catalina.authenticator.AuthenticatorBase.invoke(AuthenticatorBase.java:483)
	at org.apache.catalina.core.StandardHostValve.invoke(StandardHostValve.java:116)
	at org.apache.catalina.valves.ErrorReportValve.invoke(ErrorReportValve.java:93)
	at org.apache.catalina.core.StandardEngineValve.invoke(StandardEngineValve.java:74)
	at org.apache.catalina.connector.CoyoteAdapter.service(CoyoteAdapter.java:344)
	at org.apache.coyote.http11.Http11Processor.service(Http11Processor.java:398)
	at org.apache.coyote.AbstractProcessorLight.process(AbstractProcessorLight.java:63)
	at org.apache.coyote.AbstractProtocol$ConnectionHandler.process(AbstractProtocol.java:903)
	at org.apache.tomcat.util.net.NioEndpoint$SocketProcessor.doRun(NioEndpoint.java:1769)
	at org.apache.tomcat.util.net.SocketProcessorBase.run(SocketProcessorBase.java:52)
	at org.apache.tomcat.util.threads.ThreadPoolExecutor.runWorker(ThreadPoolExecutor.java:1189)
	at org.apache.tomcat.util.threads.ThreadPoolExecutor$Worker.run(ThreadPoolExecutor.java:658)
	at org.apache.tomcat.util.threads.TaskThread$WrappingRunnable.run(TaskThread.java:63)
	at java.base/java.lang.Thread.run(Thread.java:1447)
2026-06-30 18:51:27 [http-nio-8080-exec-5] WARN  o.s.w.s.m.m.a.ExceptionHandlerExceptionResolver - Resolved [org.springframework.web.servlet.resource.NoResourceFoundException: No static resource avatars/2/avatar.png.]
2026-06-30 18:51:27 [http-nio-8080-exec-5] TRACE o.s.web.servlet.DispatcherServlet - No view rendering, null ModelAndView returned.
2026-06-30 18:51:27 [http-nio-8080-exec-5] DEBUG o.s.web.servlet.DispatcherServlet - Completed 500 INTERNAL_SERVER_ERROR, headers={masked}
2026-06-30 18:51:27 [http-nio-8080-exec-2] TRACE o.s.web.servlet.DispatcherServlet - GET "/api/tipo_metodopago", parameters={}, headers={masked} in DispatcherServlet 'dispatcherServlet'
2026-06-30 18:51:27 [http-nio-8080-exec-2] TRACE o.s.w.s.m.m.a.RequestMappingHandlerMapping - Mapped to com.example.tienda_tech.controller.MetodoPagoController#tipos()
2026-06-30 18:51:27 [http-nio-8080-exec-3] TRACE o.s.web.servlet.DispatcherServlet - GET "/api/usuarios/2/direcciones", parameters={}, headers={masked} in DispatcherServlet 'dispatcherServlet'
2026-06-30 18:51:27 [http-nio-8080-exec-6] TRACE o.s.web.servlet.DispatcherServlet - GET "/api/ciudades", parameters={}, headers={masked} in DispatcherServlet 'dispatcherServlet'
2026-06-30 18:51:27 [http-nio-8080-exec-6] TRACE o.s.w.s.m.m.a.RequestMappingHandlerMapping - Mapped to com.example.tienda_tech.controller.CiudadController#listar()
2026-06-30 18:51:27 [http-nio-8080-exec-3] TRACE o.s.w.s.m.m.a.RequestMappingHandlerMapping - Mapped to com.example.tienda_tech.controller.DireccionController#listar(Integer, String)
2026-06-30 18:51:27 [http-nio-8080-exec-6] TRACE o.s.web.servlet.DispatcherServlet - No view rendering, null ModelAndView returned.
2026-06-30 18:51:27 [http-nio-8080-exec-6] DEBUG o.s.web.servlet.DispatcherServlet - Completed 200 OK, headers={masked}
2026-06-30 18:51:27 [http-nio-8080-exec-2] TRACE o.s.web.servlet.DispatcherServlet - No view rendering, null ModelAndView returned.
2026-06-30 18:51:27 [http-nio-8080-exec-2] DEBUG o.s.web.servlet.DispatcherServlet - Completed 200 OK, headers={masked}
2026-06-30 18:51:27 [http-nio-8080-exec-1] TRACE o.s.web.servlet.DispatcherServlet - GET "/api/mis-metodos-pago", parameters={}, headers={masked} in DispatcherServlet 'dispatcherServlet'
2026-06-30 18:51:27 [http-nio-8080-exec-1] TRACE o.s.w.s.m.m.a.RequestMappingHandlerMapping - Mapped to com.example.tienda_tech.controller.MetodoPagoController#listar(HttpServletRequest)
2026-06-30 18:51:27 [http-nio-8080-exec-3] TRACE o.s.web.servlet.DispatcherServlet - No view rendering, null ModelAndView returned.
2026-06-30 18:51:27 [http-nio-8080-exec-3] DEBUG o.s.web.servlet.DispatcherServlet - Completed 200 OK, headers={masked}
2026-06-30 18:51:27 [http-nio-8080-exec-1] TRACE o.s.web.servlet.DispatcherServlet - No view rendering, null ModelAndView returned.
2026-06-30 18:51:27 [http-nio-8080-exec-1] DEBUG o.s.web.servlet.DispatcherServlet - Completed 200 OK, headers={masked}
2026-06-30 18:52:05 [SpringApplicationShutdownHook] INFO  o.s.b.w.e.tomcat.GracefulShutdown - Commencing graceful shutdown. Waiting for active requests to complete
2026-06-30 18:52:05 [tomcat-shutdown] INFO  o.s.b.w.e.tomcat.GracefulShutdown - Graceful shutdown complete
2026-06-30 18:52:05 [SpringApplicationShutdownHook] INFO  o.s.o.j.LocalContainerEntityManagerFactoryBean - Closing JPA EntityManagerFactory for persistence unit 'default'
2026-06-30 18:52:05 [SpringApplicationShutdownHook] INFO  com.zaxxer.hikari.HikariDataSource - HikariPool-1 - Shutdown initiated...
2026-06-30 18:52:05 [SpringApplicationShutdownHook] INFO  com.zaxxer.hikari.HikariDataSource - HikariPool-1 - Shutdown completed.
2026-06-30 18:52:07 [background-preinit] INFO  o.h.validator.internal.util.Version - HV000001: Hibernate Validator 8.0.3.Final
2026-06-30 18:52:07 [restartedMain] INFO  c.e.t.TiendaTechApplication - Starting TiendaTechApplication using Java 24.0.2 with PID 26480 (D:\Programas\Cybersecurity\Tienda_Tech\target\classes started by usuario in D:\Programas\Cybersecurity\Tienda_Tech)
2026-06-30 18:52:07 [restartedMain] INFO  c.e.t.TiendaTechApplication - No active profile set, falling back to 1 default profile: "default"
2026-06-30 18:52:07 [restartedMain] INFO  o.s.b.d.e.DevToolsPropertyDefaultsPostProcessor - Devtools property defaults active! Set 'spring.devtools.add-properties' to 'false' to disable
2026-06-30 18:52:07 [restartedMain] INFO  o.s.b.d.e.DevToolsPropertyDefaultsPostProcessor - For additional web related logging consider setting the 'logging.level.web' property to 'DEBUG'
2026-06-30 18:52:08 [restartedMain] INFO  o.s.d.r.c.RepositoryConfigurationDelegate - Bootstrapping Spring Data JPA repositories in DEFAULT mode.
2026-06-30 18:52:08 [restartedMain] INFO  o.s.d.r.c.RepositoryConfigurationDelegate - Finished Spring Data repository scanning in 67 ms. Found 17 JPA repository interfaces.
2026-06-30 18:52:08 [restartedMain] INFO  o.s.b.w.e.tomcat.TomcatWebServer - Tomcat initialized with port 8080 (http)
2026-06-30 18:52:08 [restartedMain] INFO  o.a.coyote.http11.Http11NioProtocol - Initializing ProtocolHandler ["http-nio-8080"]
2026-06-30 18:52:08 [restartedMain] INFO  o.a.catalina.core.StandardService - Starting service [Tomcat]
2026-06-30 18:52:08 [restartedMain] INFO  o.a.catalina.core.StandardEngine - Starting Servlet engine: [Apache Tomcat/10.1.44]
2026-06-30 18:52:08 [restartedMain] INFO  o.a.c.c.C.[Tomcat].[localhost].[/] - Initializing Spring embedded WebApplicationContext
2026-06-30 18:52:08 [restartedMain] INFO  o.s.b.w.s.c.ServletWebServerApplicationContext - Root WebApplicationContext: initialization completed in 994 ms
2026-06-30 18:52:08 [restartedMain] INFO  o.h.jpa.internal.util.LogHelper - HHH000204: Processing PersistenceUnitInfo [name: default]
2026-06-30 18:52:08 [restartedMain] INFO  org.hibernate.Version - HHH000412: Hibernate ORM core version 6.6.26.Final
2026-06-30 18:52:08 [restartedMain] INFO  o.h.c.i.RegionFactoryInitiator - HHH000026: Second-level cache disabled
2026-06-30 18:52:08 [restartedMain] INFO  o.s.o.j.p.SpringPersistenceUnitInfo - No LoadTimeWeaver setup: ignoring JPA class transformer
2026-06-30 18:52:08 [restartedMain] INFO  com.zaxxer.hikari.HikariDataSource - HikariPool-1 - Starting...
2026-06-30 18:52:08 [restartedMain] INFO  com.zaxxer.hikari.pool.HikariPool - HikariPool-1 - Added connection org.postgresql.jdbc.PgConnection@1962476c
2026-06-30 18:52:08 [restartedMain] INFO  com.zaxxer.hikari.HikariDataSource - HikariPool-1 - Start completed.
2026-06-30 18:52:09 [restartedMain] INFO  o.hibernate.orm.connections.pooling - HHH10001005: Database info:
	Database JDBC URL [Connecting through datasource 'HikariDataSource (HikariPool-1)']
	Database driver: undefined/unknown
	Database version: 18.1
	Autocommit mode: undefined/unknown
	Isolation level: undefined/unknown
	Minimum pool size: undefined/unknown
	Maximum pool size: undefined/unknown
2026-06-30 18:52:09 [restartedMain] INFO  o.h.e.t.j.p.i.JtaPlatformInitiator - HHH000489: No JTA platform available (set 'hibernate.transaction.jta.platform' to enable JTA platform integration)
2026-06-30 18:52:09 [restartedMain] INFO  o.s.o.j.LocalContainerEntityManagerFactoryBean - Initialized JPA EntityManagerFactory for persistence unit 'default'
2026-06-30 18:52:10 [restartedMain] INFO  o.s.d.j.r.query.QueryEnhancerFactory - Hibernate is in classpath; If applicable, HQL parser will be used.
2026-06-30 18:52:10 [restartedMain] INFO  c.e.tienda_tech.security.JwtConfig - JWT secret cargada (88 chars).
2026-06-30 18:52:10 [restartedMain] WARN  o.s.b.a.o.j.JpaBaseConfiguration$JpaWebConfiguration - spring.jpa.open-in-view is enabled by default. Therefore, database queries may be performed during view rendering. Explicitly configure spring.jpa.open-in-view to disable this warning
2026-06-30 18:52:10 [restartedMain] INFO  o.s.b.a.w.s.WelcomePageHandlerMapping - Adding welcome page: class path resource [static/index.html]
2026-06-30 18:52:10 [restartedMain] TRACE o.s.w.s.m.m.a.RequestMappingHandlerMapping - 
	c.e.t.c.AlmacenamientoController:
	{POST [/api/productos/almacenamientos]}: crear(AlmacenamientoCreateRequest)
2026-06-30 18:52:10 [restartedMain] TRACE o.s.w.s.m.m.a.RequestMappingHandlerMapping - 
	c.e.t.c.a.AuditoriaController:
	{GET [/api/auditorias/usuario]}: porUsuario(String,LocalDate,LocalDate)
	{GET [/api/auditorias/productos]}: productos(String,Integer,LocalDate,LocalDate)
	{GET [/api/auditorias/movimientos]}: movimientos(String,Integer,LocalDate,LocalDate)
	{GET [/api/auditorias/usuarios]}: listarUsuarios()
2026-06-30 18:52:10 [restartedMain] TRACE o.s.w.s.m.m.a.RequestMappingHandlerMapping - 
	c.e.t.c.a.AuditoriaLoginController:
	{GET [/api/auditoria/logins]}: logins(String,LocalDate,LocalDate)
	{GET [/api/auditoria/usuariosL]}: usuariosAuditoria()
2026-06-30 18:52:10 [restartedMain] TRACE o.s.w.s.m.m.a.RequestMappingHandlerMapping - 
	c.e.t.c.a.AuthController:
	{POST [/auth/keepalive]}: keepalive(String,HttpServletResponse)
	{POST [/auth/logout]}: logout(String,HttpServletResponse)
	{POST [/auth/login]}: login(Map,HttpServletResponse)
	{POST [/auth/refresh]}: refresh(String,HttpServletResponse)
2026-06-30 18:52:10 [restartedMain] TRACE o.s.w.s.m.m.a.RequestMappingHandlerMapping - 
	c.e.t.c.AvatarController:
	{DELETE [/api/usuarios/{id}/avatar]}: removeAvatar(Integer)
	{POST [/api/usuarios/{id}/avatar], consumes [multipart/form-data]}: uploadAvatar(Integer,MultipartFile)
2026-06-30 18:52:10 [restartedMain] TRACE o.s.w.s.m.m.a.RequestMappingHandlerMapping - 
	c.e.t.c.BusquedaController:
	{GET [/api/busqueda/categoria/{categoriaId}]}: porCategoria(Integer,Integer)
2026-06-30 18:52:10 [restartedMain] TRACE o.s.w.s.m.m.a.RequestMappingHandlerMapping - 
	c.e.t.c.CarritoController:
	{DELETE [/api/carrito/items/{productoId}]}: remove(Integer,Integer)
	{GET [/api/carrito/items]}: list(Integer)
	{PATCH [/api/carrito/items/{productoId}]}: setQty(Integer,Integer,Map)
	{POST [/api/carrito/items]}: addItem(Integer,CarritoAddReq)
	{GET [/api/carrito/resumen]}: summary(Integer)
	{POST [/api/carrito/agregar]}: addItemAlias(Integer,CarritoAddReq)
2026-06-30 18:52:10 [restartedMain] TRACE o.s.w.s.m.m.a.RequestMappingHandlerMapping - 
	c.e.t.c.CategoriaController:
	{GET [/api/categorias]}: listar()
2026-06-30 18:52:10 [restartedMain] TRACE o.s.w.s.m.m.a.RequestMappingHandlerMapping - 
	c.e.t.c.CiudadController:
	{DELETE [/api/ciudades/{id}]}: eliminar(Short)
	{PUT [/api/ciudades/{id}]}: actualizar(Short,CiudadDTO)
	{GET [/api/ciudades]}: listar()
	{POST [/api/ciudades]}: crear(CiudadDTO)
2026-06-30 18:52:10 [restartedMain] TRACE o.s.w.s.m.m.a.RequestMappingHandlerMapping - 
	c.e.t.c.DireccionController:
	{DELETE [/api/usuarios/{usuarioId}/direcciones/{direccionId}]}: eliminar(Integer,Short)
	{PUT [/api/usuarios/{usuarioId}/direcciones/{direccionId}], consumes [application/json]}: actualizar(Integer,Short,DireccionDTO)
	{GET [/api/usuarios/{usuarioId}/direcciones]}: listar(Integer,String)
	{POST [/api/usuarios/{usuarioId}/direcciones], consumes [application/json]}: crear(Integer,DireccionDTO)
2026-06-30 18:52:10 [restartedMain] TRACE o.s.w.s.m.m.a.RequestMappingHandlerMapping - 
	c.e.t.c.EncuestaAdminController:
	{GET [/api/encuesta]}: get()
	{PUT [/api/encuesta]}: update(EncuestaUpdate)
	{POST [/api/encuesta/reglas]}: upsertRegla(ReglaUpsert)
	{DELETE [/api/encuesta/opciones/{key}/{valor}]}: deleteOpcion(String,String)
	{DELETE [/api/encuesta/reglas/{key}/{valor}/{categoria}]}: deleteRegla(String,String,String)
	{POST [/api/encuesta/preguntas]}: upsertPregunta(PreguntaUpsert)
	{DELETE [/api/encuesta/preguntas/{key}]}: deletePregunta(String)
	{POST [/api/encuesta/opciones]}: upsertOpcion(OpcionUpsert)
2026-06-30 18:52:10 [restartedMain] TRACE o.s.w.s.m.m.a.RequestMappingHandlerMapping - 
	c.e.t.c.FacturaController:
	{GET [/api/facturas/{id}]}: get(Integer)
	{GET [/api/facturas/{id}/pdf], produces [application/pdf]}: pdf(Integer)
2026-06-30 18:52:10 [restartedMain] TRACE o.s.w.s.m.m.a.RequestMappingHandlerMapping - 
	c.e.t.c.FaviconController:
	{ [/favicon.ico]}: favicon()
2026-06-30 18:52:10 [restartedMain] TRACE o.s.w.s.m.m.a.RequestMappingHandlerMapping - 
	c.e.t.c.GaleriaBatchFlagsController:
	{PATCH [/api/galeria/flags]}: flags(List)
2026-06-30 18:52:10 [restartedMain] TRACE o.s.w.s.m.m.a.RequestMappingHandlerMapping - 
	c.e.t.c.GaleriaCompatController:
	{HEAD [/api/galeria/{galeriaId}/contenido]}: headLegacy(Integer)
	{GET [/api/galeria/{galeriaId}/contenido]}: contenidoLegacy(Integer)
2026-06-30 18:52:10 [restartedMain] TRACE o.s.w.s.m.m.a.RequestMappingHandlerMapping - 
	c.e.t.c.GaleriaCompatProductosV2Controller:
	{GET [/api/productos/{productoId}/galeria/lista]}: listar(int,String)
	{POST [/api/productos/{productoId}/galeria], consumes [application/json]}: subirJson(int,List)
	{POST [/api/productos/{productoId}/galeria/{galeriaId}/portada]}: portada(int,int)
	{POST [/api/productos/{productoId}/galeria/reordenar]}: reordenar(int,ReordenarVistaReq)
2026-06-30 18:52:10 [restartedMain] TRACE o.s.w.s.m.m.a.RequestMappingHandlerMapping - 
	c.e.t.c.GaleriaImageController:
	{GET [/api/galeria/img/{galeriaId}]}: img(int)
2026-06-30 18:52:10 [restartedMain] TRACE o.s.w.s.m.m.a.RequestMappingHandlerMapping - 
	c.e.t.c.GaleriaMediaController:
	{GET [/api/galeria/{galeriaId}/media]}: media(int)
2026-06-30 18:52:10 [restartedMain] TRACE o.s.w.s.m.m.a.RequestMappingHandlerMapping - 
	c.e.t.c.GaleriaMenuController:
	{GET [/api/galeria/api/galeria-menu/{id}/contenido]}: contenidoMenu(Long)
2026-06-30 18:52:10 [restartedMain] TRACE o.s.w.s.m.m.a.RequestMappingHandlerMapping - 
	c.e.t.c.GaleriaV2Controller:
	{PATCH [/api/galeria_v2/{galeriaId}/flags]}: flags(Integer,FlagsDto)
	{DELETE [/api/galeria_v2/{galeriaId}]}: eliminar(Integer)
	{GET [/api/galeria_v2/producto/{productoId}]}: listar(Integer,String)
	{POST [/api/galeria_v2], consumes [multipart/form-data]}: agregar(Integer,MultipartFile,String,Boolean,Boolean,Boolean,Integer,Integer,Integer,Integer)
	{GET [/api/galeria_v2/img/{galeriaId}]}: obtenerImagen(Integer)
	{HEAD [/api/galeria_v2/img/{galeriaId}]}: headImagen(Integer)
	{PUT [/api/galeria_v2/{galeriaId}/portada]}: portada(Integer,PortadaReq)
	{PUT [/api/galeria_v2/{productoId}/reordenar]}: reordenar(Integer,String,ReordenarReq)
2026-06-30 18:52:10 [restartedMain] TRACE o.s.w.s.m.m.a.RequestMappingHandlerMapping - 
	c.e.t.c.HomeController:
	{GET [/api/productos/recientes-menu], produces [application/json]}: recientesMenu(int)
2026-06-30 18:52:10 [restartedMain] TRACE o.s.w.s.m.m.a.RequestMappingHandlerMapping - 
	c.e.t.c.LoginController:
	{POST [/api/login]}: login(Map)
	{POST [/api/login/mfa]}: verificarMfa(Map)
2026-06-30 18:52:10 [restartedMain] TRACE o.s.w.s.m.m.a.RequestMappingHandlerMapping - 
	c.e.t.c.MetodoPagoController:
	{DELETE [/api/mis-metodos-pago/{metodoId}]}: eliminar(Integer,HttpServletRequest)
	{GET [/api/mis-metodos-pago]}: listar(HttpServletRequest)
	{POST [/api/mis-metodos-pago]}: crear(MetodoPagoDTO,HttpServletRequest)
	{GET [/api/tipo_metodopago]}: tipos()
2026-06-30 18:52:10 [restartedMain] TRACE o.s.w.s.m.m.a.RequestMappingHandlerMapping - 
	c.e.t.c.MovimientoInventarioController:
	{GET [/api/movimientos]}: listar()
2026-06-30 18:52:10 [restartedMain] TRACE o.s.w.s.m.m.a.RequestMappingHandlerMapping - 
	c.e.t.c.OtpController:
	{POST [/api/otp/recuperar-password]}: recuperarPassword(Map)
	{POST [/api/otp]}: manejar(Map)
2026-06-30 18:52:10 [restartedMain] TRACE o.s.w.s.m.m.a.RequestMappingHandlerMapping - 
	c.e.t.c.PaypalController:
	{POST [/api/pagos/paypal/create-order]}: createOrder(Integer)
	{POST [/api/pagos/paypal/capture]}: captureBody(Integer,CaptureReq)
	{POST [/api/pagos/paypal/capture/{orderId}]}: capturePath(Integer,String,CaptureReq)
2026-06-30 18:52:10 [restartedMain] TRACE o.s.w.s.m.m.a.RequestMappingHandlerMapping - 
	c.e.t.c.ProductoBusquedaController:
	{POST [/api/productos/buscar]}: buscar(Map)
2026-06-30 18:52:10 [restartedMain] TRACE o.s.w.s.m.m.a.RequestMappingHandlerMapping - 
	c.e.t.c.ProductoController:
	{GET [/api/productos]}: listar(Pageable)
	{GET [/api/productos/mas-vendidos]}: masVendidos(int)
2026-06-30 18:52:10 [restartedMain] TRACE o.s.w.s.m.m.a.RequestMappingHandlerMapping - 
	c.e.t.c.ProductoQueryController:
	{GET [/api/productos/{id}]}: detalle(Integer,Integer)
	{GET [/api/productos/por-categoria]}: porCategoria(Integer,Integer)
2026-06-30 18:52:10 [restartedMain] TRACE o.s.w.s.m.m.a.RequestMappingHandlerMapping - 
	c.e.t.c.ProductoSpController:
	{POST [/api/sp/perifericos]}: crearPeriferico(PerifericoCreateRequest,String)
	{DELETE [/api/sp/productos/{id}]}: eliminarProducto(Integer,String)
	{POST [/api/sp/motherboards]}: crearMotherboard(MotherboardCreateRequest,String)
	{POST [/api/sp/cpu-cooler]}: crearCpuCooler(CpuCoolerCreateRequest,String)
	{POST [/api/sp/almacenamientos]}: crearAlmacenamiento(AlmacenamientoCreateRequest,String)
	{POST [/api/sp/cubiertas]}: crearCubierta(CubiertaCreateRequest,String)
	{POST [/api/sp/fuentes]}: crearFuente(FuenteCreateRequest,String)
	{GET [/api/sp/ivas]}: getIvas()
	{POST [/api/sp/ram]}: crearRam(RamCreateRequest,String)
	{POST [/api/sp/gpu]}: crearGpu(GpuCreateRequest,String)
	{POST [/api/sp/cpu]}: crearCpu(CpuCreateRequest,String)
	{PUT [/api/sp/productos/{id}/basico]}: actualizarBasico(Integer,ProductoUpdateBasicoRequest,String)
	{GET [/api/sp/productos/{id}/editar]}: getDetalleEditar(Integer)
2026-06-30 18:52:10 [restartedMain] TRACE o.s.w.s.m.m.a.RequestMappingHandlerMapping - 
	c.e.t.c.ProvinciaController:
	{DELETE [/api/provincias/{id}]}: eliminar(Long)
	{PUT [/api/provincias/{id}]}: actualizar(Long,ProvinciaDTO)
	{GET [/api/provincias]}: listar()
	{POST [/api/provincias]}: crear(ProvinciaDTO)
2026-06-30 18:52:10 [restartedMain] TRACE o.s.w.s.m.m.a.RequestMappingHandlerMapping - 
	c.e.t.c.RecuperarPasswordController:
	{POST [/api/usuarios/recuperar-password]}: recuperar(Map)
2026-06-30 18:52:10 [restartedMain] TRACE o.s.w.s.m.m.a.RequestMappingHandlerMapping - 
	c.e.t.c.SeguridadController:
	{POST [/api/seguridad/cambiar-password-token]}: cambiarPasswordToken(ChangePwdTokenReq)
	{POST [/api/seguridad/cambiar-password]}: cambiarPassword(HttpServletRequest,ChangePwdReq)
2026-06-30 18:52:10 [restartedMain] TRACE o.s.w.s.m.m.a.RequestMappingHandlerMapping - 
	c.e.t.c.SiemController:
	{GET [/api/siem/events]}: getEvents()
	{POST [/api/siem/clear]}: clearEvents()
2026-06-30 18:52:10 [restartedMain] TRACE o.s.w.s.m.m.a.RequestMappingHandlerMapping - 
	c.e.t.c.SpMovimientoController:
	{POST [/api/sp/movimiento-inventario]}: movimientoInventario(Object,String)
2026-06-30 18:52:10 [restartedMain] TRACE o.s.w.s.m.m.a.RequestMappingHandlerMapping - 
	c.e.t.c.SubtipoMovimientoController:
	{GET [/api/subtipos-movimiento]}: listar(Integer)
2026-06-30 18:52:10 [restartedMain] TRACE o.s.w.s.m.m.a.RequestMappingHandlerMapping - 
	c.e.t.c.SugerenciaController:
	{POST [/api/sugerencias/generar]}: generar(Map)
2026-06-30 18:52:10 [restartedMain] TRACE o.s.w.s.m.m.a.RequestMappingHandlerMapping - 
	c.e.t.c.SugerenciasController:
	{GET [/api/sugerencias/{id}]}: get(Integer)
	{GET [/api/usuarios/{usuarioId}/sugerencias/ultima]}: last(Integer)
	{GET [/api/usuarios/{usuarioId}/sugerencias]}: list(Integer,Integer,Integer)
	{DELETE [/api/sugerencias/{id}]}: delete(Integer)
	{PUT [/api/sugerencias/{id}]}: actualizar(Integer,SugerenciaUpdate)
	{POST [/api/sugerencias]}: crear(SugerenciaCreate)
	{POST [/api/sugerencias/full]}: crearFull(Map)
	{POST [/api/sugerencias/{id}:toggle]}: toggle(Integer,ToggleBody)
2026-06-30 18:52:10 [restartedMain] TRACE o.s.w.s.m.m.a.RequestMappingHandlerMapping - 
	c.e.t.c.UsuarioController:
	{GET [/api/usuarios/api/usuarios/me]}: me(HttpServletRequest)
	{GET [/api/usuarios/buscar-min]}: buscarMin(String,Integer,int)
	{PUT [/api/usuarios/admin/{id}]}: actualizarAdmin(Integer,Integer,ClienteUpdateRequest)
	{POST [/api/usuarios/crear]}: crearCliente(UsuarioDTO)
	{PUT [/api/usuarios/cliente/{id}]}: actualizarCliente(Integer,ClienteUpdateRequest)
	{GET [/api/usuarios/buscar]}: buscarPorUsuario(String,Integer,int)
	{POST [/api/usuarios/crear-usuario || /api/usuarios/crear_usuario]}: crearUsuario(UsuarioDTO)
	{POST [/api/usuarios/crear-usuarioAdmin]}: crearAdminOTrabajador(UsuarioDTO)
	{DELETE [/api/usuarios/admin/{id}]}: deshabilitarAdmin(Integer,Integer)
2026-06-30 18:52:10 [restartedMain] TRACE o.s.w.s.m.m.a.RequestMappingHandlerMapping - 
	c.e.t.r.c.ReportController:
	{GET [/api/report/roles/pdf], produces [application/pdf]}: rolesPdf(boolean)
	{GET [/api/report/usuarios/pdf], produces [application/pdf]}: usersPdf(boolean)
	{GET [/api/report/ciudades/pdf], produces [application/pdf]}: citiesPdf(boolean)
	{GET [/api/report/kardex/pdf], produces [application/pdf]}: kardexPdf(String,String,Integer,boolean)
	{GET [/api/report/ordenes/pdf], produces [application/pdf]}: ordersPdf(String,String,boolean)
	{GET [/api/report/admin/pdf], produces [application/pdf]}: adminPdf(String,String,boolean)
	{GET [/api/report/general/pdf], produces [application/pdf]}: generalAll(boolean)
	{GET [/api/report/stock-bajo/pdf], produces [application/pdf]}: lowStockPdf(int,boolean)
	{GET [/api/report/productos/pdf], produces [application/pdf]}: productsPdf(boolean)
	{GET [/api/report/provincias/pdf], produces [application/pdf]}: provincesPdf(boolean)
	{GET [/api/report/general/pdf-range], produces [application/pdf]}: generalByDate(String,String,boolean)
	{GET [/api/report/ventas-producto/pdf], produces [application/pdf]}: salesByProductPdf(String,String,boolean)
	{GET [/api/report/metodos-pago/pdf], produces [application/pdf]}: paymentMethodsPdf(boolean)
2026-06-30 18:52:10 [restartedMain] TRACE o.s.w.s.m.m.a.RequestMappingHandlerMapping - 
	o.s.b.a.w.s.e.BasicErrorController:
	{ [/error]}: error(HttpServletRequest)
	{ [/error], produces [text/html]}: errorHtml(HttpServletRequest,HttpServletResponse)
2026-06-30 18:52:10 [restartedMain] DEBUG o.s.w.s.m.m.a.RequestMappingHandlerMapping - 133 mappings in 'requestMappingHandlerMapping'
2026-06-30 18:52:10 [restartedMain] WARN  o.s.b.a.s.s.UserDetailsServiceAutoConfiguration - 

Using generated security password: 57361059-3e46-4e0c-83dc-691dab023d9d

This generated password is for development use only. Your security configuration must be updated before running your application in production.

2026-06-30 18:52:10 [restartedMain] INFO  o.s.s.c.a.a.c.InitializeUserDetailsBeanManagerConfigurer$InitializeUserDetailsManagerConfigurer - Global AuthenticationManager configured with UserDetailsService bean with name inMemoryUserDetailsManager
2026-06-30 18:52:11 [restartedMain] INFO  o.s.b.d.a.OptionalLiveReloadServer - LiveReload server is running on port 35729
2026-06-30 18:52:11 [restartedMain] INFO  o.a.coyote.http11.Http11NioProtocol - Starting ProtocolHandler ["http-nio-8080"]
2026-06-30 18:52:11 [restartedMain] INFO  o.s.b.w.e.tomcat.TomcatWebServer - Tomcat started on port 8080 (http) with context path '/'
2026-06-30 18:52:11 [restartedMain] INFO  c.e.t.TiendaTechApplication - Started TiendaTechApplication in 4.026 seconds (process running for 4.624)
2026-06-30 18:52:13 [http-nio-8080-exec-1] INFO  o.a.c.c.C.[Tomcat].[localhost].[/] - Initializing Spring DispatcherServlet 'dispatcherServlet'
2026-06-30 18:52:13 [http-nio-8080-exec-1] INFO  o.s.web.servlet.DispatcherServlet - Initializing Servlet 'dispatcherServlet'
2026-06-30 18:52:13 [http-nio-8080-exec-1] TRACE o.s.web.servlet.DispatcherServlet - Detected org.springframework.web.multipart.support.StandardServletMultipartResolver@63a346f7
2026-06-30 18:52:13 [http-nio-8080-exec-1] TRACE o.s.web.servlet.DispatcherServlet - Detected org.springframework.web.servlet.i18n.AcceptHeaderLocaleResolver@6cc8e730
2026-06-30 18:52:13 [http-nio-8080-exec-1] TRACE o.s.web.servlet.DispatcherServlet - Detected org.springframework.web.servlet.theme.FixedThemeResolver@17aeb348
2026-06-30 18:52:13 [http-nio-8080-exec-1] TRACE o.s.web.servlet.DispatcherServlet - Detected DefaultRequestToViewNameTranslator
2026-06-30 18:52:13 [http-nio-8080-exec-1] TRACE o.s.web.servlet.DispatcherServlet - Detected SessionFlashMapManager
2026-06-30 18:52:13 [http-nio-8080-exec-1] DEBUG o.s.web.servlet.DispatcherServlet - enableLoggingRequestDetails='false': request parameters and headers will be masked to prevent unsafe logging of potentially sensitive data
2026-06-30 18:52:13 [http-nio-8080-exec-1] INFO  o.s.web.servlet.DispatcherServlet - Completed initialization in 1 ms
2026-06-30 18:52:13 [http-nio-8080-exec-1] TRACE o.s.web.servlet.DispatcherServlet - GET "/cuenta.html", parameters={}, headers={masked} in DispatcherServlet 'dispatcherServlet'
2026-06-30 18:52:13 [http-nio-8080-exec-1] TRACE o.s.web.servlet.DispatcherServlet - No view rendering, null ModelAndView returned.
2026-06-30 18:52:13 [http-nio-8080-exec-1] DEBUG o.s.web.servlet.DispatcherServlet - Completed 200 OK, headers={masked}
2026-06-30 18:52:13 [http-nio-8080-exec-3] TRACE o.s.web.servlet.DispatcherServlet - GET "/css/styleClaroMenu.css", parameters={}, headers={masked} in DispatcherServlet 'dispatcherServlet'
2026-06-30 18:52:13 [http-nio-8080-exec-3] TRACE o.s.web.servlet.DispatcherServlet - No view rendering, null ModelAndView returned.
2026-06-30 18:52:13 [http-nio-8080-exec-3] DEBUG o.s.web.servlet.DispatcherServlet - Completed 200 OK, headers={masked}
2026-06-30 18:52:13 [http-nio-8080-exec-2] TRACE o.s.web.servlet.DispatcherServlet - GET "/js/auth-menu.js?v=8", parameters={masked}, headers={masked} in DispatcherServlet 'dispatcherServlet'
2026-06-30 18:52:13 [http-nio-8080-exec-2] TRACE o.s.web.servlet.DispatcherServlet - No view rendering, null ModelAndView returned.
2026-06-30 18:52:13 [http-nio-8080-exec-2] DEBUG o.s.web.servlet.DispatcherServlet - Completed 200 OK, headers={masked}
2026-06-30 18:52:13 [http-nio-8080-exec-5] TRACE o.s.web.servlet.DispatcherServlet - GET "/api/usuarios/me", parameters={}, headers={masked} in DispatcherServlet 'dispatcherServlet'
2026-06-30 18:52:13 [http-nio-8080-exec-4] TRACE o.s.web.servlet.DispatcherServlet - GET "/assets/avatars/defaults/user.png", parameters={}, headers={masked} in DispatcherServlet 'dispatcherServlet'
2026-06-30 18:52:13 [http-nio-8080-exec-4] TRACE o.s.web.servlet.DispatcherServlet - No view rendering, null ModelAndView returned.
2026-06-30 18:52:13 [http-nio-8080-exec-4] DEBUG o.s.web.servlet.DispatcherServlet - Completed 200 OK, headers={masked}
2026-06-30 18:52:13 [http-nio-8080-exec-4] TRACE o.s.web.servlet.DispatcherServlet - GET "/api/tipo_metodopago", parameters={}, headers={masked} in DispatcherServlet 'dispatcherServlet'
2026-06-30 18:52:13 [http-nio-8080-exec-4] TRACE o.s.w.s.m.m.a.RequestMappingHandlerMapping - Mapped to com.example.tienda_tech.controller.MetodoPagoController#tipos()
2026-06-30 18:52:13 [http-nio-8080-exec-5] ERROR c.e.tienda_tech.advice.ApiErrors - [GET /api/usuarios/me] Unhandled exception
org.springframework.web.servlet.resource.NoResourceFoundException: No static resource api/usuarios/me.
	at org.springframework.web.servlet.resource.ResourceHttpRequestHandler.handleRequest(ResourceHttpRequestHandler.java:585)
	at org.springframework.web.servlet.mvc.HttpRequestHandlerAdapter.handle(HttpRequestHandlerAdapter.java:52)
	at org.springframework.web.servlet.DispatcherServlet.doDispatch(DispatcherServlet.java:1089)
	at org.springframework.web.servlet.DispatcherServlet.doService(DispatcherServlet.java:979)
	at org.springframework.web.servlet.FrameworkServlet.processRequest(FrameworkServlet.java:1014)
	at org.springframework.web.servlet.FrameworkServlet.doGet(FrameworkServlet.java:903)
	at jakarta.servlet.http.HttpServlet.service(HttpServlet.java:564)
	at org.springframework.web.servlet.FrameworkServlet.service(FrameworkServlet.java:885)
	at jakarta.servlet.http.HttpServlet.service(HttpServlet.java:658)
	at org.apache.catalina.core.ApplicationFilterChain.internalDoFilter(ApplicationFilterChain.java:195)
	at org.apache.catalina.core.ApplicationFilterChain.doFilter(ApplicationFilterChain.java:140)
	at org.apache.tomcat.websocket.server.WsFilter.doFilter(WsFilter.java:51)
	at org.apache.catalina.core.ApplicationFilterChain.internalDoFilter(ApplicationFilterChain.java:164)
	at org.apache.catalina.core.ApplicationFilterChain.doFilter(ApplicationFilterChain.java:140)
	at org.springframework.web.filter.CompositeFilter$VirtualFilterChain.doFilter(CompositeFilter.java:108)
	at org.springframework.web.filter.CompositeFilter$VirtualFilterChain.doFilter(CompositeFilter.java:108)
	at org.springframework.security.web.FilterChainProxy.lambda$doFilterInternal$3(FilterChainProxy.java:231)
	at org.springframework.security.web.FilterChainProxy$VirtualFilterChain.doFilter(FilterChainProxy.java:365)
	at org.springframework.security.web.access.intercept.AuthorizationFilter.doFilter(AuthorizationFilter.java:101)
	at org.springframework.security.web.FilterChainProxy$VirtualFilterChain.doFilter(FilterChainProxy.java:374)
	at org.springframework.security.web.access.ExceptionTranslationFilter.doFilter(ExceptionTranslationFilter.java:125)
	at org.springframework.security.web.access.ExceptionTranslationFilter.doFilter(ExceptionTranslationFilter.java:119)
	at org.springframework.security.web.FilterChainProxy$VirtualFilterChain.doFilter(FilterChainProxy.java:374)
	at org.springframework.security.web.authentication.AnonymousAuthenticationFilter.doFilter(AnonymousAuthenticationFilter.java:100)
	at org.springframework.security.web.FilterChainProxy$VirtualFilterChain.doFilter(FilterChainProxy.java:374)
	at org.springframework.security.web.servletapi.SecurityContextHolderAwareRequestFilter.doFilter(SecurityContextHolderAwareRequestFilter.java:179)
	at org.springframework.security.web.FilterChainProxy$VirtualFilterChain.doFilter(FilterChainProxy.java:374)
	at org.springframework.security.web.savedrequest.RequestCacheAwareFilter.doFilter(RequestCacheAwareFilter.java:63)
	at org.springframework.security.web.FilterChainProxy$VirtualFilterChain.doFilter(FilterChainProxy.java:374)
	at org.springframework.security.web.authentication.logout.LogoutFilter.doFilter(LogoutFilter.java:107)
	at org.springframework.security.web.authentication.logout.LogoutFilter.doFilter(LogoutFilter.java:93)
	at org.springframework.security.web.FilterChainProxy$VirtualFilterChain.doFilter(FilterChainProxy.java:374)
	at org.springframework.web.filter.CorsFilter.doFilterInternal(CorsFilter.java:91)
	at org.springframework.web.filter.OncePerRequestFilter.doFilter(OncePerRequestFilter.java:116)
	at org.springframework.security.web.FilterChainProxy$VirtualFilterChain.doFilter(FilterChainProxy.java:374)
	at org.springframework.security.web.header.HeaderWriterFilter.doHeadersAfter(HeaderWriterFilter.java:90)
	at org.springframework.security.web.header.HeaderWriterFilter.doFilterInternal(HeaderWriterFilter.java:75)
	at org.springframework.web.filter.OncePerRequestFilter.doFilter(OncePerRequestFilter.java:116)
	at org.springframework.security.web.FilterChainProxy$VirtualFilterChain.doFilter(FilterChainProxy.java:374)
	at org.springframework.security.web.context.SecurityContextHolderFilter.doFilter(SecurityContextHolderFilter.java:82)
	at org.springframework.security.web.context.SecurityContextHolderFilter.doFilter(SecurityContextHolderFilter.java:69)
	at org.springframework.security.web.FilterChainProxy$VirtualFilterChain.doFilter(FilterChainProxy.java:374)
	at org.springframework.security.web.context.request.async.WebAsyncManagerIntegrationFilter.doFilterInternal(WebAsyncManagerIntegrationFilter.java:62)
	at org.springframework.web.filter.OncePerRequestFilter.doFilter(OncePerRequestFilter.java:116)
	at org.springframework.security.web.FilterChainProxy$VirtualFilterChain.doFilter(FilterChainProxy.java:374)
	at org.springframework.security.web.session.DisableEncodeUrlFilter.doFilterInternal(DisableEncodeUrlFilter.java:42)
	at org.springframework.web.filter.OncePerRequestFilter.doFilter(OncePerRequestFilter.java:116)
	at org.springframework.security.web.FilterChainProxy$VirtualFilterChain.doFilter(FilterChainProxy.java:374)
	at org.springframework.security.web.FilterChainProxy.doFilterInternal(FilterChainProxy.java:233)
	at org.springframework.security.web.FilterChainProxy.doFilter(FilterChainProxy.java:191)
	at org.springframework.web.filter.CompositeFilter$VirtualFilterChain.doFilter(CompositeFilter.java:113)
	at org.springframework.web.filter.ServletRequestPathFilter.doFilter(ServletRequestPathFilter.java:52)
	at org.springframework.web.filter.CompositeFilter$VirtualFilterChain.doFilter(CompositeFilter.java:113)
	at org.springframework.web.filter.CompositeFilter.doFilter(CompositeFilter.java:74)
	at org.springframework.security.config.annotation.web.configuration.WebSecurityConfiguration$CompositeFilterChainProxy.doFilter(WebSecurityConfiguration.java:319)
	at org.springframework.web.filter.CompositeFilter$VirtualFilterChain.doFilter(CompositeFilter.java:113)
	at org.springframework.web.servlet.handler.HandlerMappingIntrospector.lambda$createCacheFilter$4(HandlerMappingIntrospector.java:267)
	at org.springframework.web.filter.CompositeFilter$VirtualFilterChain.doFilter(CompositeFilter.java:113)
	at org.springframework.web.filter.CompositeFilter.doFilter(CompositeFilter.java:74)
	at org.springframework.security.config.annotation.web.configuration.WebMvcSecurityConfiguration$CompositeFilterChainProxy.doFilter(WebMvcSecurityConfiguration.java:240)
	at org.springframework.web.filter.DelegatingFilterProxy.invokeDelegate(DelegatingFilterProxy.java:362)
	at org.springframework.web.filter.DelegatingFilterProxy.doFilter(DelegatingFilterProxy.java:278)
	at org.apache.catalina.core.ApplicationFilterChain.internalDoFilter(ApplicationFilterChain.java:164)
	at org.apache.catalina.core.ApplicationFilterChain.doFilter(ApplicationFilterChain.java:140)
	at org.springframework.web.filter.RequestContextFilter.doFilterInternal(RequestContextFilter.java:100)
	at org.springframework.web.filter.OncePerRequestFilter.doFilter(OncePerRequestFilter.java:116)
	at org.apache.catalina.core.ApplicationFilterChain.internalDoFilter(ApplicationFilterChain.java:164)
	at org.apache.catalina.core.ApplicationFilterChain.doFilter(ApplicationFilterChain.java:140)
	at org.springframework.web.filter.FormContentFilter.doFilterInternal(FormContentFilter.java:93)
	at org.springframework.web.filter.OncePerRequestFilter.doFilter(OncePerRequestFilter.java:116)
	at org.apache.catalina.core.ApplicationFilterChain.internalDoFilter(ApplicationFilterChain.java:164)
	at org.apache.catalina.core.ApplicationFilterChain.doFilter(ApplicationFilterChain.java:140)
	at org.springframework.web.filter.CharacterEncodingFilter.doFilterInternal(CharacterEncodingFilter.java:201)
	at org.springframework.web.filter.OncePerRequestFilter.doFilter(OncePerRequestFilter.java:116)
	at org.apache.catalina.core.ApplicationFilterChain.internalDoFilter(ApplicationFilterChain.java:164)
	at org.apache.catalina.core.ApplicationFilterChain.doFilter(ApplicationFilterChain.java:140)
	at org.apache.catalina.core.StandardWrapperValve.invoke(StandardWrapperValve.java:167)
	at org.apache.catalina.core.StandardContextValve.invoke(StandardContextValve.java:90)
	at org.apache.catalina.authenticator.AuthenticatorBase.invoke(AuthenticatorBase.java:483)
	at org.apache.catalina.core.StandardHostValve.invoke(StandardHostValve.java:116)
	at org.apache.catalina.valves.ErrorReportValve.invoke(ErrorReportValve.java:93)
	at org.apache.catalina.core.StandardEngineValve.invoke(StandardEngineValve.java:74)
	at org.apache.catalina.connector.CoyoteAdapter.service(CoyoteAdapter.java:344)
	at org.apache.coyote.http11.Http11Processor.service(Http11Processor.java:398)
	at org.apache.coyote.AbstractProcessorLight.process(AbstractProcessorLight.java:63)
	at org.apache.coyote.AbstractProtocol$ConnectionHandler.process(AbstractProtocol.java:903)
	at org.apache.tomcat.util.net.NioEndpoint$SocketProcessor.doRun(NioEndpoint.java:1769)
	at org.apache.tomcat.util.net.SocketProcessorBase.run(SocketProcessorBase.java:52)
	at org.apache.tomcat.util.threads.ThreadPoolExecutor.runWorker(ThreadPoolExecutor.java:1189)
	at org.apache.tomcat.util.threads.ThreadPoolExecutor$Worker.run(ThreadPoolExecutor.java:658)
	at org.apache.tomcat.util.threads.TaskThread$WrappingRunnable.run(TaskThread.java:63)
	at java.base/java.lang.Thread.run(Thread.java:1447)
2026-06-30 18:52:13 [http-nio-8080-exec-8] TRACE o.s.web.servlet.DispatcherServlet - GET "/api/ciudades", parameters={}, headers={masked} in DispatcherServlet 'dispatcherServlet'
2026-06-30 18:52:13 [http-nio-8080-exec-8] TRACE o.s.w.s.m.m.a.RequestMappingHandlerMapping - Mapped to com.example.tienda_tech.controller.CiudadController#listar()
2026-06-30 18:52:13 [http-nio-8080-exec-7] TRACE o.s.web.servlet.DispatcherServlet - GET "/api/usuarios/2/direcciones", parameters={}, headers={masked} in DispatcherServlet 'dispatcherServlet'
2026-06-30 18:52:13 [http-nio-8080-exec-7] TRACE o.s.w.s.m.m.a.RequestMappingHandlerMapping - Mapped to com.example.tienda_tech.controller.DireccionController#listar(Integer, String)
2026-06-30 18:52:13 [http-nio-8080-exec-5] WARN  o.s.w.s.m.m.a.ExceptionHandlerExceptionResolver - Resolved [org.springframework.web.servlet.resource.NoResourceFoundException: No static resource api/usuarios/me.]
2026-06-30 18:52:13 [http-nio-8080-exec-5] TRACE o.s.web.servlet.DispatcherServlet - No view rendering, null ModelAndView returned.
2026-06-30 18:52:13 [http-nio-8080-exec-5] DEBUG o.s.web.servlet.DispatcherServlet - Completed 500 INTERNAL_SERVER_ERROR, headers={masked}
2026-06-30 18:52:13 [http-nio-8080-exec-6] TRACE o.s.web.servlet.DispatcherServlet - GET "/api/usuarios/2", parameters={}, headers={masked} in DispatcherServlet 'dispatcherServlet'
2026-06-30 18:52:13 [http-nio-8080-exec-6] ERROR c.e.tienda_tech.advice.ApiErrors - [GET /api/usuarios/2] Unhandled exception
org.springframework.web.servlet.resource.NoResourceFoundException: No static resource api/usuarios/2.
	at org.springframework.web.servlet.resource.ResourceHttpRequestHandler.handleRequest(ResourceHttpRequestHandler.java:585)
	at org.springframework.web.servlet.mvc.HttpRequestHandlerAdapter.handle(HttpRequestHandlerAdapter.java:52)
	at org.springframework.web.servlet.DispatcherServlet.doDispatch(DispatcherServlet.java:1089)
	at org.springframework.web.servlet.DispatcherServlet.doService(DispatcherServlet.java:979)
	at org.springframework.web.servlet.FrameworkServlet.processRequest(FrameworkServlet.java:1014)
	at org.springframework.web.servlet.FrameworkServlet.doGet(FrameworkServlet.java:903)
	at jakarta.servlet.http.HttpServlet.service(HttpServlet.java:564)
	at org.springframework.web.servlet.FrameworkServlet.service(FrameworkServlet.java:885)
	at jakarta.servlet.http.HttpServlet.service(HttpServlet.java:658)
	at org.apache.catalina.core.ApplicationFilterChain.internalDoFilter(ApplicationFilterChain.java:195)
	at org.apache.catalina.core.ApplicationFilterChain.doFilter(ApplicationFilterChain.java:140)
	at org.apache.tomcat.websocket.server.WsFilter.doFilter(WsFilter.java:51)
	at org.apache.catalina.core.ApplicationFilterChain.internalDoFilter(ApplicationFilterChain.java:164)
	at org.apache.catalina.core.ApplicationFilterChain.doFilter(ApplicationFilterChain.java:140)
	at org.springframework.web.filter.CompositeFilter$VirtualFilterChain.doFilter(CompositeFilter.java:108)
	at org.springframework.web.filter.CompositeFilter$VirtualFilterChain.doFilter(CompositeFilter.java:108)
	at org.springframework.security.web.FilterChainProxy.lambda$doFilterInternal$3(FilterChainProxy.java:231)
	at org.springframework.security.web.FilterChainProxy$VirtualFilterChain.doFilter(FilterChainProxy.java:365)
	at org.springframework.security.web.access.intercept.AuthorizationFilter.doFilter(AuthorizationFilter.java:101)
	at org.springframework.security.web.FilterChainProxy$VirtualFilterChain.doFilter(FilterChainProxy.java:374)
	at org.springframework.security.web.access.ExceptionTranslationFilter.doFilter(ExceptionTranslationFilter.java:125)
	at org.springframework.security.web.access.ExceptionTranslationFilter.doFilter(ExceptionTranslationFilter.java:119)
	at org.springframework.security.web.FilterChainProxy$VirtualFilterChain.doFilter(FilterChainProxy.java:374)
	at org.springframework.security.web.authentication.AnonymousAuthenticationFilter.doFilter(AnonymousAuthenticationFilter.java:100)
	at org.springframework.security.web.FilterChainProxy$VirtualFilterChain.doFilter(FilterChainProxy.java:374)
	at org.springframework.security.web.servletapi.SecurityContextHolderAwareRequestFilter.doFilter(SecurityContextHolderAwareRequestFilter.java:179)
	at org.springframework.security.web.FilterChainProxy$VirtualFilterChain.doFilter(FilterChainProxy.java:374)
	at org.springframework.security.web.savedrequest.RequestCacheAwareFilter.doFilter(RequestCacheAwareFilter.java:63)
	at org.springframework.security.web.FilterChainProxy$VirtualFilterChain.doFilter(FilterChainProxy.java:374)
	at org.springframework.security.web.authentication.logout.LogoutFilter.doFilter(LogoutFilter.java:107)
	at org.springframework.security.web.authentication.logout.LogoutFilter.doFilter(LogoutFilter.java:93)
	at org.springframework.security.web.FilterChainProxy$VirtualFilterChain.doFilter(FilterChainProxy.java:374)
	at org.springframework.web.filter.CorsFilter.doFilterInternal(CorsFilter.java:91)
	at org.springframework.web.filter.OncePerRequestFilter.doFilter(OncePerRequestFilter.java:116)
	at org.springframework.security.web.FilterChainProxy$VirtualFilterChain.doFilter(FilterChainProxy.java:374)
	at org.springframework.security.web.header.HeaderWriterFilter.doHeadersAfter(HeaderWriterFilter.java:90)
	at org.springframework.security.web.header.HeaderWriterFilter.doFilterInternal(HeaderWriterFilter.java:75)
	at org.springframework.web.filter.OncePerRequestFilter.doFilter(OncePerRequestFilter.java:116)
	at org.springframework.security.web.FilterChainProxy$VirtualFilterChain.doFilter(FilterChainProxy.java:374)
	at org.springframework.security.web.context.SecurityContextHolderFilter.doFilter(SecurityContextHolderFilter.java:82)
	at org.springframework.security.web.context.SecurityContextHolderFilter.doFilter(SecurityContextHolderFilter.java:69)
	at org.springframework.security.web.FilterChainProxy$VirtualFilterChain.doFilter(FilterChainProxy.java:374)
	at org.springframework.security.web.context.request.async.WebAsyncManagerIntegrationFilter.doFilterInternal(WebAsyncManagerIntegrationFilter.java:62)
	at org.springframework.web.filter.OncePerRequestFilter.doFilter(OncePerRequestFilter.java:116)
	at org.springframework.security.web.FilterChainProxy$VirtualFilterChain.doFilter(FilterChainProxy.java:374)
	at org.springframework.security.web.session.DisableEncodeUrlFilter.doFilterInternal(DisableEncodeUrlFilter.java:42)
	at org.springframework.web.filter.OncePerRequestFilter.doFilter(OncePerRequestFilter.java:116)
	at org.springframework.security.web.FilterChainProxy$VirtualFilterChain.doFilter(FilterChainProxy.java:374)
	at org.springframework.security.web.FilterChainProxy.doFilterInternal(FilterChainProxy.java:233)
	at org.springframework.security.web.FilterChainProxy.doFilter(FilterChainProxy.java:191)
	at org.springframework.web.filter.CompositeFilter$VirtualFilterChain.doFilter(CompositeFilter.java:113)
	at org.springframework.web.filter.ServletRequestPathFilter.doFilter(ServletRequestPathFilter.java:52)
	at org.springframework.web.filter.CompositeFilter$VirtualFilterChain.doFilter(CompositeFilter.java:113)
	at org.springframework.web.filter.CompositeFilter.doFilter(CompositeFilter.java:74)
	at org.springframework.security.config.annotation.web.configuration.WebSecurityConfiguration$CompositeFilterChainProxy.doFilter(WebSecurityConfiguration.java:319)
	at org.springframework.web.filter.CompositeFilter$VirtualFilterChain.doFilter(CompositeFilter.java:113)
	at org.springframework.web.servlet.handler.HandlerMappingIntrospector.lambda$createCacheFilter$4(HandlerMappingIntrospector.java:267)
	at org.springframework.web.filter.CompositeFilter$VirtualFilterChain.doFilter(CompositeFilter.java:113)
	at org.springframework.web.filter.CompositeFilter.doFilter(CompositeFilter.java:74)
	at org.springframework.security.config.annotation.web.configuration.WebMvcSecurityConfiguration$CompositeFilterChainProxy.doFilter(WebMvcSecurityConfiguration.java:240)
	at org.springframework.web.filter.DelegatingFilterProxy.invokeDelegate(DelegatingFilterProxy.java:362)
	at org.springframework.web.filter.DelegatingFilterProxy.doFilter(DelegatingFilterProxy.java:278)
	at org.apache.catalina.core.ApplicationFilterChain.internalDoFilter(ApplicationFilterChain.java:164)
	at org.apache.catalina.core.ApplicationFilterChain.doFilter(ApplicationFilterChain.java:140)
	at org.springframework.web.filter.RequestContextFilter.doFilterInternal(RequestContextFilter.java:100)
	at org.springframework.web.filter.OncePerRequestFilter.doFilter(OncePerRequestFilter.java:116)
	at org.apache.catalina.core.ApplicationFilterChain.internalDoFilter(ApplicationFilterChain.java:164)
	at org.apache.catalina.core.ApplicationFilterChain.doFilter(ApplicationFilterChain.java:140)
	at org.springframework.web.filter.FormContentFilter.doFilterInternal(FormContentFilter.java:93)
	at org.springframework.web.filter.OncePerRequestFilter.doFilter(OncePerRequestFilter.java:116)
	at org.apache.catalina.core.ApplicationFilterChain.internalDoFilter(ApplicationFilterChain.java:164)
	at org.apache.catalina.core.ApplicationFilterChain.doFilter(ApplicationFilterChain.java:140)
	at org.springframework.web.filter.CharacterEncodingFilter.doFilterInternal(CharacterEncodingFilter.java:201)
	at org.springframework.web.filter.OncePerRequestFilter.doFilter(OncePerRequestFilter.java:116)
	at org.apache.catalina.core.ApplicationFilterChain.internalDoFilter(ApplicationFilterChain.java:164)
	at org.apache.catalina.core.ApplicationFilterChain.doFilter(ApplicationFilterChain.java:140)
	at org.apache.catalina.core.StandardWrapperValve.invoke(StandardWrapperValve.java:167)
	at org.apache.catalina.core.StandardContextValve.invoke(StandardContextValve.java:90)
	at org.apache.catalina.authenticator.AuthenticatorBase.invoke(AuthenticatorBase.java:483)
	at org.apache.catalina.core.StandardHostValve.invoke(StandardHostValve.java:116)
	at org.apache.catalina.valves.ErrorReportValve.invoke(ErrorReportValve.java:93)
	at org.apache.catalina.core.StandardEngineValve.invoke(StandardEngineValve.java:74)
	at org.apache.catalina.connector.CoyoteAdapter.service(CoyoteAdapter.java:344)
	at org.apache.coyote.http11.Http11Processor.service(Http11Processor.java:398)
	at org.apache.coyote.AbstractProcessorLight.process(AbstractProcessorLight.java:63)
	at org.apache.coyote.AbstractProtocol$ConnectionHandler.process(AbstractProtocol.java:903)
	at org.apache.tomcat.util.net.NioEndpoint$SocketProcessor.doRun(NioEndpoint.java:1769)
	at org.apache.tomcat.util.net.SocketProcessorBase.run(SocketProcessorBase.java:52)
	at org.apache.tomcat.util.threads.ThreadPoolExecutor.runWorker(ThreadPoolExecutor.java:1189)
	at org.apache.tomcat.util.threads.ThreadPoolExecutor$Worker.run(ThreadPoolExecutor.java:658)
	at org.apache.tomcat.util.threads.TaskThread$WrappingRunnable.run(TaskThread.java:63)
	at java.base/java.lang.Thread.run(Thread.java:1447)
2026-06-30 18:52:13 [http-nio-8080-exec-6] WARN  o.s.w.s.m.m.a.ExceptionHandlerExceptionResolver - Resolved [org.springframework.web.servlet.resource.NoResourceFoundException: No static resource api/usuarios/2.]
2026-06-30 18:52:13 [http-nio-8080-exec-6] TRACE o.s.web.servlet.DispatcherServlet - No view rendering, null ModelAndView returned.
2026-06-30 18:52:13 [http-nio-8080-exec-6] DEBUG o.s.web.servlet.DispatcherServlet - Completed 500 INTERNAL_SERVER_ERROR, headers={masked}
2026-06-30 18:52:13 [http-nio-8080-exec-7] TRACE o.s.web.servlet.DispatcherServlet - No view rendering, null ModelAndView returned.
2026-06-30 18:52:13 [http-nio-8080-exec-8] TRACE o.s.web.servlet.DispatcherServlet - No view rendering, null ModelAndView returned.
2026-06-30 18:52:13 [http-nio-8080-exec-4] TRACE o.s.web.servlet.DispatcherServlet - No view rendering, null ModelAndView returned.
2026-06-30 18:52:13 [http-nio-8080-exec-8] DEBUG o.s.web.servlet.DispatcherServlet - Completed 200 OK, headers={masked}
2026-06-30 18:52:13 [http-nio-8080-exec-7] DEBUG o.s.web.servlet.DispatcherServlet - Completed 200 OK, headers={masked}
2026-06-30 18:52:13 [http-nio-8080-exec-4] DEBUG o.s.web.servlet.DispatcherServlet - Completed 200 OK, headers={masked}
2026-06-30 18:52:13 [http-nio-8080-exec-9] TRACE o.s.web.servlet.DispatcherServlet - GET "/uploads/avatars/2/avatar.png?t=1782863533690", parameters={masked}, headers={masked} in DispatcherServlet 'dispatcherServlet'
2026-06-30 18:52:13 [http-nio-8080-exec-10] TRACE o.s.web.servlet.DispatcherServlet - GET "/api/mis-metodos-pago", parameters={}, headers={masked} in DispatcherServlet 'dispatcherServlet'
2026-06-30 18:52:13 [http-nio-8080-exec-9] ERROR c.e.tienda_tech.advice.ApiErrors - [GET /uploads/avatars/2/avatar.png] Unhandled exception
org.springframework.web.servlet.resource.NoResourceFoundException: No static resource avatars/2/avatar.png.
	at org.springframework.web.servlet.resource.ResourceHttpRequestHandler.handleRequest(ResourceHttpRequestHandler.java:585)
	at org.springframework.web.servlet.mvc.HttpRequestHandlerAdapter.handle(HttpRequestHandlerAdapter.java:52)
	at org.springframework.web.servlet.DispatcherServlet.doDispatch(DispatcherServlet.java:1089)
	at org.springframework.web.servlet.DispatcherServlet.doService(DispatcherServlet.java:979)
	at org.springframework.web.servlet.FrameworkServlet.processRequest(FrameworkServlet.java:1014)
	at org.springframework.web.servlet.FrameworkServlet.doGet(FrameworkServlet.java:903)
	at jakarta.servlet.http.HttpServlet.service(HttpServlet.java:564)
	at org.springframework.web.servlet.FrameworkServlet.service(FrameworkServlet.java:885)
	at jakarta.servlet.http.HttpServlet.service(HttpServlet.java:658)
	at org.apache.catalina.core.ApplicationFilterChain.internalDoFilter(ApplicationFilterChain.java:195)
	at org.apache.catalina.core.ApplicationFilterChain.doFilter(ApplicationFilterChain.java:140)
	at org.apache.tomcat.websocket.server.WsFilter.doFilter(WsFilter.java:51)
	at org.apache.catalina.core.ApplicationFilterChain.internalDoFilter(ApplicationFilterChain.java:164)
	at org.apache.catalina.core.ApplicationFilterChain.doFilter(ApplicationFilterChain.java:140)
	at org.springframework.web.filter.CompositeFilter$VirtualFilterChain.doFilter(CompositeFilter.java:108)
	at org.springframework.web.filter.CompositeFilter$VirtualFilterChain.doFilter(CompositeFilter.java:108)
	at org.springframework.security.web.FilterChainProxy.lambda$doFilterInternal$3(FilterChainProxy.java:231)
	at org.springframework.security.web.FilterChainProxy$VirtualFilterChain.doFilter(FilterChainProxy.java:365)
	at org.springframework.security.web.access.intercept.AuthorizationFilter.doFilter(AuthorizationFilter.java:101)
	at org.springframework.security.web.FilterChainProxy$VirtualFilterChain.doFilter(FilterChainProxy.java:374)
	at org.springframework.security.web.access.ExceptionTranslationFilter.doFilter(ExceptionTranslationFilter.java:125)
	at org.springframework.security.web.access.ExceptionTranslationFilter.doFilter(ExceptionTranslationFilter.java:119)
	at org.springframework.security.web.FilterChainProxy$VirtualFilterChain.doFilter(FilterChainProxy.java:374)
	at org.springframework.security.web.authentication.AnonymousAuthenticationFilter.doFilter(AnonymousAuthenticationFilter.java:100)
	at org.springframework.security.web.FilterChainProxy$VirtualFilterChain.doFilter(FilterChainProxy.java:374)
	at org.springframework.security.web.servletapi.SecurityContextHolderAwareRequestFilter.doFilter(SecurityContextHolderAwareRequestFilter.java:179)
	at org.springframework.security.web.FilterChainProxy$VirtualFilterChain.doFilter(FilterChainProxy.java:374)
	at org.springframework.security.web.savedrequest.RequestCacheAwareFilter.doFilter(RequestCacheAwareFilter.java:63)
	at org.springframework.security.web.FilterChainProxy$VirtualFilterChain.doFilter(FilterChainProxy.java:374)
	at org.springframework.security.web.authentication.logout.LogoutFilter.doFilter(LogoutFilter.java:107)
	at org.springframework.security.web.authentication.logout.LogoutFilter.doFilter(LogoutFilter.java:93)
	at org.springframework.security.web.FilterChainProxy$VirtualFilterChain.doFilter(FilterChainProxy.java:374)
	at org.springframework.web.filter.CorsFilter.doFilterInternal(CorsFilter.java:91)
	at org.springframework.web.filter.OncePerRequestFilter.doFilter(OncePerRequestFilter.java:116)
	at org.springframework.security.web.FilterChainProxy$VirtualFilterChain.doFilter(FilterChainProxy.java:374)
	at org.springframework.security.web.header.HeaderWriterFilter.doHeadersAfter(HeaderWriterFilter.java:90)
	at org.springframework.security.web.header.HeaderWriterFilter.doFilterInternal(HeaderWriterFilter.java:75)
	at org.springframework.web.filter.OncePerRequestFilter.doFilter(OncePerRequestFilter.java:116)
	at org.springframework.security.web.FilterChainProxy$VirtualFilterChain.doFilter(FilterChainProxy.java:374)
	at org.springframework.security.web.context.SecurityContextHolderFilter.doFilter(SecurityContextHolderFilter.java:82)
	at org.springframework.security.web.context.SecurityContextHolderFilter.doFilter(SecurityContextHolderFilter.java:69)
	at org.springframework.security.web.FilterChainProxy$VirtualFilterChain.doFilter(FilterChainProxy.java:374)
	at org.springframework.security.web.context.request.async.WebAsyncManagerIntegrationFilter.doFilterInternal(WebAsyncManagerIntegrationFilter.java:62)
	at org.springframework.web.filter.OncePerRequestFilter.doFilter(OncePerRequestFilter.java:116)
	at org.springframework.security.web.FilterChainProxy$VirtualFilterChain.doFilter(FilterChainProxy.java:374)
	at org.springframework.security.web.session.DisableEncodeUrlFilter.doFilterInternal(DisableEncodeUrlFilter.java:42)
	at org.springframework.web.filter.OncePerRequestFilter.doFilter(OncePerRequestFilter.java:116)
	at org.springframework.security.web.FilterChainProxy$VirtualFilterChain.doFilter(FilterChainProxy.java:374)
	at org.springframework.security.web.FilterChainProxy.doFilterInternal(FilterChainProxy.java:233)
	at org.springframework.security.web.FilterChainProxy.doFilter(FilterChainProxy.java:191)
	at org.springframework.web.filter.CompositeFilter$VirtualFilterChain.doFilter(CompositeFilter.java:113)
	at org.springframework.web.filter.ServletRequestPathFilter.doFilter(ServletRequestPathFilter.java:52)
	at org.springframework.web.filter.CompositeFilter$VirtualFilterChain.doFilter(CompositeFilter.java:113)
	at org.springframework.web.filter.CompositeFilter.doFilter(CompositeFilter.java:74)
	at org.springframework.security.config.annotation.web.configuration.WebSecurityConfiguration$CompositeFilterChainProxy.doFilter(WebSecurityConfiguration.java:319)
	at org.springframework.web.filter.CompositeFilter$VirtualFilterChain.doFilter(CompositeFilter.java:113)
	at org.springframework.web.servlet.handler.HandlerMappingIntrospector.lambda$createCacheFilter$4(HandlerMappingIntrospector.java:267)
	at org.springframework.web.filter.CompositeFilter$VirtualFilterChain.doFilter(CompositeFilter.java:113)
	at org.springframework.web.filter.CompositeFilter.doFilter(CompositeFilter.java:74)
	at org.springframework.security.config.annotation.web.configuration.WebMvcSecurityConfiguration$CompositeFilterChainProxy.doFilter(WebMvcSecurityConfiguration.java:240)
	at org.springframework.web.filter.DelegatingFilterProxy.invokeDelegate(DelegatingFilterProxy.java:362)
	at org.springframework.web.filter.DelegatingFilterProxy.doFilter(DelegatingFilterProxy.java:278)
	at org.apache.catalina.core.ApplicationFilterChain.internalDoFilter(ApplicationFilterChain.java:164)
	at org.apache.catalina.core.ApplicationFilterChain.doFilter(ApplicationFilterChain.java:140)
	at org.springframework.web.filter.RequestContextFilter.doFilterInternal(RequestContextFilter.java:100)
	at org.springframework.web.filter.OncePerRequestFilter.doFilter(OncePerRequestFilter.java:116)
	at org.apache.catalina.core.ApplicationFilterChain.internalDoFilter(ApplicationFilterChain.java:164)
	at org.apache.catalina.core.ApplicationFilterChain.doFilter(ApplicationFilterChain.java:140)
	at org.springframework.web.filter.FormContentFilter.doFilterInternal(FormContentFilter.java:93)
	at org.springframework.web.filter.OncePerRequestFilter.doFilter(OncePerRequestFilter.java:116)
	at org.apache.catalina.core.ApplicationFilterChain.internalDoFilter(ApplicationFilterChain.java:164)
	at org.apache.catalina.core.ApplicationFilterChain.doFilter(ApplicationFilterChain.java:140)
	at org.springframework.web.filter.CharacterEncodingFilter.doFilterInternal(CharacterEncodingFilter.java:201)
	at org.springframework.web.filter.OncePerRequestFilter.doFilter(OncePerRequestFilter.java:116)
	at org.apache.catalina.core.ApplicationFilterChain.internalDoFilter(ApplicationFilterChain.java:164)
	at org.apache.catalina.core.ApplicationFilterChain.doFilter(ApplicationFilterChain.java:140)
	at org.apache.catalina.core.StandardWrapperValve.invoke(StandardWrapperValve.java:167)
	at org.apache.catalina.core.StandardContextValve.invoke(StandardContextValve.java:90)
	at org.apache.catalina.authenticator.AuthenticatorBase.invoke(AuthenticatorBase.java:483)
	at org.apache.catalina.core.StandardHostValve.invoke(StandardHostValve.java:116)
	at org.apache.catalina.valves.ErrorReportValve.invoke(ErrorReportValve.java:93)
	at org.apache.catalina.core.StandardEngineValve.invoke(StandardEngineValve.java:74)
	at org.apache.catalina.connector.CoyoteAdapter.service(CoyoteAdapter.java:344)
	at org.apache.coyote.http11.Http11Processor.service(Http11Processor.java:398)
	at org.apache.coyote.AbstractProcessorLight.process(AbstractProcessorLight.java:63)
	at org.apache.coyote.AbstractProtocol$ConnectionHandler.process(AbstractProtocol.java:903)
	at org.apache.tomcat.util.net.NioEndpoint$SocketProcessor.doRun(NioEndpoint.java:1769)
	at org.apache.tomcat.util.net.SocketProcessorBase.run(SocketProcessorBase.java:52)
	at org.apache.tomcat.util.threads.ThreadPoolExecutor.runWorker(ThreadPoolExecutor.java:1189)
	at org.apache.tomcat.util.threads.ThreadPoolExecutor$Worker.run(ThreadPoolExecutor.java:658)
	at org.apache.tomcat.util.threads.TaskThread$WrappingRunnable.run(TaskThread.java:63)
	at java.base/java.lang.Thread.run(Thread.java:1447)
2026-06-30 18:52:13 [http-nio-8080-exec-10] TRACE o.s.w.s.m.m.a.RequestMappingHandlerMapping - Mapped to com.example.tienda_tech.controller.MetodoPagoController#listar(HttpServletRequest)
2026-06-30 18:52:13 [http-nio-8080-exec-9] WARN  o.s.w.s.m.m.a.ExceptionHandlerExceptionResolver - Resolved [org.springframework.web.servlet.resource.NoResourceFoundException: No static resource avatars/2/avatar.png.]
2026-06-30 18:52:13 [http-nio-8080-exec-9] TRACE o.s.web.servlet.DispatcherServlet - No view rendering, null ModelAndView returned.
2026-06-30 18:52:13 [http-nio-8080-exec-9] DEBUG o.s.web.servlet.DispatcherServlet - Completed 500 INTERNAL_SERVER_ERROR, headers={masked}
2026-06-30 18:52:13 [http-nio-8080-exec-10] TRACE o.s.web.servlet.DispatcherServlet - No view rendering, null ModelAndView returned.
2026-06-30 18:52:13 [http-nio-8080-exec-10] DEBUG o.s.web.servlet.DispatcherServlet - Completed 200 OK, headers={masked}
2026-06-30 18:53:43 [http-nio-8080-exec-6] TRACE o.s.web.servlet.DispatcherServlet - GET "/Carrito.html", parameters={}, headers={masked} in DispatcherServlet 'dispatcherServlet'
2026-06-30 18:53:43 [http-nio-8080-exec-6] TRACE o.s.web.servlet.DispatcherServlet - No view rendering, null ModelAndView returned.
2026-06-30 18:53:43 [http-nio-8080-exec-6] DEBUG o.s.web.servlet.DispatcherServlet - Completed 200 OK, headers={masked}
2026-06-30 18:53:43 [http-nio-8080-exec-7] TRACE o.s.web.servlet.DispatcherServlet - GET "/css/style2.css", parameters={}, headers={masked} in DispatcherServlet 'dispatcherServlet'
2026-06-30 18:53:43 [http-nio-8080-exec-4] TRACE o.s.web.servlet.DispatcherServlet - GET "/css/styleClaroMenu.css", parameters={}, headers={masked} in DispatcherServlet 'dispatcherServlet'
2026-06-30 18:53:43 [http-nio-8080-exec-8] TRACE o.s.web.servlet.DispatcherServlet - GET "/js/auth-menu.js?v=4", parameters={masked}, headers={masked} in DispatcherServlet 'dispatcherServlet'
2026-06-30 18:53:43 [http-nio-8080-exec-4] TRACE o.s.web.servlet.DispatcherServlet - No view rendering, null ModelAndView returned.
2026-06-30 18:53:43 [http-nio-8080-exec-8] TRACE o.s.web.servlet.DispatcherServlet - No view rendering, null ModelAndView returned.
2026-06-30 18:53:43 [http-nio-8080-exec-7] TRACE o.s.web.servlet.DispatcherServlet - No view rendering, null ModelAndView returned.
2026-06-30 18:53:43 [http-nio-8080-exec-8] DEBUG o.s.web.servlet.DispatcherServlet - Completed 200 OK, headers={masked}
2026-06-30 18:53:43 [http-nio-8080-exec-4] DEBUG o.s.web.servlet.DispatcherServlet - Completed 200 OK, headers={masked}
2026-06-30 18:53:43 [http-nio-8080-exec-7] DEBUG o.s.web.servlet.DispatcherServlet - Completed 200 OK, headers={masked}
2026-06-30 18:53:43 [http-nio-8080-exec-9] TRACE o.s.web.servlet.DispatcherServlet - GET "/api/carrito/items", parameters={}, headers={masked} in DispatcherServlet 'dispatcherServlet'
2026-06-30 18:53:43 [http-nio-8080-exec-9] TRACE o.s.w.s.m.m.a.RequestMappingHandlerMapping - Mapped to com.example.tienda_tech.controller.CarritoController#list(Integer)
2026-06-30 18:53:43 [http-nio-8080-exec-9] TRACE o.s.web.servlet.DispatcherServlet - No view rendering, null ModelAndView returned.
2026-06-30 18:53:43 [http-nio-8080-exec-9] DEBUG o.s.web.servlet.DispatcherServlet - Completed 200 OK, headers={masked}
2026-06-30 18:53:43 [http-nio-8080-exec-10] TRACE o.s.web.servlet.DispatcherServlet - GET "/api/productos/37", parameters={}, headers={masked} in DispatcherServlet 'dispatcherServlet'
2026-06-30 18:53:43 [http-nio-8080-exec-10] TRACE o.s.w.s.m.m.a.RequestMappingHandlerMapping - Mapped to com.example.tienda_tech.controller.ProductoQueryController#detalle(Integer, Integer)
2026-06-30 18:53:43 [http-nio-8080-exec-3] TRACE o.s.web.servlet.DispatcherServlet - GET "/api/productos/39", parameters={}, headers={masked} in DispatcherServlet 'dispatcherServlet'
2026-06-30 18:53:43 [http-nio-8080-exec-1] TRACE o.s.web.servlet.DispatcherServlet - GET "/api/carrito/resumen", parameters={}, headers={masked} in DispatcherServlet 'dispatcherServlet'
2026-06-30 18:53:43 [http-nio-8080-exec-1] TRACE o.s.w.s.m.m.a.RequestMappingHandlerMapping - Mapped to com.example.tienda_tech.controller.CarritoController#summary(Integer)
2026-06-30 18:53:43 [http-nio-8080-exec-3] TRACE o.s.w.s.m.m.a.RequestMappingHandlerMapping - Mapped to com.example.tienda_tech.controller.ProductoQueryController#detalle(Integer, Integer)
2026-06-30 18:53:43 [http-nio-8080-exec-2] TRACE o.s.web.servlet.DispatcherServlet - GET "/img/placeholder.png", parameters={}, headers={masked} in DispatcherServlet 'dispatcherServlet'
2026-06-30 18:53:43 [http-nio-8080-exec-2] ERROR c.e.tienda_tech.advice.ApiErrors - [GET /img/placeholder.png] Unhandled exception
org.springframework.web.servlet.resource.NoResourceFoundException: No static resource img/placeholder.png.
	at org.springframework.web.servlet.resource.ResourceHttpRequestHandler.handleRequest(ResourceHttpRequestHandler.java:585)
	at org.springframework.web.servlet.mvc.HttpRequestHandlerAdapter.handle(HttpRequestHandlerAdapter.java:52)
	at org.springframework.web.servlet.DispatcherServlet.doDispatch(DispatcherServlet.java:1089)
	at org.springframework.web.servlet.DispatcherServlet.doService(DispatcherServlet.java:979)
	at org.springframework.web.servlet.FrameworkServlet.processRequest(FrameworkServlet.java:1014)
	at org.springframework.web.servlet.FrameworkServlet.doGet(FrameworkServlet.java:903)
	at jakarta.servlet.http.HttpServlet.service(HttpServlet.java:564)
	at org.springframework.web.servlet.FrameworkServlet.service(FrameworkServlet.java:885)
	at jakarta.servlet.http.HttpServlet.service(HttpServlet.java:658)
	at org.apache.catalina.core.ApplicationFilterChain.internalDoFilter(ApplicationFilterChain.java:195)
	at org.apache.catalina.core.ApplicationFilterChain.doFilter(ApplicationFilterChain.java:140)
	at org.apache.tomcat.websocket.server.WsFilter.doFilter(WsFilter.java:51)
	at org.apache.catalina.core.ApplicationFilterChain.internalDoFilter(ApplicationFilterChain.java:164)
	at org.apache.catalina.core.ApplicationFilterChain.doFilter(ApplicationFilterChain.java:140)
	at org.springframework.web.filter.CompositeFilter$VirtualFilterChain.doFilter(CompositeFilter.java:108)
	at org.springframework.web.filter.CompositeFilter$VirtualFilterChain.doFilter(CompositeFilter.java:108)
	at org.springframework.security.web.FilterChainProxy.lambda$doFilterInternal$3(FilterChainProxy.java:231)
	at org.springframework.security.web.FilterChainProxy$VirtualFilterChain.doFilter(FilterChainProxy.java:365)
	at org.springframework.security.web.access.intercept.AuthorizationFilter.doFilter(AuthorizationFilter.java:101)
	at org.springframework.security.web.FilterChainProxy$VirtualFilterChain.doFilter(FilterChainProxy.java:374)
	at org.springframework.security.web.access.ExceptionTranslationFilter.doFilter(ExceptionTranslationFilter.java:125)
	at org.springframework.security.web.access.ExceptionTranslationFilter.doFilter(ExceptionTranslationFilter.java:119)
	at org.springframework.security.web.FilterChainProxy$VirtualFilterChain.doFilter(FilterChainProxy.java:374)
	at org.springframework.security.web.authentication.AnonymousAuthenticationFilter.doFilter(AnonymousAuthenticationFilter.java:100)
	at org.springframework.security.web.FilterChainProxy$VirtualFilterChain.doFilter(FilterChainProxy.java:374)
	at org.springframework.security.web.servletapi.SecurityContextHolderAwareRequestFilter.doFilter(SecurityContextHolderAwareRequestFilter.java:179)
	at org.springframework.security.web.FilterChainProxy$VirtualFilterChain.doFilter(FilterChainProxy.java:374)
	at org.springframework.security.web.savedrequest.RequestCacheAwareFilter.doFilter(RequestCacheAwareFilter.java:63)
	at org.springframework.security.web.FilterChainProxy$VirtualFilterChain.doFilter(FilterChainProxy.java:374)
	at org.springframework.security.web.authentication.logout.LogoutFilter.doFilter(LogoutFilter.java:107)
	at org.springframework.security.web.authentication.logout.LogoutFilter.doFilter(LogoutFilter.java:93)
	at org.springframework.security.web.FilterChainProxy$VirtualFilterChain.doFilter(FilterChainProxy.java:374)
	at org.springframework.web.filter.CorsFilter.doFilterInternal(CorsFilter.java:91)
	at org.springframework.web.filter.OncePerRequestFilter.doFilter(OncePerRequestFilter.java:116)
	at org.springframework.security.web.FilterChainProxy$VirtualFilterChain.doFilter(FilterChainProxy.java:374)
	at org.springframework.security.web.header.HeaderWriterFilter.doHeadersAfter(HeaderWriterFilter.java:90)
	at org.springframework.security.web.header.HeaderWriterFilter.doFilterInternal(HeaderWriterFilter.java:75)
	at org.springframework.web.filter.OncePerRequestFilter.doFilter(OncePerRequestFilter.java:116)
	at org.springframework.security.web.FilterChainProxy$VirtualFilterChain.doFilter(FilterChainProxy.java:374)
	at org.springframework.security.web.context.SecurityContextHolderFilter.doFilter(SecurityContextHolderFilter.java:82)
	at org.springframework.security.web.context.SecurityContextHolderFilter.doFilter(SecurityContextHolderFilter.java:69)
	at org.springframework.security.web.FilterChainProxy$VirtualFilterChain.doFilter(FilterChainProxy.java:374)
	at org.springframework.security.web.context.request.async.WebAsyncManagerIntegrationFilter.doFilterInternal(WebAsyncManagerIntegrationFilter.java:62)
	at org.springframework.web.filter.OncePerRequestFilter.doFilter(OncePerRequestFilter.java:116)
	at org.springframework.security.web.FilterChainProxy$VirtualFilterChain.doFilter(FilterChainProxy.java:374)
	at org.springframework.security.web.session.DisableEncodeUrlFilter.doFilterInternal(DisableEncodeUrlFilter.java:42)
	at org.springframework.web.filter.OncePerRequestFilter.doFilter(OncePerRequestFilter.java:116)
	at org.springframework.security.web.FilterChainProxy$VirtualFilterChain.doFilter(FilterChainProxy.java:374)
	at org.springframework.security.web.FilterChainProxy.doFilterInternal(FilterChainProxy.java:233)
	at org.springframework.security.web.FilterChainProxy.doFilter(FilterChainProxy.java:191)
	at org.springframework.web.filter.CompositeFilter$VirtualFilterChain.doFilter(CompositeFilter.java:113)
	at org.springframework.web.filter.ServletRequestPathFilter.doFilter(ServletRequestPathFilter.java:52)
	at org.springframework.web.filter.CompositeFilter$VirtualFilterChain.doFilter(CompositeFilter.java:113)
	at org.springframework.web.filter.CompositeFilter.doFilter(CompositeFilter.java:74)
	at org.springframework.security.config.annotation.web.configuration.WebSecurityConfiguration$CompositeFilterChainProxy.doFilter(WebSecurityConfiguration.java:319)
	at org.springframework.web.filter.CompositeFilter$VirtualFilterChain.doFilter(CompositeFilter.java:113)
	at org.springframework.web.servlet.handler.HandlerMappingIntrospector.lambda$createCacheFilter$4(HandlerMappingIntrospector.java:267)
	at org.springframework.web.filter.CompositeFilter$VirtualFilterChain.doFilter(CompositeFilter.java:113)
	at org.springframework.web.filter.CompositeFilter.doFilter(CompositeFilter.java:74)
	at org.springframework.security.config.annotation.web.configuration.WebMvcSecurityConfiguration$CompositeFilterChainProxy.doFilter(WebMvcSecurityConfiguration.java:240)
	at org.springframework.web.filter.DelegatingFilterProxy.invokeDelegate(DelegatingFilterProxy.java:362)
	at org.springframework.web.filter.DelegatingFilterProxy.doFilter(DelegatingFilterProxy.java:278)
	at org.apache.catalina.core.ApplicationFilterChain.internalDoFilter(ApplicationFilterChain.java:164)
	at org.apache.catalina.core.ApplicationFilterChain.doFilter(ApplicationFilterChain.java:140)
	at org.springframework.web.filter.RequestContextFilter.doFilterInternal(RequestContextFilter.java:100)
	at org.springframework.web.filter.OncePerRequestFilter.doFilter(OncePerRequestFilter.java:116)
	at org.apache.catalina.core.ApplicationFilterChain.internalDoFilter(ApplicationFilterChain.java:164)
	at org.apache.catalina.core.ApplicationFilterChain.doFilter(ApplicationFilterChain.java:140)
	at org.springframework.web.filter.FormContentFilter.doFilterInternal(FormContentFilter.java:93)
	at org.springframework.web.filter.OncePerRequestFilter.doFilter(OncePerRequestFilter.java:116)
	at org.apache.catalina.core.ApplicationFilterChain.internalDoFilter(ApplicationFilterChain.java:164)
	at org.apache.catalina.core.ApplicationFilterChain.doFilter(ApplicationFilterChain.java:140)
	at org.springframework.web.filter.CharacterEncodingFilter.doFilterInternal(CharacterEncodingFilter.java:201)
	at org.springframework.web.filter.OncePerRequestFilter.doFilter(OncePerRequestFilter.java:116)
	at org.apache.catalina.core.ApplicationFilterChain.internalDoFilter(ApplicationFilterChain.java:164)
	at org.apache.catalina.core.ApplicationFilterChain.doFilter(ApplicationFilterChain.java:140)
	at org.apache.catalina.core.StandardWrapperValve.invoke(StandardWrapperValve.java:167)
	at org.apache.catalina.core.StandardContextValve.invoke(StandardContextValve.java:90)
	at org.apache.catalina.authenticator.AuthenticatorBase.invoke(AuthenticatorBase.java:483)
	at org.apache.catalina.core.StandardHostValve.invoke(StandardHostValve.java:116)
	at org.apache.catalina.valves.ErrorReportValve.invoke(ErrorReportValve.java:93)
	at org.apache.catalina.core.StandardEngineValve.invoke(StandardEngineValve.java:74)
	at org.apache.catalina.connector.CoyoteAdapter.service(CoyoteAdapter.java:344)
	at org.apache.coyote.http11.Http11Processor.service(Http11Processor.java:398)
	at org.apache.coyote.AbstractProcessorLight.process(AbstractProcessorLight.java:63)
	at org.apache.coyote.AbstractProtocol$ConnectionHandler.process(AbstractProtocol.java:903)
	at org.apache.tomcat.util.net.NioEndpoint$SocketProcessor.doRun(NioEndpoint.java:1769)
	at org.apache.tomcat.util.net.SocketProcessorBase.run(SocketProcessorBase.java:52)
	at org.apache.tomcat.util.threads.ThreadPoolExecutor.runWorker(ThreadPoolExecutor.java:1189)
	at org.apache.tomcat.util.threads.ThreadPoolExecutor$Worker.run(ThreadPoolExecutor.java:658)
	at org.apache.tomcat.util.threads.TaskThread$WrappingRunnable.run(TaskThread.java:63)
	at java.base/java.lang.Thread.run(Thread.java:1447)
2026-06-30 18:53:43 [http-nio-8080-exec-1] TRACE o.s.web.servlet.DispatcherServlet - No view rendering, null ModelAndView returned.
2026-06-30 18:53:43 [http-nio-8080-exec-2] WARN  o.s.w.s.m.m.a.ExceptionHandlerExceptionResolver - Resolved [org.springframework.web.servlet.resource.NoResourceFoundException: No static resource img/placeholder.png.]
2026-06-30 18:53:43 [http-nio-8080-exec-1] DEBUG o.s.web.servlet.DispatcherServlet - Completed 200 OK, headers={masked}
2026-06-30 18:53:43 [http-nio-8080-exec-2] TRACE o.s.web.servlet.DispatcherServlet - No view rendering, null ModelAndView returned.
2026-06-30 18:53:43 [http-nio-8080-exec-2] DEBUG o.s.web.servlet.DispatcherServlet - Completed 500 INTERNAL_SERVER_ERROR, headers={masked}
2026-06-30 18:53:43 [http-nio-8080-exec-5] TRACE o.s.web.servlet.DispatcherServlet - GET "/img/placeholder.png", parameters={}, headers={masked} in DispatcherServlet 'dispatcherServlet'
2026-06-30 18:53:43 [http-nio-8080-exec-5] ERROR c.e.tienda_tech.advice.ApiErrors - [GET /img/placeholder.png] Unhandled exception
org.springframework.web.servlet.resource.NoResourceFoundException: No static resource img/placeholder.png.
	at org.springframework.web.servlet.resource.ResourceHttpRequestHandler.handleRequest(ResourceHttpRequestHandler.java:585)
	at org.springframework.web.servlet.mvc.HttpRequestHandlerAdapter.handle(HttpRequestHandlerAdapter.java:52)
	at org.springframework.web.servlet.DispatcherServlet.doDispatch(DispatcherServlet.java:1089)
	at org.springframework.web.servlet.DispatcherServlet.doService(DispatcherServlet.java:979)
	at org.springframework.web.servlet.FrameworkServlet.processRequest(FrameworkServlet.java:1014)
	at org.springframework.web.servlet.FrameworkServlet.doGet(FrameworkServlet.java:903)
	at jakarta.servlet.http.HttpServlet.service(HttpServlet.java:564)
	at org.springframework.web.servlet.FrameworkServlet.service(FrameworkServlet.java:885)
	at jakarta.servlet.http.HttpServlet.service(HttpServlet.java:658)
	at org.apache.catalina.core.ApplicationFilterChain.internalDoFilter(ApplicationFilterChain.java:195)
	at org.apache.catalina.core.ApplicationFilterChain.doFilter(ApplicationFilterChain.java:140)
	at org.apache.tomcat.websocket.server.WsFilter.doFilter(WsFilter.java:51)
	at org.apache.catalina.core.ApplicationFilterChain.internalDoFilter(ApplicationFilterChain.java:164)
	at org.apache.catalina.core.ApplicationFilterChain.doFilter(ApplicationFilterChain.java:140)
	at org.springframework.web.filter.CompositeFilter$VirtualFilterChain.doFilter(CompositeFilter.java:108)
	at org.springframework.web.filter.CompositeFilter$VirtualFilterChain.doFilter(CompositeFilter.java:108)
	at org.springframework.security.web.FilterChainProxy.lambda$doFilterInternal$3(FilterChainProxy.java:231)
	at org.springframework.security.web.FilterChainProxy$VirtualFilterChain.doFilter(FilterChainProxy.java:365)
	at org.springframework.security.web.access.intercept.AuthorizationFilter.doFilter(AuthorizationFilter.java:101)
	at org.springframework.security.web.FilterChainProxy$VirtualFilterChain.doFilter(FilterChainProxy.java:374)
	at org.springframework.security.web.access.ExceptionTranslationFilter.doFilter(ExceptionTranslationFilter.java:125)
	at org.springframework.security.web.access.ExceptionTranslationFilter.doFilter(ExceptionTranslationFilter.java:119)
	at org.springframework.security.web.FilterChainProxy$VirtualFilterChain.doFilter(FilterChainProxy.java:374)
	at org.springframework.security.web.authentication.AnonymousAuthenticationFilter.doFilter(AnonymousAuthenticationFilter.java:100)
	at org.springframework.security.web.FilterChainProxy$VirtualFilterChain.doFilter(FilterChainProxy.java:374)
	at org.springframework.security.web.servletapi.SecurityContextHolderAwareRequestFilter.doFilter(SecurityContextHolderAwareRequestFilter.java:179)
	at org.springframework.security.web.FilterChainProxy$VirtualFilterChain.doFilter(FilterChainProxy.java:374)
	at org.springframework.security.web.savedrequest.RequestCacheAwareFilter.doFilter(RequestCacheAwareFilter.java:63)
	at org.springframework.security.web.FilterChainProxy$VirtualFilterChain.doFilter(FilterChainProxy.java:374)
	at org.springframework.security.web.authentication.logout.LogoutFilter.doFilter(LogoutFilter.java:107)
	at org.springframework.security.web.authentication.logout.LogoutFilter.doFilter(LogoutFilter.java:93)
	at org.springframework.security.web.FilterChainProxy$VirtualFilterChain.doFilter(FilterChainProxy.java:374)
	at org.springframework.web.filter.CorsFilter.doFilterInternal(CorsFilter.java:91)
	at org.springframework.web.filter.OncePerRequestFilter.doFilter(OncePerRequestFilter.java:116)
	at org.springframework.security.web.FilterChainProxy$VirtualFilterChain.doFilter(FilterChainProxy.java:374)
	at org.springframework.security.web.header.HeaderWriterFilter.doHeadersAfter(HeaderWriterFilter.java:90)
	at org.springframework.security.web.header.HeaderWriterFilter.doFilterInternal(HeaderWriterFilter.java:75)
	at org.springframework.web.filter.OncePerRequestFilter.doFilter(OncePerRequestFilter.java:116)
	at org.springframework.security.web.FilterChainProxy$VirtualFilterChain.doFilter(FilterChainProxy.java:374)
	at org.springframework.security.web.context.SecurityContextHolderFilter.doFilter(SecurityContextHolderFilter.java:82)
	at org.springframework.security.web.context.SecurityContextHolderFilter.doFilter(SecurityContextHolderFilter.java:69)
	at org.springframework.security.web.FilterChainProxy$VirtualFilterChain.doFilter(FilterChainProxy.java:374)
	at org.springframework.security.web.context.request.async.WebAsyncManagerIntegrationFilter.doFilterInternal(WebAsyncManagerIntegrationFilter.java:62)
	at org.springframework.web.filter.OncePerRequestFilter.doFilter(OncePerRequestFilter.java:116)
	at org.springframework.security.web.FilterChainProxy$VirtualFilterChain.doFilter(FilterChainProxy.java:374)
	at org.springframework.security.web.session.DisableEncodeUrlFilter.doFilterInternal(DisableEncodeUrlFilter.java:42)
	at org.springframework.web.filter.OncePerRequestFilter.doFilter(OncePerRequestFilter.java:116)
	at org.springframework.security.web.FilterChainProxy$VirtualFilterChain.doFilter(FilterChainProxy.java:374)
	at org.springframework.security.web.FilterChainProxy.doFilterInternal(FilterChainProxy.java:233)
	at org.springframework.security.web.FilterChainProxy.doFilter(FilterChainProxy.java:191)
	at org.springframework.web.filter.CompositeFilter$VirtualFilterChain.doFilter(CompositeFilter.java:113)
	at org.springframework.web.filter.ServletRequestPathFilter.doFilter(ServletRequestPathFilter.java:52)
	at org.springframework.web.filter.CompositeFilter$VirtualFilterChain.doFilter(CompositeFilter.java:113)
	at org.springframework.web.filter.CompositeFilter.doFilter(CompositeFilter.java:74)
	at org.springframework.security.config.annotation.web.configuration.WebSecurityConfiguration$CompositeFilterChainProxy.doFilter(WebSecurityConfiguration.java:319)
	at org.springframework.web.filter.CompositeFilter$VirtualFilterChain.doFilter(CompositeFilter.java:113)
	at org.springframework.web.servlet.handler.HandlerMappingIntrospector.lambda$createCacheFilter$4(HandlerMappingIntrospector.java:267)
	at org.springframework.web.filter.CompositeFilter$VirtualFilterChain.doFilter(CompositeFilter.java:113)
	at org.springframework.web.filter.CompositeFilter.doFilter(CompositeFilter.java:74)
	at org.springframework.security.config.annotation.web.configuration.WebMvcSecurityConfiguration$CompositeFilterChainProxy.doFilter(WebMvcSecurityConfiguration.java:240)
	at org.springframework.web.filter.DelegatingFilterProxy.invokeDelegate(DelegatingFilterProxy.java:362)
	at org.springframework.web.filter.DelegatingFilterProxy.doFilter(DelegatingFilterProxy.java:278)
	at org.apache.catalina.core.ApplicationFilterChain.internalDoFilter(ApplicationFilterChain.java:164)
	at org.apache.catalina.core.ApplicationFilterChain.doFilter(ApplicationFilterChain.java:140)
	at org.springframework.web.filter.RequestContextFilter.doFilterInternal(RequestContextFilter.java:100)
	at org.springframework.web.filter.OncePerRequestFilter.doFilter(OncePerRequestFilter.java:116)
	at org.apache.catalina.core.ApplicationFilterChain.internalDoFilter(ApplicationFilterChain.java:164)
	at org.apache.catalina.core.ApplicationFilterChain.doFilter(ApplicationFilterChain.java:140)
	at org.springframework.web.filter.FormContentFilter.doFilterInternal(FormContentFilter.java:93)
	at org.springframework.web.filter.OncePerRequestFilter.doFilter(OncePerRequestFilter.java:116)
	at org.apache.catalina.core.ApplicationFilterChain.internalDoFilter(ApplicationFilterChain.java:164)
	at org.apache.catalina.core.ApplicationFilterChain.doFilter(ApplicationFilterChain.java:140)
	at org.springframework.web.filter.CharacterEncodingFilter.doFilterInternal(CharacterEncodingFilter.java:201)
	at org.springframework.web.filter.OncePerRequestFilter.doFilter(OncePerRequestFilter.java:116)
	at org.apache.catalina.core.ApplicationFilterChain.internalDoFilter(ApplicationFilterChain.java:164)
	at org.apache.catalina.core.ApplicationFilterChain.doFilter(ApplicationFilterChain.java:140)
	at org.apache.catalina.core.StandardWrapperValve.invoke(StandardWrapperValve.java:167)
	at org.apache.catalina.core.StandardContextValve.invoke(StandardContextValve.java:90)
	at org.apache.catalina.authenticator.AuthenticatorBase.invoke(AuthenticatorBase.java:483)
	at org.apache.catalina.core.StandardHostValve.invoke(StandardHostValve.java:116)
	at org.apache.catalina.valves.ErrorReportValve.invoke(ErrorReportValve.java:93)
	at org.apache.catalina.core.StandardEngineValve.invoke(StandardEngineValve.java:74)
	at org.apache.catalina.connector.CoyoteAdapter.service(CoyoteAdapter.java:344)
	at org.apache.coyote.http11.Http11Processor.service(Http11Processor.java:398)
	at org.apache.coyote.AbstractProcessorLight.process(AbstractProcessorLight.java:63)
	at org.apache.coyote.AbstractProtocol$ConnectionHandler.process(AbstractProtocol.java:903)
	at org.apache.tomcat.util.net.NioEndpoint$SocketProcessor.doRun(NioEndpoint.java:1769)
	at org.apache.tomcat.util.net.SocketProcessorBase.run(SocketProcessorBase.java:52)
	at org.apache.tomcat.util.threads.ThreadPoolExecutor.runWorker(ThreadPoolExecutor.java:1189)
	at org.apache.tomcat.util.threads.ThreadPoolExecutor$Worker.run(ThreadPoolExecutor.java:658)
	at org.apache.tomcat.util.threads.TaskThread$WrappingRunnable.run(TaskThread.java:63)
	at java.base/java.lang.Thread.run(Thread.java:1447)
2026-06-30 18:53:43 [http-nio-8080-exec-5] WARN  o.s.w.s.m.m.a.ExceptionHandlerExceptionResolver - Resolved [org.springframework.web.servlet.resource.NoResourceFoundException: No static resource img/placeholder.png.]
2026-06-30 18:53:43 [http-nio-8080-exec-5] TRACE o.s.web.servlet.DispatcherServlet - No view rendering, null ModelAndView returned.
2026-06-30 18:53:43 [http-nio-8080-exec-5] DEBUG o.s.web.servlet.DispatcherServlet - Completed 500 INTERNAL_SERVER_ERROR, headers={masked}
2026-06-30 18:53:43 [http-nio-8080-exec-6] TRACE o.s.web.servlet.DispatcherServlet - GET "/img/placeholder.png", parameters={}, headers={masked} in DispatcherServlet 'dispatcherServlet'
2026-06-30 18:53:43 [http-nio-8080-exec-6] ERROR c.e.tienda_tech.advice.ApiErrors - [GET /img/placeholder.png] Unhandled exception
org.springframework.web.servlet.resource.NoResourceFoundException: No static resource img/placeholder.png.
	at org.springframework.web.servlet.resource.ResourceHttpRequestHandler.handleRequest(ResourceHttpRequestHandler.java:585)
	at org.springframework.web.servlet.mvc.HttpRequestHandlerAdapter.handle(HttpRequestHandlerAdapter.java:52)
	at org.springframework.web.servlet.DispatcherServlet.doDispatch(DispatcherServlet.java:1089)
	at org.springframework.web.servlet.DispatcherServlet.doService(DispatcherServlet.java:979)
	at org.springframework.web.servlet.FrameworkServlet.processRequest(FrameworkServlet.java:1014)
	at org.springframework.web.servlet.FrameworkServlet.doGet(FrameworkServlet.java:903)
	at jakarta.servlet.http.HttpServlet.service(HttpServlet.java:564)
	at org.springframework.web.servlet.FrameworkServlet.service(FrameworkServlet.java:885)
	at jakarta.servlet.http.HttpServlet.service(HttpServlet.java:658)
	at org.apache.catalina.core.ApplicationFilterChain.internalDoFilter(ApplicationFilterChain.java:195)
	at org.apache.catalina.core.ApplicationFilterChain.doFilter(ApplicationFilterChain.java:140)
	at org.apache.tomcat.websocket.server.WsFilter.doFilter(WsFilter.java:51)
	at org.apache.catalina.core.ApplicationFilterChain.internalDoFilter(ApplicationFilterChain.java:164)
	at org.apache.catalina.core.ApplicationFilterChain.doFilter(ApplicationFilterChain.java:140)
	at org.springframework.web.filter.CompositeFilter$VirtualFilterChain.doFilter(CompositeFilter.java:108)
	at org.springframework.web.filter.CompositeFilter$VirtualFilterChain.doFilter(CompositeFilter.java:108)
	at org.springframework.security.web.FilterChainProxy.lambda$doFilterInternal$3(FilterChainProxy.java:231)
	at org.springframework.security.web.FilterChainProxy$VirtualFilterChain.doFilter(FilterChainProxy.java:365)
	at org.springframework.security.web.access.intercept.AuthorizationFilter.doFilter(AuthorizationFilter.java:101)
	at org.springframework.security.web.FilterChainProxy$VirtualFilterChain.doFilter(FilterChainProxy.java:374)
	at org.springframework.security.web.access.ExceptionTranslationFilter.doFilter(ExceptionTranslationFilter.java:125)
	at org.springframework.security.web.access.ExceptionTranslationFilter.doFilter(ExceptionTranslationFilter.java:119)
	at org.springframework.security.web.FilterChainProxy$VirtualFilterChain.doFilter(FilterChainProxy.java:374)
	at org.springframework.security.web.authentication.AnonymousAuthenticationFilter.doFilter(AnonymousAuthenticationFilter.java:100)
	at org.springframework.security.web.FilterChainProxy$VirtualFilterChain.doFilter(FilterChainProxy.java:374)
	at org.springframework.security.web.servletapi.SecurityContextHolderAwareRequestFilter.doFilter(SecurityContextHolderAwareRequestFilter.java:179)
	at org.springframework.security.web.FilterChainProxy$VirtualFilterChain.doFilter(FilterChainProxy.java:374)
	at org.springframework.security.web.savedrequest.RequestCacheAwareFilter.doFilter(RequestCacheAwareFilter.java:63)
	at org.springframework.security.web.FilterChainProxy$VirtualFilterChain.doFilter(FilterChainProxy.java:374)
	at org.springframework.security.web.authentication.logout.LogoutFilter.doFilter(LogoutFilter.java:107)
	at org.springframework.security.web.authentication.logout.LogoutFilter.doFilter(LogoutFilter.java:93)
	at org.springframework.security.web.FilterChainProxy$VirtualFilterChain.doFilter(FilterChainProxy.java:374)
	at org.springframework.web.filter.CorsFilter.doFilterInternal(CorsFilter.java:91)
	at org.springframework.web.filter.OncePerRequestFilter.doFilter(OncePerRequestFilter.java:116)
	at org.springframework.security.web.FilterChainProxy$VirtualFilterChain.doFilter(FilterChainProxy.java:374)
	at org.springframework.security.web.header.HeaderWriterFilter.doHeadersAfter(HeaderWriterFilter.java:90)
	at org.springframework.security.web.header.HeaderWriterFilter.doFilterInternal(HeaderWriterFilter.java:75)
	at org.springframework.web.filter.OncePerRequestFilter.doFilter(OncePerRequestFilter.java:116)
	at org.springframework.security.web.FilterChainProxy$VirtualFilterChain.doFilter(FilterChainProxy.java:374)
	at org.springframework.security.web.context.SecurityContextHolderFilter.doFilter(SecurityContextHolderFilter.java:82)
	at org.springframework.security.web.context.SecurityContextHolderFilter.doFilter(SecurityContextHolderFilter.java:69)
	at org.springframework.security.web.FilterChainProxy$VirtualFilterChain.doFilter(FilterChainProxy.java:374)
	at org.springframework.security.web.context.request.async.WebAsyncManagerIntegrationFilter.doFilterInternal(WebAsyncManagerIntegrationFilter.java:62)
	at org.springframework.web.filter.OncePerRequestFilter.doFilter(OncePerRequestFilter.java:116)
	at org.springframework.security.web.FilterChainProxy$VirtualFilterChain.doFilter(FilterChainProxy.java:374)
	at org.springframework.security.web.session.DisableEncodeUrlFilter.doFilterInternal(DisableEncodeUrlFilter.java:42)
	at org.springframework.web.filter.OncePerRequestFilter.doFilter(OncePerRequestFilter.java:116)
	at org.springframework.security.web.FilterChainProxy$VirtualFilterChain.doFilter(FilterChainProxy.java:374)
	at org.springframework.security.web.FilterChainProxy.doFilterInternal(FilterChainProxy.java:233)
	at org.springframework.security.web.FilterChainProxy.doFilter(FilterChainProxy.java:191)
	at org.springframework.web.filter.CompositeFilter$VirtualFilterChain.doFilter(CompositeFilter.java:113)
	at org.springframework.web.filter.ServletRequestPathFilter.doFilter(ServletRequestPathFilter.java:52)
	at org.springframework.web.filter.CompositeFilter$VirtualFilterChain.doFilter(CompositeFilter.java:113)
	at org.springframework.web.filter.CompositeFilter.doFilter(CompositeFilter.java:74)
	at org.springframework.security.config.annotation.web.configuration.WebSecurityConfiguration$CompositeFilterChainProxy.doFilter(WebSecurityConfiguration.java:319)
	at org.springframework.web.filter.CompositeFilter$VirtualFilterChain.doFilter(CompositeFilter.java:113)
	at org.springframework.web.servlet.handler.HandlerMappingIntrospector.lambda$createCacheFilter$4(HandlerMappingIntrospector.java:267)
	at org.springframework.web.filter.CompositeFilter$VirtualFilterChain.doFilter(CompositeFilter.java:113)
	at org.springframework.web.filter.CompositeFilter.doFilter(CompositeFilter.java:74)
	at org.springframework.security.config.annotation.web.configuration.WebMvcSecurityConfiguration$CompositeFilterChainProxy.doFilter(WebMvcSecurityConfiguration.java:240)
	at org.springframework.web.filter.DelegatingFilterProxy.invokeDelegate(DelegatingFilterProxy.java:362)
	at org.springframework.web.filter.DelegatingFilterProxy.doFilter(DelegatingFilterProxy.java:278)
	at org.apache.catalina.core.ApplicationFilterChain.internalDoFilter(ApplicationFilterChain.java:164)
	at org.apache.catalina.core.ApplicationFilterChain.doFilter(ApplicationFilterChain.java:140)
	at org.springframework.web.filter.RequestContextFilter.doFilterInternal(RequestContextFilter.java:100)
	at org.springframework.web.filter.OncePerRequestFilter.doFilter(OncePerRequestFilter.java:116)
	at org.apache.catalina.core.ApplicationFilterChain.internalDoFilter(ApplicationFilterChain.java:164)
	at org.apache.catalina.core.ApplicationFilterChain.doFilter(ApplicationFilterChain.java:140)
	at org.springframework.web.filter.FormContentFilter.doFilterInternal(FormContentFilter.java:93)
	at org.springframework.web.filter.OncePerRequestFilter.doFilter(OncePerRequestFilter.java:116)
	at org.apache.catalina.core.ApplicationFilterChain.internalDoFilter(ApplicationFilterChain.java:164)
	at org.apache.catalina.core.ApplicationFilterChain.doFilter(ApplicationFilterChain.java:140)
	at org.springframework.web.filter.CharacterEncodingFilter.doFilterInternal(CharacterEncodingFilter.java:201)
	at org.springframework.web.filter.OncePerRequestFilter.doFilter(OncePerRequestFilter.java:116)
	at org.apache.catalina.core.ApplicationFilterChain.internalDoFilter(ApplicationFilterChain.java:164)
	at org.apache.catalina.core.ApplicationFilterChain.doFilter(ApplicationFilterChain.java:140)
	at org.apache.catalina.core.StandardWrapperValve.invoke(StandardWrapperValve.java:167)
	at org.apache.catalina.core.StandardContextValve.invoke(StandardContextValve.java:90)
	at org.apache.catalina.authenticator.AuthenticatorBase.invoke(AuthenticatorBase.java:483)
	at org.apache.catalina.core.StandardHostValve.invoke(StandardHostValve.java:116)
	at org.apache.catalina.valves.ErrorReportValve.invoke(ErrorReportValve.java:93)
	at org.apache.catalina.core.StandardEngineValve.invoke(StandardEngineValve.java:74)
	at org.apache.catalina.connector.CoyoteAdapter.service(CoyoteAdapter.java:344)
	at org.apache.coyote.http11.Http11Processor.service(Http11Processor.java:398)
	at org.apache.coyote.AbstractProcessorLight.process(AbstractProcessorLight.java:63)
	at org.apache.coyote.AbstractProtocol$ConnectionHandler.process(AbstractProtocol.java:903)
	at org.apache.tomcat.util.net.NioEndpoint$SocketProcessor.doRun(NioEndpoint.java:1769)
	at org.apache.tomcat.util.net.SocketProcessorBase.run(SocketProcessorBase.java:52)
	at org.apache.tomcat.util.threads.ThreadPoolExecutor.runWorker(ThreadPoolExecutor.java:1189)
	at org.apache.tomcat.util.threads.ThreadPoolExecutor$Worker.run(ThreadPoolExecutor.java:658)
	at org.apache.tomcat.util.threads.TaskThread$WrappingRunnable.run(TaskThread.java:63)
	at java.base/java.lang.Thread.run(Thread.java:1447)
2026-06-30 18:53:43 [http-nio-8080-exec-6] WARN  o.s.w.s.m.m.a.ExceptionHandlerExceptionResolver - Resolved [org.springframework.web.servlet.resource.NoResourceFoundException: No static resource img/placeholder.png.]
2026-06-30 18:53:43 [http-nio-8080-exec-6] TRACE o.s.web.servlet.DispatcherServlet - No view rendering, null ModelAndView returned.
2026-06-30 18:53:43 [http-nio-8080-exec-6] DEBUG o.s.web.servlet.DispatcherServlet - Completed 500 INTERNAL_SERVER_ERROR, headers={masked}
2026-06-30 18:53:43 [http-nio-8080-exec-7] TRACE o.s.web.servlet.DispatcherServlet - GET "/img/placeholder.png", parameters={}, headers={masked} in DispatcherServlet 'dispatcherServlet'
2026-06-30 18:53:43 [http-nio-8080-exec-10] TRACE o.s.web.servlet.DispatcherServlet - No view rendering, null ModelAndView returned.
2026-06-30 18:53:43 [http-nio-8080-exec-3] TRACE o.s.web.servlet.DispatcherServlet - No view rendering, null ModelAndView returned.
2026-06-30 18:53:43 [http-nio-8080-exec-10] DEBUG o.s.web.servlet.DispatcherServlet - Completed 200 OK, headers={masked}
2026-06-30 18:53:43 [http-nio-8080-exec-3] DEBUG o.s.web.servlet.DispatcherServlet - Completed 200 OK, headers={masked}
2026-06-30 18:53:43 [http-nio-8080-exec-7] ERROR c.e.tienda_tech.advice.ApiErrors - [GET /img/placeholder.png] Unhandled exception
org.springframework.web.servlet.resource.NoResourceFoundException: No static resource img/placeholder.png.
	at org.springframework.web.servlet.resource.ResourceHttpRequestHandler.handleRequest(ResourceHttpRequestHandler.java:585)
	at org.springframework.web.servlet.mvc.HttpRequestHandlerAdapter.handle(HttpRequestHandlerAdapter.java:52)
	at org.springframework.web.servlet.DispatcherServlet.doDispatch(DispatcherServlet.java:1089)
	at org.springframework.web.servlet.DispatcherServlet.doService(DispatcherServlet.java:979)
	at org.springframework.web.servlet.FrameworkServlet.processRequest(FrameworkServlet.java:1014)
	at org.springframework.web.servlet.FrameworkServlet.doGet(FrameworkServlet.java:903)
	at jakarta.servlet.http.HttpServlet.service(HttpServlet.java:564)
	at org.springframework.web.servlet.FrameworkServlet.service(FrameworkServlet.java:885)
	at jakarta.servlet.http.HttpServlet.service(HttpServlet.java:658)
	at org.apache.catalina.core.ApplicationFilterChain.internalDoFilter(ApplicationFilterChain.java:195)
	at org.apache.catalina.core.ApplicationFilterChain.doFilter(ApplicationFilterChain.java:140)
	at org.apache.tomcat.websocket.server.WsFilter.doFilter(WsFilter.java:51)
	at org.apache.catalina.core.ApplicationFilterChain.internalDoFilter(ApplicationFilterChain.java:164)
	at org.apache.catalina.core.ApplicationFilterChain.doFilter(ApplicationFilterChain.java:140)
	at org.springframework.web.filter.CompositeFilter$VirtualFilterChain.doFilter(CompositeFilter.java:108)
	at org.springframework.web.filter.CompositeFilter$VirtualFilterChain.doFilter(CompositeFilter.java:108)
	at org.springframework.security.web.FilterChainProxy.lambda$doFilterInternal$3(FilterChainProxy.java:231)
	at org.springframework.security.web.FilterChainProxy$VirtualFilterChain.doFilter(FilterChainProxy.java:365)
	at org.springframework.security.web.access.intercept.AuthorizationFilter.doFilter(AuthorizationFilter.java:101)
	at org.springframework.security.web.FilterChainProxy$VirtualFilterChain.doFilter(FilterChainProxy.java:374)
	at org.springframework.security.web.access.ExceptionTranslationFilter.doFilter(ExceptionTranslationFilter.java:125)
	at org.springframework.security.web.access.ExceptionTranslationFilter.doFilter(ExceptionTranslationFilter.java:119)
	at org.springframework.security.web.FilterChainProxy$VirtualFilterChain.doFilter(FilterChainProxy.java:374)
	at org.springframework.security.web.authentication.AnonymousAuthenticationFilter.doFilter(AnonymousAuthenticationFilter.java:100)
	at org.springframework.security.web.FilterChainProxy$VirtualFilterChain.doFilter(FilterChainProxy.java:374)
	at org.springframework.security.web.servletapi.SecurityContextHolderAwareRequestFilter.doFilter(SecurityContextHolderAwareRequestFilter.java:179)
	at org.springframework.security.web.FilterChainProxy$VirtualFilterChain.doFilter(FilterChainProxy.java:374)
	at org.springframework.security.web.savedrequest.RequestCacheAwareFilter.doFilter(RequestCacheAwareFilter.java:63)
	at org.springframework.security.web.FilterChainProxy$VirtualFilterChain.doFilter(FilterChainProxy.java:374)
	at org.springframework.security.web.authentication.logout.LogoutFilter.doFilter(LogoutFilter.java:107)
	at org.springframework.security.web.authentication.logout.LogoutFilter.doFilter(LogoutFilter.java:93)
	at org.springframework.security.web.FilterChainProxy$VirtualFilterChain.doFilter(FilterChainProxy.java:374)
	at org.springframework.web.filter.CorsFilter.doFilterInternal(CorsFilter.java:91)
	at org.springframework.web.filter.OncePerRequestFilter.doFilter(OncePerRequestFilter.java:116)
	at org.springframework.security.web.FilterChainProxy$VirtualFilterChain.doFilter(FilterChainProxy.java:374)
	at org.springframework.security.web.header.HeaderWriterFilter.doHeadersAfter(HeaderWriterFilter.java:90)
	at org.springframework.security.web.header.HeaderWriterFilter.doFilterInternal(HeaderWriterFilter.java:75)
	at org.springframework.web.filter.OncePerRequestFilter.doFilter(OncePerRequestFilter.java:116)
	at org.springframework.security.web.FilterChainProxy$VirtualFilterChain.doFilter(FilterChainProxy.java:374)
	at org.springframework.security.web.context.SecurityContextHolderFilter.doFilter(SecurityContextHolderFilter.java:82)
	at org.springframework.security.web.context.SecurityContextHolderFilter.doFilter(SecurityContextHolderFilter.java:69)
	at org.springframework.security.web.FilterChainProxy$VirtualFilterChain.doFilter(FilterChainProxy.java:374)
	at org.springframework.security.web.context.request.async.WebAsyncManagerIntegrationFilter.doFilterInternal(WebAsyncManagerIntegrationFilter.java:62)
	at org.springframework.web.filter.OncePerRequestFilter.doFilter(OncePerRequestFilter.java:116)
	at org.springframework.security.web.FilterChainProxy$VirtualFilterChain.doFilter(FilterChainProxy.java:374)
	at org.springframework.security.web.session.DisableEncodeUrlFilter.doFilterInternal(DisableEncodeUrlFilter.java:42)
	at org.springframework.web.filter.OncePerRequestFilter.doFilter(OncePerRequestFilter.java:116)
	at org.springframework.security.web.FilterChainProxy$VirtualFilterChain.doFilter(FilterChainProxy.java:374)
	at org.springframework.security.web.FilterChainProxy.doFilterInternal(FilterChainProxy.java:233)
	at org.springframework.security.web.FilterChainProxy.doFilter(FilterChainProxy.java:191)
	at org.springframework.web.filter.CompositeFilter$VirtualFilterChain.doFilter(CompositeFilter.java:113)
	at org.springframework.web.filter.ServletRequestPathFilter.doFilter(ServletRequestPathFilter.java:52)
	at org.springframework.web.filter.CompositeFilter$VirtualFilterChain.doFilter(CompositeFilter.java:113)
	at org.springframework.web.filter.CompositeFilter.doFilter(CompositeFilter.java:74)
	at org.springframework.security.config.annotation.web.configuration.WebSecurityConfiguration$CompositeFilterChainProxy.doFilter(WebSecurityConfiguration.java:319)
	at org.springframework.web.filter.CompositeFilter$VirtualFilterChain.doFilter(CompositeFilter.java:113)
	at org.springframework.web.servlet.handler.HandlerMappingIntrospector.lambda$createCacheFilter$4(HandlerMappingIntrospector.java:267)
	at org.springframework.web.filter.CompositeFilter$VirtualFilterChain.doFilter(CompositeFilter.java:113)
	at org.springframework.web.filter.CompositeFilter.doFilter(CompositeFilter.java:74)
	at org.springframework.security.config.annotation.web.configuration.WebMvcSecurityConfiguration$CompositeFilterChainProxy.doFilter(WebMvcSecurityConfiguration.java:240)
	at org.springframework.web.filter.DelegatingFilterProxy.invokeDelegate(DelegatingFilterProxy.java:362)
	at org.springframework.web.filter.DelegatingFilterProxy.doFilter(DelegatingFilterProxy.java:278)
	at org.apache.catalina.core.ApplicationFilterChain.internalDoFilter(ApplicationFilterChain.java:164)
	at org.apache.catalina.core.ApplicationFilterChain.doFilter(ApplicationFilterChain.java:140)
	at org.springframework.web.filter.RequestContextFilter.doFilterInternal(RequestContextFilter.java:100)
	at org.springframework.web.filter.OncePerRequestFilter.doFilter(OncePerRequestFilter.java:116)
	at org.apache.catalina.core.ApplicationFilterChain.internalDoFilter(ApplicationFilterChain.java:164)
	at org.apache.catalina.core.ApplicationFilterChain.doFilter(ApplicationFilterChain.java:140)
	at org.springframework.web.filter.FormContentFilter.doFilterInternal(FormContentFilter.java:93)
	at org.springframework.web.filter.OncePerRequestFilter.doFilter(OncePerRequestFilter.java:116)
	at org.apache.catalina.core.ApplicationFilterChain.internalDoFilter(ApplicationFilterChain.java:164)
	at org.apache.catalina.core.ApplicationFilterChain.doFilter(ApplicationFilterChain.java:140)
	at org.springframework.web.filter.CharacterEncodingFilter.doFilterInternal(CharacterEncodingFilter.java:201)
	at org.springframework.web.filter.OncePerRequestFilter.doFilter(OncePerRequestFilter.java:116)
	at org.apache.catalina.core.ApplicationFilterChain.internalDoFilter(ApplicationFilterChain.java:164)
	at org.apache.catalina.core.ApplicationFilterChain.doFilter(ApplicationFilterChain.java:140)
	at org.apache.catalina.core.StandardWrapperValve.invoke(StandardWrapperValve.java:167)
	at org.apache.catalina.core.StandardContextValve.invoke(StandardContextValve.java:90)
	at org.apache.catalina.authenticator.AuthenticatorBase.invoke(AuthenticatorBase.java:483)
	at org.apache.catalina.core.StandardHostValve.invoke(StandardHostValve.java:116)
	at org.apache.catalina.valves.ErrorReportValve.invoke(ErrorReportValve.java:93)
	at org.apache.catalina.core.StandardEngineValve.invoke(StandardEngineValve.java:74)
	at org.apache.catalina.connector.CoyoteAdapter.service(CoyoteAdapter.java:344)
	at org.apache.coyote.http11.Http11Processor.service(Http11Processor.java:398)
	at org.apache.coyote.AbstractProcessorLight.process(AbstractProcessorLight.java:63)
	at org.apache.coyote.AbstractProtocol$ConnectionHandler.process(AbstractProtocol.java:903)
	at org.apache.tomcat.util.net.NioEndpoint$SocketProcessor.doRun(NioEndpoint.java:1769)
	at org.apache.tomcat.util.net.SocketProcessorBase.run(SocketProcessorBase.java:52)
	at org.apache.tomcat.util.threads.ThreadPoolExecutor.runWorker(ThreadPoolExecutor.java:1189)
	at org.apache.tomcat.util.threads.ThreadPoolExecutor$Worker.run(ThreadPoolExecutor.java:658)
	at org.apache.tomcat.util.threads.TaskThread$WrappingRunnable.run(TaskThread.java:63)
	at java.base/java.lang.Thread.run(Thread.java:1447)
2026-06-30 18:53:43 [http-nio-8080-exec-7] WARN  o.s.w.s.m.m.a.ExceptionHandlerExceptionResolver - Resolved [org.springframework.web.servlet.resource.NoResourceFoundException: No static resource img/placeholder.png.]
2026-06-30 18:53:43 [http-nio-8080-exec-7] TRACE o.s.web.servlet.DispatcherServlet - No view rendering, null ModelAndView returned.
2026-06-30 18:53:43 [http-nio-8080-exec-7] DEBUG o.s.web.servlet.DispatcherServlet - Completed 500 INTERNAL_SERVER_ERROR, headers={masked}
2026-06-30 18:53:45 [http-nio-8080-exec-4] TRACE o.s.web.servlet.DispatcherServlet - GET "/pago.html", parameters={}, headers={masked} in DispatcherServlet 'dispatcherServlet'
2026-06-30 18:53:45 [http-nio-8080-exec-4] TRACE o.s.web.servlet.DispatcherServlet - No view rendering, null ModelAndView returned.
2026-06-30 18:53:45 [http-nio-8080-exec-4] DEBUG o.s.web.servlet.DispatcherServlet - Completed 200 OK, headers={masked}
2026-06-30 18:53:45 [http-nio-8080-exec-8] TRACE o.s.web.servlet.DispatcherServlet - GET "/style2.css", parameters={}, headers={masked} in DispatcherServlet 'dispatcherServlet'
2026-06-30 18:53:45 [http-nio-8080-exec-9] TRACE o.s.web.servlet.DispatcherServlet - GET "/js/auth-menu.js?v=4", parameters={masked}, headers={masked} in DispatcherServlet 'dispatcherServlet'
2026-06-30 18:53:45 [http-nio-8080-exec-8] ERROR c.e.tienda_tech.advice.ApiErrors - [GET /style2.css] Unhandled exception
org.springframework.web.servlet.resource.NoResourceFoundException: No static resource style2.css.
	at org.springframework.web.servlet.resource.ResourceHttpRequestHandler.handleRequest(ResourceHttpRequestHandler.java:585)
	at org.springframework.web.servlet.mvc.HttpRequestHandlerAdapter.handle(HttpRequestHandlerAdapter.java:52)
	at org.springframework.web.servlet.DispatcherServlet.doDispatch(DispatcherServlet.java:1089)
	at org.springframework.web.servlet.DispatcherServlet.doService(DispatcherServlet.java:979)
	at org.springframework.web.servlet.FrameworkServlet.processRequest(FrameworkServlet.java:1014)
	at org.springframework.web.servlet.FrameworkServlet.doGet(FrameworkServlet.java:903)
	at jakarta.servlet.http.HttpServlet.service(HttpServlet.java:564)
	at org.springframework.web.servlet.FrameworkServlet.service(FrameworkServlet.java:885)
	at jakarta.servlet.http.HttpServlet.service(HttpServlet.java:658)
	at org.apache.catalina.core.ApplicationFilterChain.internalDoFilter(ApplicationFilterChain.java:195)
	at org.apache.catalina.core.ApplicationFilterChain.doFilter(ApplicationFilterChain.java:140)
	at org.apache.tomcat.websocket.server.WsFilter.doFilter(WsFilter.java:51)
	at org.apache.catalina.core.ApplicationFilterChain.internalDoFilter(ApplicationFilterChain.java:164)
	at org.apache.catalina.core.ApplicationFilterChain.doFilter(ApplicationFilterChain.java:140)
	at org.springframework.web.filter.CompositeFilter$VirtualFilterChain.doFilter(CompositeFilter.java:108)
	at org.springframework.web.filter.CompositeFilter$VirtualFilterChain.doFilter(CompositeFilter.java:108)
	at org.springframework.security.web.FilterChainProxy.lambda$doFilterInternal$3(FilterChainProxy.java:231)
	at org.springframework.security.web.FilterChainProxy$VirtualFilterChain.doFilter(FilterChainProxy.java:365)
	at org.springframework.security.web.access.intercept.AuthorizationFilter.doFilter(AuthorizationFilter.java:101)
	at org.springframework.security.web.FilterChainProxy$VirtualFilterChain.doFilter(FilterChainProxy.java:374)
	at org.springframework.security.web.access.ExceptionTranslationFilter.doFilter(ExceptionTranslationFilter.java:125)
	at org.springframework.security.web.access.ExceptionTranslationFilter.doFilter(ExceptionTranslationFilter.java:119)
	at org.springframework.security.web.FilterChainProxy$VirtualFilterChain.doFilter(FilterChainProxy.java:374)
	at org.springframework.security.web.authentication.AnonymousAuthenticationFilter.doFilter(AnonymousAuthenticationFilter.java:100)
	at org.springframework.security.web.FilterChainProxy$VirtualFilterChain.doFilter(FilterChainProxy.java:374)
	at org.springframework.security.web.servletapi.SecurityContextHolderAwareRequestFilter.doFilter(SecurityContextHolderAwareRequestFilter.java:179)
	at org.springframework.security.web.FilterChainProxy$VirtualFilterChain.doFilter(FilterChainProxy.java:374)
	at org.springframework.security.web.savedrequest.RequestCacheAwareFilter.doFilter(RequestCacheAwareFilter.java:63)
	at org.springframework.security.web.FilterChainProxy$VirtualFilterChain.doFilter(FilterChainProxy.java:374)
	at org.springframework.security.web.authentication.logout.LogoutFilter.doFilter(LogoutFilter.java:107)
	at org.springframework.security.web.authentication.logout.LogoutFilter.doFilter(LogoutFilter.java:93)
	at org.springframework.security.web.FilterChainProxy$VirtualFilterChain.doFilter(FilterChainProxy.java:374)
	at org.springframework.web.filter.CorsFilter.doFilterInternal(CorsFilter.java:91)
	at org.springframework.web.filter.OncePerRequestFilter.doFilter(OncePerRequestFilter.java:116)
	at org.springframework.security.web.FilterChainProxy$VirtualFilterChain.doFilter(FilterChainProxy.java:374)
	at org.springframework.security.web.header.HeaderWriterFilter.doHeadersAfter(HeaderWriterFilter.java:90)
	at org.springframework.security.web.header.HeaderWriterFilter.doFilterInternal(HeaderWriterFilter.java:75)
	at org.springframework.web.filter.OncePerRequestFilter.doFilter(OncePerRequestFilter.java:116)
	at org.springframework.security.web.FilterChainProxy$VirtualFilterChain.doFilter(FilterChainProxy.java:374)
	at org.springframework.security.web.context.SecurityContextHolderFilter.doFilter(SecurityContextHolderFilter.java:82)
	at org.springframework.security.web.context.SecurityContextHolderFilter.doFilter(SecurityContextHolderFilter.java:69)
	at org.springframework.security.web.FilterChainProxy$VirtualFilterChain.doFilter(FilterChainProxy.java:374)
	at org.springframework.security.web.context.request.async.WebAsyncManagerIntegrationFilter.doFilterInternal(WebAsyncManagerIntegrationFilter.java:62)
	at org.springframework.web.filter.OncePerRequestFilter.doFilter(OncePerRequestFilter.java:116)
	at org.springframework.security.web.FilterChainProxy$VirtualFilterChain.doFilter(FilterChainProxy.java:374)
	at org.springframework.security.web.session.DisableEncodeUrlFilter.doFilterInternal(DisableEncodeUrlFilter.java:42)
	at org.springframework.web.filter.OncePerRequestFilter.doFilter(OncePerRequestFilter.java:116)
	at org.springframework.security.web.FilterChainProxy$VirtualFilterChain.doFilter(FilterChainProxy.java:374)
	at org.springframework.security.web.FilterChainProxy.doFilterInternal(FilterChainProxy.java:233)
	at org.springframework.security.web.FilterChainProxy.doFilter(FilterChainProxy.java:191)
	at org.springframework.web.filter.CompositeFilter$VirtualFilterChain.doFilter(CompositeFilter.java:113)
	at org.springframework.web.filter.ServletRequestPathFilter.doFilter(ServletRequestPathFilter.java:52)
	at org.springframework.web.filter.CompositeFilter$VirtualFilterChain.doFilter(CompositeFilter.java:113)
	at org.springframework.web.filter.CompositeFilter.doFilter(CompositeFilter.java:74)
	at org.springframework.security.config.annotation.web.configuration.WebSecurityConfiguration$CompositeFilterChainProxy.doFilter(WebSecurityConfiguration.java:319)
	at org.springframework.web.filter.CompositeFilter$VirtualFilterChain.doFilter(CompositeFilter.java:113)
	at org.springframework.web.servlet.handler.HandlerMappingIntrospector.lambda$createCacheFilter$4(HandlerMappingIntrospector.java:267)
	at org.springframework.web.filter.CompositeFilter$VirtualFilterChain.doFilter(CompositeFilter.java:113)
	at org.springframework.web.filter.CompositeFilter.doFilter(CompositeFilter.java:74)
	at org.springframework.security.config.annotation.web.configuration.WebMvcSecurityConfiguration$CompositeFilterChainProxy.doFilter(WebMvcSecurityConfiguration.java:240)
	at org.springframework.web.filter.DelegatingFilterProxy.invokeDelegate(DelegatingFilterProxy.java:362)
	at org.springframework.web.filter.DelegatingFilterProxy.doFilter(DelegatingFilterProxy.java:278)
	at org.apache.catalina.core.ApplicationFilterChain.internalDoFilter(ApplicationFilterChain.java:164)
	at org.apache.catalina.core.ApplicationFilterChain.doFilter(ApplicationFilterChain.java:140)
	at org.springframework.web.filter.RequestContextFilter.doFilterInternal(RequestContextFilter.java:100)
	at org.springframework.web.filter.OncePerRequestFilter.doFilter(OncePerRequestFilter.java:116)
	at org.apache.catalina.core.ApplicationFilterChain.internalDoFilter(ApplicationFilterChain.java:164)
	at org.apache.catalina.core.ApplicationFilterChain.doFilter(ApplicationFilterChain.java:140)
	at org.springframework.web.filter.FormContentFilter.doFilterInternal(FormContentFilter.java:93)
	at org.springframework.web.filter.OncePerRequestFilter.doFilter(OncePerRequestFilter.java:116)
	at org.apache.catalina.core.ApplicationFilterChain.internalDoFilter(ApplicationFilterChain.java:164)
	at org.apache.catalina.core.ApplicationFilterChain.doFilter(ApplicationFilterChain.java:140)
	at org.springframework.web.filter.CharacterEncodingFilter.doFilterInternal(CharacterEncodingFilter.java:201)
	at org.springframework.web.filter.OncePerRequestFilter.doFilter(OncePerRequestFilter.java:116)
	at org.apache.catalina.core.ApplicationFilterChain.internalDoFilter(ApplicationFilterChain.java:164)
	at org.apache.catalina.core.ApplicationFilterChain.doFilter(ApplicationFilterChain.java:140)
	at org.apache.catalina.core.StandardWrapperValve.invoke(StandardWrapperValve.java:167)
	at org.apache.catalina.core.StandardContextValve.invoke(StandardContextValve.java:90)
	at org.apache.catalina.authenticator.AuthenticatorBase.invoke(AuthenticatorBase.java:483)
	at org.apache.catalina.core.StandardHostValve.invoke(StandardHostValve.java:116)
	at org.apache.catalina.valves.ErrorReportValve.invoke(ErrorReportValve.java:93)
	at org.apache.catalina.core.StandardEngineValve.invoke(StandardEngineValve.java:74)
	at org.apache.catalina.connector.CoyoteAdapter.service(CoyoteAdapter.java:344)
	at org.apache.coyote.http11.Http11Processor.service(Http11Processor.java:398)
	at org.apache.coyote.AbstractProcessorLight.process(AbstractProcessorLight.java:63)
	at org.apache.coyote.AbstractProtocol$ConnectionHandler.process(AbstractProtocol.java:903)
	at org.apache.tomcat.util.net.NioEndpoint$SocketProcessor.doRun(NioEndpoint.java:1769)
	at org.apache.tomcat.util.net.SocketProcessorBase.run(SocketProcessorBase.java:52)
	at org.apache.tomcat.util.threads.ThreadPoolExecutor.runWorker(ThreadPoolExecutor.java:1189)
	at org.apache.tomcat.util.threads.ThreadPoolExecutor$Worker.run(ThreadPoolExecutor.java:658)
	at org.apache.tomcat.util.threads.TaskThread$WrappingRunnable.run(TaskThread.java:63)
	at java.base/java.lang.Thread.run(Thread.java:1447)
2026-06-30 18:53:45 [http-nio-8080-exec-9] TRACE o.s.web.servlet.DispatcherServlet - No view rendering, null ModelAndView returned.
2026-06-30 18:53:45 [http-nio-8080-exec-9] DEBUG o.s.web.servlet.DispatcherServlet - Completed 200 OK, headers={masked}
2026-06-30 18:53:45 [http-nio-8080-exec-8] WARN  o.s.w.s.m.m.a.ExceptionHandlerExceptionResolver - Resolved [org.springframework.web.servlet.resource.NoResourceFoundException: No static resource style2.css.]
2026-06-30 18:53:45 [http-nio-8080-exec-8] TRACE o.s.web.servlet.DispatcherServlet - No view rendering, null ModelAndView returned.
2026-06-30 18:53:45 [http-nio-8080-exec-8] DEBUG o.s.web.servlet.DispatcherServlet - Completed 500 INTERNAL_SERVER_ERROR, headers={masked}
2026-06-30 18:53:45 [http-nio-8080-exec-1] TRACE o.s.web.servlet.DispatcherServlet - GET "/api/carrito/resumen", parameters={}, headers={masked} in DispatcherServlet 'dispatcherServlet'
2026-06-30 18:53:45 [http-nio-8080-exec-1] TRACE o.s.w.s.m.m.a.RequestMappingHandlerMapping - Mapped to com.example.tienda_tech.controller.CarritoController#summary(Integer)
2026-06-30 18:53:45 [http-nio-8080-exec-1] TRACE o.s.web.servlet.DispatcherServlet - No view rendering, null ModelAndView returned.
2026-06-30 18:53:45 [http-nio-8080-exec-1] DEBUG o.s.web.servlet.DispatcherServlet - Completed 200 OK, headers={masked}
2026-06-30 18:53:45 [http-nio-8080-exec-2] TRACE o.s.web.servlet.DispatcherServlet - GET "/api/usuarios/2/direcciones?view=full", parameters={masked}, headers={masked} in DispatcherServlet 'dispatcherServlet'
2026-06-30 18:53:45 [http-nio-8080-exec-2] TRACE o.s.w.s.m.m.a.RequestMappingHandlerMapping - Mapped to com.example.tienda_tech.controller.DireccionController#listar(Integer, String)
2026-06-30 18:53:45 [http-nio-8080-exec-2] TRACE o.s.web.servlet.DispatcherServlet - No view rendering, null ModelAndView returned.
2026-06-30 18:53:45 [http-nio-8080-exec-2] DEBUG o.s.web.servlet.DispatcherServlet - Completed 200 OK, headers={masked}
2026-06-30 18:53:45 [http-nio-8080-exec-5] TRACE o.s.web.servlet.DispatcherServlet - POST "/api/pagos/paypal/create-order", parameters={}, headers={masked} in DispatcherServlet 'dispatcherServlet'
2026-06-30 18:53:45 [http-nio-8080-exec-5] TRACE o.s.w.s.m.m.a.RequestMappingHandlerMapping - Mapped to com.example.tienda_tech.controller.PaypalController#createOrder(Integer)
2026-06-30 18:53:50 [http-nio-8080-exec-5] TRACE o.s.web.servlet.DispatcherServlet - No view rendering, null ModelAndView returned.
2026-06-30 18:53:50 [http-nio-8080-exec-5] DEBUG o.s.web.servlet.DispatcherServlet - Completed 200 OK, headers={masked}
2026-06-30 18:54:20 [SpringApplicationShutdownHook] INFO  o.s.b.w.e.tomcat.GracefulShutdown - Commencing graceful shutdown. Waiting for active requests to complete
2026-06-30 18:54:20 [tomcat-shutdown] INFO  o.s.b.w.e.tomcat.GracefulShutdown - Graceful shutdown complete
2026-06-30 18:54:20 [SpringApplicationShutdownHook] INFO  o.s.o.j.LocalContainerEntityManagerFactoryBean - Closing JPA EntityManagerFactory for persistence unit 'default'
2026-06-30 18:54:20 [SpringApplicationShutdownHook] INFO  com.zaxxer.hikari.HikariDataSource - HikariPool-1 - Shutdown initiated...
2026-06-30 18:54:20 [SpringApplicationShutdownHook] INFO  com.zaxxer.hikari.HikariDataSource - HikariPool-1 - Shutdown completed.
2026-06-30 18:54:22 [background-preinit] INFO  o.h.validator.internal.util.Version - HV000001: Hibernate Validator 8.0.3.Final
2026-06-30 18:54:22 [restartedMain] INFO  c.e.t.TiendaTechApplication - Starting TiendaTechApplication using Java 24.0.2 with PID 26896 (D:\Programas\Cybersecurity\Tienda_Tech\target\classes started by usuario in D:\Programas\Cybersecurity\Tienda_Tech)
2026-06-30 18:54:22 [restartedMain] INFO  c.e.t.TiendaTechApplication - No active profile set, falling back to 1 default profile: "default"
2026-06-30 18:54:22 [restartedMain] INFO  o.s.b.d.e.DevToolsPropertyDefaultsPostProcessor - Devtools property defaults active! Set 'spring.devtools.add-properties' to 'false' to disable
2026-06-30 18:54:22 [restartedMain] INFO  o.s.b.d.e.DevToolsPropertyDefaultsPostProcessor - For additional web related logging consider setting the 'logging.level.web' property to 'DEBUG'
2026-06-30 18:54:23 [restartedMain] INFO  o.s.d.r.c.RepositoryConfigurationDelegate - Bootstrapping Spring Data JPA repositories in DEFAULT mode.
2026-06-30 18:54:23 [restartedMain] INFO  o.s.d.r.c.RepositoryConfigurationDelegate - Finished Spring Data repository scanning in 62 ms. Found 17 JPA repository interfaces.
2026-06-30 18:54:23 [restartedMain] INFO  o.s.b.w.e.tomcat.TomcatWebServer - Tomcat initialized with port 8080 (http)
2026-06-30 18:54:23 [restartedMain] INFO  o.a.coyote.http11.Http11NioProtocol - Initializing ProtocolHandler ["http-nio-8080"]
2026-06-30 18:54:23 [restartedMain] INFO  o.a.catalina.core.StandardService - Starting service [Tomcat]
2026-06-30 18:54:23 [restartedMain] INFO  o.a.catalina.core.StandardEngine - Starting Servlet engine: [Apache Tomcat/10.1.44]
2026-06-30 18:54:23 [restartedMain] INFO  o.a.c.c.C.[Tomcat].[localhost].[/] - Initializing Spring embedded WebApplicationContext
2026-06-30 18:54:23 [restartedMain] INFO  o.s.b.w.s.c.ServletWebServerApplicationContext - Root WebApplicationContext: initialization completed in 1046 ms
2026-06-30 18:54:23 [restartedMain] INFO  o.h.jpa.internal.util.LogHelper - HHH000204: Processing PersistenceUnitInfo [name: default]
2026-06-30 18:54:23 [restartedMain] INFO  org.hibernate.Version - HHH000412: Hibernate ORM core version 6.6.26.Final
2026-06-30 18:54:23 [restartedMain] INFO  o.h.c.i.RegionFactoryInitiator - HHH000026: Second-level cache disabled
2026-06-30 18:54:23 [restartedMain] INFO  o.s.o.j.p.SpringPersistenceUnitInfo - No LoadTimeWeaver setup: ignoring JPA class transformer
2026-06-30 18:54:23 [restartedMain] INFO  com.zaxxer.hikari.HikariDataSource - HikariPool-1 - Starting...
2026-06-30 18:54:24 [restartedMain] INFO  com.zaxxer.hikari.pool.HikariPool - HikariPool-1 - Added connection org.postgresql.jdbc.PgConnection@7d8a6720
2026-06-30 18:54:24 [restartedMain] INFO  com.zaxxer.hikari.HikariDataSource - HikariPool-1 - Start completed.
2026-06-30 18:54:24 [restartedMain] INFO  o.hibernate.orm.connections.pooling - HHH10001005: Database info:
	Database JDBC URL [Connecting through datasource 'HikariDataSource (HikariPool-1)']
	Database driver: undefined/unknown
	Database version: 18.1
	Autocommit mode: undefined/unknown
	Isolation level: undefined/unknown
	Minimum pool size: undefined/unknown
	Maximum pool size: undefined/unknown
2026-06-30 18:54:25 [restartedMain] INFO  o.h.e.t.j.p.i.JtaPlatformInitiator - HHH000489: No JTA platform available (set 'hibernate.transaction.jta.platform' to enable JTA platform integration)
2026-06-30 18:54:25 [restartedMain] INFO  o.s.o.j.LocalContainerEntityManagerFactoryBean - Initialized JPA EntityManagerFactory for persistence unit 'default'
2026-06-30 18:54:25 [restartedMain] INFO  o.s.d.j.r.query.QueryEnhancerFactory - Hibernate is in classpath; If applicable, HQL parser will be used.
2026-06-30 18:54:25 [restartedMain] INFO  c.e.tienda_tech.security.JwtConfig - JWT secret cargada (88 chars).
2026-06-30 18:54:25 [restartedMain] WARN  o.s.b.a.o.j.JpaBaseConfiguration$JpaWebConfiguration - spring.jpa.open-in-view is enabled by default. Therefore, database queries may be performed during view rendering. Explicitly configure spring.jpa.open-in-view to disable this warning
2026-06-30 18:54:25 [restartedMain] INFO  o.s.b.a.w.s.WelcomePageHandlerMapping - Adding welcome page: class path resource [static/index.html]
2026-06-30 18:54:25 [restartedMain] TRACE o.s.w.s.m.m.a.RequestMappingHandlerMapping - 
	c.e.t.c.AlmacenamientoController:
	{POST [/api/productos/almacenamientos]}: crear(AlmacenamientoCreateRequest)
2026-06-30 18:54:25 [restartedMain] TRACE o.s.w.s.m.m.a.RequestMappingHandlerMapping - 
	c.e.t.c.a.AuditoriaController:
	{GET [/api/auditorias/productos]}: productos(String,Integer,LocalDate,LocalDate)
	{GET [/api/auditorias/usuario]}: porUsuario(String,LocalDate,LocalDate)
	{GET [/api/auditorias/movimientos]}: movimientos(String,Integer,LocalDate,LocalDate)
	{GET [/api/auditorias/usuarios]}: listarUsuarios()
2026-06-30 18:54:25 [restartedMain] TRACE o.s.w.s.m.m.a.RequestMappingHandlerMapping - 
	c.e.t.c.a.AuditoriaLoginController:
	{GET [/api/auditoria/logins]}: logins(String,LocalDate,LocalDate)
	{GET [/api/auditoria/usuariosL]}: usuariosAuditoria()
2026-06-30 18:54:25 [restartedMain] TRACE o.s.w.s.m.m.a.RequestMappingHandlerMapping - 
	c.e.t.c.a.AuthController:
	{POST [/auth/refresh]}: refresh(String,HttpServletResponse)
	{POST [/auth/logout]}: logout(String,HttpServletResponse)
	{POST [/auth/login]}: login(Map,HttpServletResponse)
	{POST [/auth/keepalive]}: keepalive(String,HttpServletResponse)
2026-06-30 18:54:25 [restartedMain] TRACE o.s.w.s.m.m.a.RequestMappingHandlerMapping - 
	c.e.t.c.AvatarController:
	{POST [/api/usuarios/{id}/avatar], consumes [multipart/form-data]}: uploadAvatar(Integer,MultipartFile)
	{DELETE [/api/usuarios/{id}/avatar]}: removeAvatar(Integer)
2026-06-30 18:54:25 [restartedMain] TRACE o.s.w.s.m.m.a.RequestMappingHandlerMapping - 
	c.e.t.c.BusquedaController:
	{GET [/api/busqueda/categoria/{categoriaId}]}: porCategoria(Integer,Integer)
2026-06-30 18:54:25 [restartedMain] TRACE o.s.w.s.m.m.a.RequestMappingHandlerMapping - 
	c.e.t.c.CarritoController:
	{DELETE [/api/carrito/items/{productoId}]}: remove(Integer,Integer)
	{GET [/api/carrito/items]}: list(Integer)
	{POST [/api/carrito/agregar]}: addItemAlias(Integer,CarritoAddReq)
	{POST [/api/carrito/items]}: addItem(Integer,CarritoAddReq)
	{GET [/api/carrito/resumen]}: summary(Integer)
	{PATCH [/api/carrito/items/{productoId}]}: setQty(Integer,Integer,Map)
2026-06-30 18:54:25 [restartedMain] TRACE o.s.w.s.m.m.a.RequestMappingHandlerMapping - 
	c.e.t.c.CategoriaController:
	{GET [/api/categorias]}: listar()
2026-06-30 18:54:25 [restartedMain] TRACE o.s.w.s.m.m.a.RequestMappingHandlerMapping - 
	c.e.t.c.CiudadController:
	{POST [/api/ciudades]}: crear(CiudadDTO)
	{DELETE [/api/ciudades/{id}]}: eliminar(Short)
	{PUT [/api/ciudades/{id}]}: actualizar(Short,CiudadDTO)
	{GET [/api/ciudades]}: listar()
2026-06-30 18:54:25 [restartedMain] TRACE o.s.w.s.m.m.a.RequestMappingHandlerMapping - 
	c.e.t.c.DireccionController:
	{POST [/api/usuarios/{usuarioId}/direcciones], consumes [application/json]}: crear(Integer,DireccionDTO)
	{DELETE [/api/usuarios/{usuarioId}/direcciones/{direccionId}]}: eliminar(Integer,Short)
	{PUT [/api/usuarios/{usuarioId}/direcciones/{direccionId}], consumes [application/json]}: actualizar(Integer,Short,DireccionDTO)
	{GET [/api/usuarios/{usuarioId}/direcciones]}: listar(Integer,String)
2026-06-30 18:54:25 [restartedMain] TRACE o.s.w.s.m.m.a.RequestMappingHandlerMapping - 
	c.e.t.c.EncuestaAdminController:
	{GET [/api/encuesta]}: get()
	{PUT [/api/encuesta]}: update(EncuestaUpdate)
	{DELETE [/api/encuesta/reglas/{key}/{valor}/{categoria}]}: deleteRegla(String,String,String)
	{POST [/api/encuesta/reglas]}: upsertRegla(ReglaUpsert)
	{DELETE [/api/encuesta/opciones/{key}/{valor}]}: deleteOpcion(String,String)
	{DELETE [/api/encuesta/preguntas/{key}]}: deletePregunta(String)
	{POST [/api/encuesta/preguntas]}: upsertPregunta(PreguntaUpsert)
	{POST [/api/encuesta/opciones]}: upsertOpcion(OpcionUpsert)
2026-06-30 18:54:25 [restartedMain] TRACE o.s.w.s.m.m.a.RequestMappingHandlerMapping - 
	c.e.t.c.FacturaController:
	{GET [/api/facturas/{id}]}: get(Integer)
	{GET [/api/facturas/{id}/pdf], produces [application/pdf]}: pdf(Integer)
2026-06-30 18:54:25 [restartedMain] TRACE o.s.w.s.m.m.a.RequestMappingHandlerMapping - 
	c.e.t.c.FaviconController:
	{ [/favicon.ico]}: favicon()
2026-06-30 18:54:25 [restartedMain] TRACE o.s.w.s.m.m.a.RequestMappingHandlerMapping - 
	c.e.t.c.GaleriaBatchFlagsController:
	{PATCH [/api/galeria/flags]}: flags(List)
2026-06-30 18:54:25 [restartedMain] TRACE o.s.w.s.m.m.a.RequestMappingHandlerMapping - 
	c.e.t.c.GaleriaCompatController:
	{GET [/api/galeria/{galeriaId}/contenido]}: contenidoLegacy(Integer)
	{HEAD [/api/galeria/{galeriaId}/contenido]}: headLegacy(Integer)
2026-06-30 18:54:25 [restartedMain] TRACE o.s.w.s.m.m.a.RequestMappingHandlerMapping - 
	c.e.t.c.GaleriaCompatProductosV2Controller:
	{GET [/api/productos/{productoId}/galeria/lista]}: listar(int,String)
	{POST [/api/productos/{productoId}/galeria], consumes [application/json]}: subirJson(int,List)
	{POST [/api/productos/{productoId}/galeria/reordenar]}: reordenar(int,ReordenarVistaReq)
	{POST [/api/productos/{productoId}/galeria/{galeriaId}/portada]}: portada(int,int)
2026-06-30 18:54:25 [restartedMain] TRACE o.s.w.s.m.m.a.RequestMappingHandlerMapping - 
	c.e.t.c.GaleriaImageController:
	{GET [/api/galeria/img/{galeriaId}]}: img(int)
2026-06-30 18:54:25 [restartedMain] TRACE o.s.w.s.m.m.a.RequestMappingHandlerMapping - 
	c.e.t.c.GaleriaMediaController:
	{GET [/api/galeria/{galeriaId}/media]}: media(int)
2026-06-30 18:54:25 [restartedMain] TRACE o.s.w.s.m.m.a.RequestMappingHandlerMapping - 
	c.e.t.c.GaleriaMenuController:
	{GET [/api/galeria/api/galeria-menu/{id}/contenido]}: contenidoMenu(Long)
2026-06-30 18:54:25 [restartedMain] TRACE o.s.w.s.m.m.a.RequestMappingHandlerMapping - 
	c.e.t.c.GaleriaV2Controller:
	{PATCH [/api/galeria_v2/{galeriaId}/flags]}: flags(Integer,FlagsDto)
	{GET [/api/galeria_v2/img/{galeriaId}]}: obtenerImagen(Integer)
	{DELETE [/api/galeria_v2/{galeriaId}]}: eliminar(Integer)
	{POST [/api/galeria_v2], consumes [multipart/form-data]}: agregar(Integer,MultipartFile,String,Boolean,Boolean,Boolean,Integer,Integer,Integer,Integer)
	{GET [/api/galeria_v2/producto/{productoId}]}: listar(Integer,String)
	{HEAD [/api/galeria_v2/img/{galeriaId}]}: headImagen(Integer)
	{PUT [/api/galeria_v2/{productoId}/reordenar]}: reordenar(Integer,String,ReordenarReq)
	{PUT [/api/galeria_v2/{galeriaId}/portada]}: portada(Integer,PortadaReq)
2026-06-30 18:54:25 [restartedMain] TRACE o.s.w.s.m.m.a.RequestMappingHandlerMapping - 
	c.e.t.c.HomeController:
	{GET [/api/productos/recientes-menu], produces [application/json]}: recientesMenu(int)
2026-06-30 18:54:25 [restartedMain] TRACE o.s.w.s.m.m.a.RequestMappingHandlerMapping - 
	c.e.t.c.LoginController:
	{POST [/api/login]}: login(Map)
	{POST [/api/login/mfa]}: verificarMfa(Map)
2026-06-30 18:54:25 [restartedMain] TRACE o.s.w.s.m.m.a.RequestMappingHandlerMapping - 
	c.e.t.c.MetodoPagoController:
	{POST [/api/mis-metodos-pago]}: crear(MetodoPagoDTO,HttpServletRequest)
	{DELETE [/api/mis-metodos-pago/{metodoId}]}: eliminar(Integer,HttpServletRequest)
	{GET [/api/mis-metodos-pago]}: listar(HttpServletRequest)
	{GET [/api/tipo_metodopago]}: tipos()
2026-06-30 18:54:25 [restartedMain] TRACE o.s.w.s.m.m.a.RequestMappingHandlerMapping - 
	c.e.t.c.MovimientoInventarioController:
	{GET [/api/movimientos]}: listar()
2026-06-30 18:54:25 [restartedMain] TRACE o.s.w.s.m.m.a.RequestMappingHandlerMapping - 
	c.e.t.c.OtpController:
	{POST [/api/otp]}: manejar(Map)
	{POST [/api/otp/recuperar-password]}: recuperarPassword(Map)
2026-06-30 18:54:25 [restartedMain] TRACE o.s.w.s.m.m.a.RequestMappingHandlerMapping - 
	c.e.t.c.PaypalController:
	{POST [/api/pagos/paypal/capture/{orderId}]}: capturePath(Integer,String,CaptureReq)
	{POST [/api/pagos/paypal/create-order]}: createOrder(Integer)
	{POST [/api/pagos/paypal/capture]}: captureBody(Integer,CaptureReq)
2026-06-30 18:54:25 [restartedMain] TRACE o.s.w.s.m.m.a.RequestMappingHandlerMapping - 
	c.e.t.c.ProductoBusquedaController:
	{POST [/api/productos/buscar]}: buscar(Map)
2026-06-30 18:54:25 [restartedMain] TRACE o.s.w.s.m.m.a.RequestMappingHandlerMapping - 
	c.e.t.c.ProductoController:
	{GET [/api/productos]}: listar(Pageable)
	{GET [/api/productos/mas-vendidos]}: masVendidos(int)
2026-06-30 18:54:25 [restartedMain] TRACE o.s.w.s.m.m.a.RequestMappingHandlerMapping - 
	c.e.t.c.ProductoQueryController:
	{GET [/api/productos/{id}]}: detalle(Integer,Integer)
	{GET [/api/productos/por-categoria]}: porCategoria(Integer,Integer)
2026-06-30 18:54:25 [restartedMain] TRACE o.s.w.s.m.m.a.RequestMappingHandlerMapping - 
	c.e.t.c.ProductoSpController:
	{POST [/api/sp/cpu]}: crearCpu(CpuCreateRequest,String)
	{POST [/api/sp/gpu]}: crearGpu(GpuCreateRequest,String)
	{POST [/api/sp/ram]}: crearRam(RamCreateRequest,String)
	{GET [/api/sp/ivas]}: getIvas()
	{POST [/api/sp/cpu-cooler]}: crearCpuCooler(CpuCoolerCreateRequest,String)
	{POST [/api/sp/cubiertas]}: crearCubierta(CubiertaCreateRequest,String)
	{POST [/api/sp/almacenamientos]}: crearAlmacenamiento(AlmacenamientoCreateRequest,String)
	{PUT [/api/sp/productos/{id}/basico]}: actualizarBasico(Integer,ProductoUpdateBasicoRequest,String)
	{GET [/api/sp/productos/{id}/editar]}: getDetalleEditar(Integer)
	{POST [/api/sp/perifericos]}: crearPeriferico(PerifericoCreateRequest,String)
	{POST [/api/sp/motherboards]}: crearMotherboard(MotherboardCreateRequest,String)
	{DELETE [/api/sp/productos/{id}]}: eliminarProducto(Integer,String)
	{POST [/api/sp/fuentes]}: crearFuente(FuenteCreateRequest,String)
2026-06-30 18:54:25 [restartedMain] TRACE o.s.w.s.m.m.a.RequestMappingHandlerMapping - 
	c.e.t.c.ProvinciaController:
	{POST [/api/provincias]}: crear(ProvinciaDTO)
	{DELETE [/api/provincias/{id}]}: eliminar(Long)
	{PUT [/api/provincias/{id}]}: actualizar(Long,ProvinciaDTO)
	{GET [/api/provincias]}: listar()
2026-06-30 18:54:25 [restartedMain] TRACE o.s.w.s.m.m.a.RequestMappingHandlerMapping - 
	c.e.t.c.RecuperarPasswordController:
	{POST [/api/usuarios/recuperar-password]}: recuperar(Map)
2026-06-30 18:54:25 [restartedMain] TRACE o.s.w.s.m.m.a.RequestMappingHandlerMapping - 
	c.e.t.c.SeguridadController:
	{POST [/api/seguridad/cambiar-password-token]}: cambiarPasswordToken(ChangePwdTokenReq)
	{POST [/api/seguridad/cambiar-password]}: cambiarPassword(HttpServletRequest,ChangePwdReq)
2026-06-30 18:54:25 [restartedMain] TRACE o.s.w.s.m.m.a.RequestMappingHandlerMapping - 
	c.e.t.c.SiemController:
	{GET [/api/siem/events]}: getEvents()
	{POST [/api/siem/clear]}: clearEvents()
2026-06-30 18:54:25 [restartedMain] TRACE o.s.w.s.m.m.a.RequestMappingHandlerMapping - 
	c.e.t.c.SpMovimientoController:
	{POST [/api/sp/movimiento-inventario]}: movimientoInventario(Object,String)
2026-06-30 18:54:25 [restartedMain] TRACE o.s.w.s.m.m.a.RequestMappingHandlerMapping - 
	c.e.t.c.SubtipoMovimientoController:
	{GET [/api/subtipos-movimiento]}: listar(Integer)
2026-06-30 18:54:25 [restartedMain] TRACE o.s.w.s.m.m.a.RequestMappingHandlerMapping - 
	c.e.t.c.SugerenciaController:
	{POST [/api/sugerencias/generar]}: generar(Map)
2026-06-30 18:54:25 [restartedMain] TRACE o.s.w.s.m.m.a.RequestMappingHandlerMapping - 
	c.e.t.c.SugerenciasController:
	{GET [/api/sugerencias/{id}]}: get(Integer)
	{GET [/api/usuarios/{usuarioId}/sugerencias/ultima]}: last(Integer)
	{GET [/api/usuarios/{usuarioId}/sugerencias]}: list(Integer,Integer,Integer)
	{DELETE [/api/sugerencias/{id}]}: delete(Integer)
	{POST [/api/sugerencias]}: crear(SugerenciaCreate)
	{PUT [/api/sugerencias/{id}]}: actualizar(Integer,SugerenciaUpdate)
	{POST [/api/sugerencias/full]}: crearFull(Map)
	{POST [/api/sugerencias/{id}:toggle]}: toggle(Integer,ToggleBody)
2026-06-30 18:54:25 [restartedMain] TRACE o.s.w.s.m.m.a.RequestMappingHandlerMapping - 
	c.e.t.c.UsuarioController:
	{GET [/api/usuarios/api/usuarios/me]}: me(HttpServletRequest)
	{GET [/api/usuarios/buscar]}: buscarPorUsuario(String,Integer,int)
	{POST [/api/usuarios/crear]}: crearCliente(UsuarioDTO)
	{DELETE [/api/usuarios/admin/{id}]}: deshabilitarAdmin(Integer,Integer)
	{PUT [/api/usuarios/admin/{id}]}: actualizarAdmin(Integer,Integer,ClienteUpdateRequest)
	{POST [/api/usuarios/crear-usuario || /api/usuarios/crear_usuario]}: crearUsuario(UsuarioDTO)
	{POST [/api/usuarios/crear-usuarioAdmin]}: crearAdminOTrabajador(UsuarioDTO)
	{PUT [/api/usuarios/cliente/{id}]}: actualizarCliente(Integer,ClienteUpdateRequest)
	{GET [/api/usuarios/buscar-min]}: buscarMin(String,Integer,int)
2026-06-30 18:54:25 [restartedMain] TRACE o.s.w.s.m.m.a.RequestMappingHandlerMapping - 
	c.e.t.r.c.ReportController:
	{GET [/api/report/kardex/pdf], produces [application/pdf]}: kardexPdf(String,String,Integer,boolean)
	{GET [/api/report/usuarios/pdf], produces [application/pdf]}: usersPdf(boolean)
	{GET [/api/report/general/pdf], produces [application/pdf]}: generalAll(boolean)
	{GET [/api/report/ordenes/pdf], produces [application/pdf]}: ordersPdf(String,String,boolean)
	{GET [/api/report/roles/pdf], produces [application/pdf]}: rolesPdf(boolean)
	{GET [/api/report/ciudades/pdf], produces [application/pdf]}: citiesPdf(boolean)
	{GET [/api/report/admin/pdf], produces [application/pdf]}: adminPdf(String,String,boolean)
	{GET [/api/report/stock-bajo/pdf], produces [application/pdf]}: lowStockPdf(int,boolean)
	{GET [/api/report/ventas-producto/pdf], produces [application/pdf]}: salesByProductPdf(String,String,boolean)
	{GET [/api/report/metodos-pago/pdf], produces [application/pdf]}: paymentMethodsPdf(boolean)
	{GET [/api/report/general/pdf-range], produces [application/pdf]}: generalByDate(String,String,boolean)
	{GET [/api/report/productos/pdf], produces [application/pdf]}: productsPdf(boolean)
	{GET [/api/report/provincias/pdf], produces [application/pdf]}: provincesPdf(boolean)
2026-06-30 18:54:25 [restartedMain] TRACE o.s.w.s.m.m.a.RequestMappingHandlerMapping - 
	o.s.b.a.w.s.e.BasicErrorController:
	{ [/error]}: error(HttpServletRequest)
	{ [/error], produces [text/html]}: errorHtml(HttpServletRequest,HttpServletResponse)
2026-06-30 18:54:25 [restartedMain] DEBUG o.s.w.s.m.m.a.RequestMappingHandlerMapping - 133 mappings in 'requestMappingHandlerMapping'
2026-06-30 18:54:25 [restartedMain] WARN  o.s.b.a.s.s.UserDetailsServiceAutoConfiguration - 

Using generated security password: dc78dd5c-3494-4eb7-89eb-b75493107f9a

This generated password is for development use only. Your security configuration must be updated before running your application in production.

2026-06-30 18:54:25 [restartedMain] INFO  o.s.s.c.a.a.c.InitializeUserDetailsBeanManagerConfigurer$InitializeUserDetailsManagerConfigurer - Global AuthenticationManager configured with UserDetailsService bean with name inMemoryUserDetailsManager
2026-06-30 18:54:26 [restartedMain] INFO  o.s.b.d.a.OptionalLiveReloadServer - LiveReload server is running on port 35729
2026-06-30 18:54:26 [restartedMain] INFO  o.a.coyote.http11.Http11NioProtocol - Starting ProtocolHandler ["http-nio-8080"]
2026-06-30 18:54:26 [restartedMain] INFO  o.s.b.w.e.tomcat.TomcatWebServer - Tomcat started on port 8080 (http) with context path '/'
2026-06-30 18:54:26 [restartedMain] INFO  c.e.t.TiendaTechApplication - Started TiendaTechApplication in 4.15 seconds (process running for 4.762)
2026-06-30 18:54:28 [http-nio-8080-exec-1] INFO  o.a.c.c.C.[Tomcat].[localhost].[/] - Initializing Spring DispatcherServlet 'dispatcherServlet'
2026-06-30 18:54:28 [http-nio-8080-exec-1] INFO  o.s.web.servlet.DispatcherServlet - Initializing Servlet 'dispatcherServlet'
2026-06-30 18:54:28 [http-nio-8080-exec-1] TRACE o.s.web.servlet.DispatcherServlet - Detected org.springframework.web.multipart.support.StandardServletMultipartResolver@44729cfe
2026-06-30 18:54:28 [http-nio-8080-exec-1] TRACE o.s.web.servlet.DispatcherServlet - Detected org.springframework.web.servlet.i18n.AcceptHeaderLocaleResolver@6be40b68
2026-06-30 18:54:28 [http-nio-8080-exec-1] TRACE o.s.web.servlet.DispatcherServlet - Detected org.springframework.web.servlet.theme.FixedThemeResolver@4754fbfc
2026-06-30 18:54:28 [http-nio-8080-exec-1] TRACE o.s.web.servlet.DispatcherServlet - Detected DefaultRequestToViewNameTranslator
2026-06-30 18:54:28 [http-nio-8080-exec-1] TRACE o.s.web.servlet.DispatcherServlet - Detected SessionFlashMapManager
2026-06-30 18:54:28 [http-nio-8080-exec-1] DEBUG o.s.web.servlet.DispatcherServlet - enableLoggingRequestDetails='false': request parameters and headers will be masked to prevent unsafe logging of potentially sensitive data
2026-06-30 18:54:28 [http-nio-8080-exec-1] INFO  o.s.web.servlet.DispatcherServlet - Completed initialization in 1 ms
2026-06-30 18:54:28 [http-nio-8080-exec-1] TRACE o.s.web.servlet.DispatcherServlet - GET "/pago.html", parameters={}, headers={masked} in DispatcherServlet 'dispatcherServlet'
2026-06-30 18:54:28 [http-nio-8080-exec-1] TRACE o.s.web.servlet.DispatcherServlet - No view rendering, null ModelAndView returned.
2026-06-30 18:54:28 [http-nio-8080-exec-1] DEBUG o.s.web.servlet.DispatcherServlet - Completed 200 OK, headers={masked}
2026-06-30 18:54:28 [http-nio-8080-exec-3] TRACE o.s.web.servlet.DispatcherServlet - GET "/css/style2.css", parameters={}, headers={masked} in DispatcherServlet 'dispatcherServlet'
2026-06-30 18:54:28 [http-nio-8080-exec-3] TRACE o.s.web.servlet.DispatcherServlet - No view rendering, null ModelAndView returned.
2026-06-30 18:54:28 [http-nio-8080-exec-3] DEBUG o.s.web.servlet.DispatcherServlet - Completed 200 OK, headers={masked}
2026-06-30 18:54:28 [http-nio-8080-exec-4] TRACE o.s.web.servlet.DispatcherServlet - GET "/js/auth-menu.js?v=4", parameters={masked}, headers={masked} in DispatcherServlet 'dispatcherServlet'
2026-06-30 18:54:28 [http-nio-8080-exec-4] TRACE o.s.web.servlet.DispatcherServlet - No view rendering, null ModelAndView returned.
2026-06-30 18:54:28 [http-nio-8080-exec-4] DEBUG o.s.web.servlet.DispatcherServlet - Completed 200 OK, headers={masked}
2026-06-30 18:54:28 [http-nio-8080-exec-2] TRACE o.s.web.servlet.DispatcherServlet - GET "/api/carrito/resumen", parameters={}, headers={masked} in DispatcherServlet 'dispatcherServlet'
2026-06-30 18:54:28 [http-nio-8080-exec-2] TRACE o.s.w.s.m.m.a.RequestMappingHandlerMapping - Mapped to com.example.tienda_tech.controller.CarritoController#summary(Integer)
2026-06-30 18:54:28 [http-nio-8080-exec-2] TRACE o.s.web.servlet.DispatcherServlet - No view rendering, null ModelAndView returned.
2026-06-30 18:54:28 [http-nio-8080-exec-2] DEBUG o.s.web.servlet.DispatcherServlet - Completed 200 OK, headers={masked}
2026-06-30 18:54:28 [http-nio-8080-exec-5] TRACE o.s.web.servlet.DispatcherServlet - GET "/api/usuarios/2/direcciones?view=full", parameters={masked}, headers={masked} in DispatcherServlet 'dispatcherServlet'
2026-06-30 18:54:28 [http-nio-8080-exec-5] TRACE o.s.w.s.m.m.a.RequestMappingHandlerMapping - Mapped to com.example.tienda_tech.controller.DireccionController#listar(Integer, String)
2026-06-30 18:54:28 [http-nio-8080-exec-5] TRACE o.s.web.servlet.DispatcherServlet - No view rendering, null ModelAndView returned.
2026-06-30 18:54:28 [http-nio-8080-exec-5] DEBUG o.s.web.servlet.DispatcherServlet - Completed 200 OK, headers={masked}
2026-06-30 18:54:28 [http-nio-8080-exec-6] TRACE o.s.web.servlet.DispatcherServlet - POST "/api/pagos/paypal/create-order", parameters={}, headers={masked} in DispatcherServlet 'dispatcherServlet'
2026-06-30 18:54:28 [http-nio-8080-exec-6] TRACE o.s.w.s.m.m.a.RequestMappingHandlerMapping - Mapped to com.example.tienda_tech.controller.PaypalController#createOrder(Integer)
2026-06-30 18:54:32 [http-nio-8080-exec-6] TRACE o.s.web.servlet.DispatcherServlet - No view rendering, null ModelAndView returned.
2026-06-30 18:54:32 [http-nio-8080-exec-6] DEBUG o.s.web.servlet.DispatcherServlet - Completed 200 OK, headers={masked}
2026-06-30 20:01:27 [SpringApplicationShutdownHook] INFO  o.s.b.w.e.tomcat.GracefulShutdown - Commencing graceful shutdown. Waiting for active requests to complete
2026-06-30 20:01:27 [tomcat-shutdown] INFO  o.s.b.w.e.tomcat.GracefulShutdown - Graceful shutdown complete
2026-06-30 20:01:27 [SpringApplicationShutdownHook] INFO  o.s.o.j.LocalContainerEntityManagerFactoryBean - Closing JPA EntityManagerFactory for persistence unit 'default'
2026-06-30 20:01:27 [SpringApplicationShutdownHook] INFO  com.zaxxer.hikari.HikariDataSource - HikariPool-1 - Shutdown initiated...
2026-06-30 20:01:27 [SpringApplicationShutdownHook] INFO  com.zaxxer.hikari.HikariDataSource - HikariPool-1 - Shutdown completed.
